date,team,elo_mu,elo_std
2024-03-20T10:05:00Z,San Diego Padres,1499.974927783891,1632.993161855452
2024-03-20T10:05:00Z,Los Angeles Dodgers,1500.025072216109,1632.993161855452
2024-03-21T10:05:00Z,Los Angeles Dodgers,1499.9999833367856,1333.3333333333333
2024-03-21T10:05:00Z,San Diego Padres,1500.0000166632144,1333.3333333333333
2024-03-28T19:05:00Z,Baltimore Orioles,1500.0249277838911,1632.993161855452
2024-03-28T19:05:00Z,Los Angeles Angels,1499.9750722161089,1632.993161855452
2024-03-28T20:10:00Z,Cincinnati Reds,1500.0249277838911,1632.993161855452
2024-03-28T20:10:00Z,Washington Nationals,1499.9750722161089,1632.993161855452
2024-03-28T20:10:00Z,San Diego Padres,1500.0153489853485,1165.9661762602748
2024-03-28T20:10:00Z,San Francisco Giants,1499.965502275198,1537.412229571615
2024-03-28T20:10:00Z,Los Angeles Dodgers,1500.01531565909,1165.9661762602748
2024-03-28T20:10:00Z,St. Louis Cardinals,1499.9655022748152,1537.412229571615
2024-03-28T20:10:00Z,Tampa Bay Rays,1499.974927783891,1632.993161855452
2024-03-28T20:10:00Z,Toronto Blue Jays,1500.025072216109,1632.993161855452
2024-03-28T20:10:00Z,Kansas City Royals,1499.974927783891,1632.993161855452
2024-03-28T20:10:00Z,Minnesota Twins,1500.025072216109,1632.993161855452
2024-03-28T20:10:00Z,Chicago White Sox,1499.974927783891,1632.993161855452
2024-03-28T20:10:00Z,Detroit Tigers,1500.025072216109,1632.993161855452
2024-03-28T20:10:00Z,Miami Marlins,1499.974927783891,1632.993161855452
2024-03-28T20:10:00Z,Pittsburgh Pirates,1500.025072216109,1632.993161855452
2024-03-28T20:10:00Z,Houston Astros,1499.974927783891,1632.993161855452
2024-03-28T20:10:00Z,New York Yankees,1500.025072216109,1632.993161855452
2024-03-28T23:35:00Z,Texas Rangers,1500.0249277838911,1632.993161855452
2024-03-28T23:35:00Z,Chicago Cubs,1499.9750722161089,1632.993161855452
2024-03-29T02:07:00Z,Oakland Athletics,1499.974927783891,1632.993161855452
2024-03-29T02:07:00Z,Cleveland Guardians,1500.025072216109,1632.993161855452
2024-03-29T02:10:00Z,Arizona Diamondbacks,1500.0249277838911,1632.993161855452
2024-03-29T02:10:00Z,Colorado Rockies,1499.9750722161089,1632.993161855452
2024-03-29T02:10:00Z,Seattle Mariners,1499.974927783891,1632.993161855452
2024-03-29T02:10:00Z,Boston Red Sox,1500.025072216109,1632.993161855452
2024-03-29T17:40:00Z,New York Mets,1499.974927783891,1632.993161855452
2024-03-29T17:40:00Z,Milwaukee Brewers,1500.025072216109,1632.993161855452
2024-03-29T19:05:00Z,Philadelphia Phillies,1499.974927783891,1632.993161855452
2024-03-29T19:05:00Z,Atlanta Braves,1500.025072216109,1632.993161855452
2024-03-29T22:50:00Z,Tampa Bay Rays,1499.9998397707895,1333.3333333333333
2024-03-29T22:50:00Z,Toronto Blue Jays,1500.0001602292105,1333.3333333333333
2024-03-29T23:10:00Z,Miami Marlins,1499.9498397707894,1333.3333333333333
2024-03-29T23:10:00Z,Pittsburgh Pirates,1500.0501602292106,1333.3333333333333
2024-03-30T00:10:00Z,Houston Astros,1499.9498397707894,1333.3333333333333
2024-03-30T00:10:00Z,New York Yankees,1500.0501602292106,1333.3333333333333
2024-03-30T01:40:00Z,Arizona Diamondbacks,1500.0498389070628,1333.3333333333333
2024-03-30T01:40:00Z,Colorado Rockies,1499.9501610929372,1333.3333333333333
2024-03-30T01:40:00Z,Oakland Athletics,1499.9498397707894,1333.3333333333333
2024-03-30T01:40:00Z,Cleveland Guardians,1500.0501602292106,1333.3333333333333
2024-03-30T01:40:00Z,Seattle Mariners,1499.9998397707895,1333.3333333333333
2024-03-30T01:40:00Z,Boston Red Sox,1500.0001602292105,1333.3333333333333
2024-03-30T01:40:00Z,San Diego Padres,1499.9970140403268,997.9218329027101
2024-03-30T01:40:00Z,San Francisco Giants,1499.9973800773382,1202.4049121161831
2024-03-30T02:10:00Z,Los Angeles Dodgers,1500.0334952371413,997.9218329027101
2024-03-30T02:10:00Z,St. Louis Cardinals,1499.9338945993395,1202.4049121161831
2024-03-30T17:40:00Z,New York Mets,1499.9498397707894,1333.3333333333333
2024-03-30T17:40:00Z,Milwaukee Brewers,1500.0501602292106,1333.3333333333333
2024-03-30T18:10:00Z,Chicago White Sox,1499.9498397707894,1333.3333333333333
2024-03-30T18:10:00Z,Detroit Tigers,1500.0501602292106,1333.3333333333333
2024-03-30T20:05:00Z,Baltimore Orioles,1500.0498389070628,1333.3333333333333
2024-03-30T20:05:00Z,Los Angeles Angels,1499.9501610929372,1333.3333333333333
2024-03-30T20:05:00Z,Philadelphia Phillies,1499.9498397707894,1333.3333333333333
2024-03-30T20:05:00Z,Atlanta Braves,1500.0501602292106,1333.3333333333333
2024-03-30T20:07:00Z,Oakland Athletics,1499.9247325081517,1088.6621079036347
2024-03-30T20:07:00Z,Cleveland Guardians,1500.0752674918483,1088.6621079036347
2024-03-30T20:10:00Z,Cincinnati Reds,1499.9998389070627,1333.3333333333333
2024-03-30T20:10:00Z,Washington Nationals,1500.0001610929373,1333.3333333333333
2024-03-30T20:10:00Z,Tampa Bay Rays,1500.024731450312,1088.6621079036347
2024-03-30T20:10:00Z,Toronto Blue Jays,1499.975268549688,1088.6621079036347
2024-03-30T20:10:00Z,Kansas City Royals,1499.9498397707894,1333.3333333333333
2024-03-30T20:10:00Z,Minnesota Twins,1500.0501602292106,1333.3333333333333
2024-03-30T20:10:00Z,Miami Marlins,1499.9247325081517,1088.6621079036347
2024-03-30T20:10:00Z,Pittsburgh Pirates,1500.0752674918483,1088.6621079036347
2024-03-30T23:05:00Z,Texas Rangers,1500.0498389070628,1333.3333333333333
2024-03-30T23:05:00Z,Chicago Cubs,1499.9501610929372,1333.3333333333333
2024-03-30T23:15:00Z,San Diego Padres,1499.9765142788126,841.0394616904905
2024-03-30T23:15:00Z,San Francisco Giants,1500.0271417436784,952.9288663019911
2024-03-30T23:15:00Z,Houston Astros,1499.9247325081517,1088.6621079036347
2024-03-30T23:15:00Z,New York Yankees,1500.0752674918483,1088.6621079036347
2024-03-31T00:10:00Z,Arizona Diamondbacks,1500.0247295287638,1088.6621079036347
2024-03-31T00:10:00Z,Colorado Rockies,1499.9752704712362,1088.6621079036347
2024-03-31T01:10:00Z,Los Angeles Dodgers,1500.0129944346759,841.0394616904905
2024-03-31T01:10:00Z,St. Louis Cardinals,1499.9636577769381,952.9288663019911
2024-03-31T01:40:00Z,Seattle Mariners,1500.024731450312,1088.6621079036347
2024-03-31T01:40:00Z,Boston Red Sox,1499.975268549688,1088.6621079036347
2024-03-31T17:35:00Z,Baltimore Orioles,1500.0247295287638,1088.6621079036347
2024-03-31T17:35:00Z,Los Angeles Angels,1499.9752704712362,1088.6621079036347
2024-03-31T17:35:00Z,Philadelphia Phillies,1499.9747325081516,1088.6621079036347
2024-03-31T17:35:00Z,Atlanta Braves,1500.0252674918484,1088.6621079036347
2024-03-31T17:40:00Z,Cincinnati Reds,1500.0247305866033,1088.6621079036347
2024-03-31T17:40:00Z,Washington Nationals,1499.9752694133967,1088.6621079036347
2024-03-31T17:40:00Z,Tampa Bay Rays,1499.999598140708,888.8888888888889
2024-03-31T17:40:00Z,Toronto Blue Jays,1500.000401859292,888.8888888888889
2024-03-31T17:40:00Z,Miami Marlins,1499.8996017896698,888.8888888888889
2024-03-31T17:40:00Z,Pittsburgh Pirates,1500.1003982103302,888.8888888888889
2024-03-31T17:40:00Z,New York Mets,1499.9247325081517,1088.6621079036347
2024-03-31T17:40:00Z,Milwaukee Brewers,1500.0752674918483,1088.6621079036347
2024-03-31T18:10:00Z,Kansas City Royals,1499.9747325081516,1088.6621079036347
2024-03-31T18:10:00Z,Minnesota Twins,1500.0252674918484,1088.6621079036347
2024-03-31T18:10:00Z,Chicago White Sox,1499.9247325081517,1088.6621079036347
2024-03-31T18:10:00Z,Detroit Tigers,1500.0752674918483,1088.6621079036347
2024-03-31T18:10:00Z,Houston Astros,1499.8996017896698,888.8888888888889
2024-03-31T18:10:00Z,New York Yankees,1500.1003982103302,888.8888888888889
2024-03-31T18:35:00Z,Texas Rangers,1500.0247295287638,1088.6621079036347
2024-03-31T18:35:00Z,Chicago Cubs,1499.9752704712362,1088.6621079036347
2024-03-31T20:07:00Z,Oakland Athletics,1499.9496017896697,888.8888888888889
2024-03-31T20:07:00Z,Cleveland Guardians,1500.0503982103303,888.8888888888889
2024-03-31T20:10:00Z,Arizona Diamondbacks,1500.0495962192097,888.8888888888889
2024-03-31T20:10:00Z,Colorado Rockies,1499.9504037807903,888.8888888888889
2024-03-31T20:10:00Z,Seattle Mariners,1499.999598140708,888.8888888888889
2024-03-31T20:10:00Z,Boston Red Sox,1500.000401859292,888.8888888888889
2024-03-31T20:10:00Z,San Diego Padres,1499.9982678322324,701.3846792513835
2024-03-31T20:10:00Z,San Francisco Giants,1499.9992151203387,762.4338343137786
2024-03-31T23:10:00Z,Los Angeles Dodgers,1500.0347466142298,701.3846792513835
2024-03-31T23:10:00Z,St. Louis Cardinals,1499.9357329173306,762.4338343137786
2024-04-01T18:20:00Z,Chicago Cubs,1500.0050956503624,860.6629658238705
2024-04-01T18:20:00Z,Colorado Rockies,1499.9305203280396,751.2482264253481
2024-04-01T20:05:00Z,Washington Nationals,1499.9450971470505,860.6629658238705
2024-04-01T20:05:00Z,Pittsburgh Pirates,1500.1205130545611,751.2482264253481
2024-04-01T22:35:00Z,Baltimore Orioles,1500.04959621224,888.8888888888889
2024-04-01T22:35:00Z,Kansas City Royals,1499.9498658246755,888.8888888888889
2024-04-01T22:40:00Z,Philadelphia Phillies,1499.9496004871387,888.8888888888889
2024-04-01T22:40:00Z,Cincinnati Reds,1500.0498626076162,888.8888888888889
2024-04-01T22:40:00Z,Miami Marlins,1499.8794863838787,751.2482264253481
2024-04-01T22:40:00Z,Los Angeles Angels,1500.005443579923,860.6629658238705
2024-04-01T22:50:00Z,Tampa Bay Rays,1499.9794821611267,751.2482264253481
2024-04-01T22:50:00Z,Texas Rangers,1500.054903498136,860.6629658238705
2024-04-01T23:10:00Z,New York Mets,1499.8996017896698,888.8888888888889
2024-04-01T23:10:00Z,Detroit Tigers,1500.1003982103302,888.8888888888889
2024-04-02T00:10:00Z,Houston Astros,1499.9244409042926,725.7747386024232
2024-04-02T00:10:00Z,Toronto Blue Jays,1499.975562744669,725.7747386024232
2024-04-02T01:40:00Z,Oakland Athletics,1499.924440110927,725.7747386024232
2024-04-02T01:40:00Z,Boston Red Sox,1500.0255635380347,725.7747386024232
2024-04-02T01:40:00Z,Seattle Mariners,1500.0244364619653,725.7747386024232
2024-04-02T01:40:00Z,Cleveland Guardians,1500.025559889073,725.7747386024232
2024-04-02T01:40:00Z,San Diego Padres,1499.9751676332344,580.7949889261452
2024-04-02T01:40:00Z,St. Louis Cardinals,1499.963029450486,614.0612067219374
2024-04-02T01:40:00Z,Arizona Diamondbacks,1500.0244345404974,725.7747386024232
2024-04-02T01:40:00Z,New York Yankees,1500.1255598890425,725.7747386024232
2024-04-02T02:10:00Z,Los Angeles Dodgers,1500.0574835919917,580.7949889261452
2024-04-02T02:10:00Z,San Francisco Giants,1499.9723477904347,614.0612067219374
2024-04-02T20:10:00Z,Milwaukee Brewers,1500.100134175286,888.8888888888889
2024-04-02T20:10:00Z,Minnesota Twins,1500.0004008084106,888.8888888888889
2024-04-02T22:35:00Z,Baltimore Orioles,1500.0244321449848,725.7747386024232
2024-04-02T22:35:00Z,Kansas City Royals,1499.9750298919307,725.7747386024232
2024-04-02T22:40:00Z,Philadelphia Phillies,1499.9744395932257,725.7747386024232
2024-04-02T22:40:00Z,Cincinnati Reds,1500.0250235015292,725.7747386024232
2024-04-02T22:40:00Z,Miami Marlins,1499.8577120326945,627.6917013823693
2024-04-02T22:40:00Z,Los Angeles Angels,1500.0340224158522,687.4165454978995
2024-04-02T22:50:00Z,Tampa Bay Rays,1500.0009502900768,627.6917013823693
2024-04-02T22:50:00Z,Texas Rangers,1500.0267265788889,687.4165454978995
2024-04-02T23:40:00Z,Chicago Cubs,1500.0332695967973,687.4165454978995
2024-04-02T23:40:00Z,Colorado Rockies,1499.9090544640892,627.6917013823693
2024-04-02T23:40:00Z,Chicago White Sox,1499.9496011418823,888.8888888888889
2024-04-02T23:40:00Z,Atlanta Braves,1500.0003988581177,888.8888888888889
2024-04-03T00:10:00Z,Houston Astros,1499.8992428964186,592.5925925925926
2024-04-03T00:10:00Z,Toronto Blue Jays,1500.000760752543,592.5925925925926
2024-04-03T01:40:00Z,Oakland Athletics,1499.8992430747385,592.5925925925926
2024-04-03T01:40:00Z,Boston Red Sox,1500.0507605742232,592.5925925925926
2024-04-03T01:40:00Z,Seattle Mariners,1499.999237482468,592.5925925925926
2024-04-03T01:40:00Z,Cleveland Guardians,1500.0507588685703,592.5925925925926
2024-04-03T01:40:00Z,San Diego Padres,1499.951330132036,478.67676653875213
2024-04-03T01:40:00Z,St. Louis Cardinals,1499.9896758374223,496.7931734724356
2024-04-03T01:40:00Z,Arizona Diamondbacks,1500.0492375043464,592.5925925925926
2024-04-03T01:40:00Z,New York Yankees,1500.1007569251935,592.5925925925926
2024-04-03T02:10:00Z,Los Angeles Dodgers,1500.0808625014608,478.67676653875213
2024-04-03T02:10:00Z,San Francisco Giants,1499.9462140332644,496.7931734724356
2024-04-03T17:05:00Z,Baltimore Orioles,1500.0492321836182,592.5925925925926
2024-04-03T17:05:00Z,Kansas City Royals,1499.9502298532973,592.5925925925926
2024-04-03T17:10:00Z,Tampa Bay Rays,1499.9780173064792,520.4305597978981
2024-04-03T17:10:00Z,Texas Rangers,1500.054231331846,552.9815466575088
2024-04-03T17:10:00Z,Miami Marlins,1499.8347819822197,520.4305597978981
2024-04-03T17:10:00Z,Los Angeles Angels,1500.0615236509584,552.9815466575088
2024-04-03T17:10:00Z,Milwaukee Brewers,1500.0749701079835,725.7747386024232
2024-04-03T17:10:00Z,Minnesota Twins,1500.0255648757131,725.7747386024232
2024-04-03T19:37:00Z,Oakland Athletics,1499.8740029570192,483.8498257349488
2024-04-03T19:37:00Z,Boston Red Sox,1500.0760006919425,483.8498257349488
2024-04-03T19:40:00Z,Arizona Diamondbacks,1500.023995006672,483.8498257349488
2024-04-03T19:40:00Z,New York Yankees,1500.1259994228678,483.8498257349488
2024-04-03T20:05:00Z,Philadelphia Phillies,1499.9492415748982,592.5925925925926
2024-04-03T20:05:00Z,Cincinnati Reds,1500.0502215198567,592.5925925925926
2024-04-03T20:10:00Z,Seattle Mariners,1499.9739949848406,483.8498257349488
2024-04-03T20:10:00Z,Cleveland Guardians,1500.0760013661977,483.8498257349488
2024-04-03T20:10:00Z,San Diego Padres,1499.975117846832,393.2793401305525
2024-04-03T20:10:00Z,St. Louis Cardinals,1499.9640534694229,403.14274096816075
2024-04-03T22:45:00Z,Washington Nationals,1499.9732760481106,687.4165454978995
2024-04-03T22:45:00Z,Pittsburgh Pirates,1500.0990434156581,627.6917013823693
2024-04-03T23:40:00Z,Chicago Cubs,1500.060293430789,552.9815466575088
2024-04-03T23:40:00Z,Colorado Rockies,1499.8865224623423,520.4305597978981
2024-04-04T00:10:00Z,Houston Astros,1499.924001588707,483.8498257349488
2024-04-04T00:10:00Z,Toronto Blue Jays,1499.9760020602548,483.8498257349488
2024-04-04T02:10:00Z,Los Angeles Dodgers,1500.104645400588,393.2793401305525
2024-04-04T02:10:00Z,San Francisco Giants,1499.9205968523474,403.14274096816075
2024-04-04T16:10:00Z,New York Mets,1499.8744424909669,725.7747386024232
2024-04-04T16:10:00Z,Detroit Tigers,1500.1255575090331,725.7747386024232
2024-04-04T16:15:00Z,New York Mets,1499.8992483695818,592.5925925925926
2024-04-04T16:15:00Z,Detroit Tigers,1500.1007516304182,592.5925925925926
2024-04-04T20:05:00Z,Washington Nationals,1499.9457736318575,552.9815466575088
2024-04-04T20:05:00Z,Pittsburgh Pirates,1500.1219744509528,520.4305597978981
2024-04-04T20:10:00Z,Minnesota Twins,1499.9906268626514,557.9074795207537
2024-04-04T20:10:00Z,Cleveland Guardians,1500.091529372003,423.11439839728394
2024-04-04T20:15:00Z,St. Louis Cardinals,1499.9825689222969,343.7985281002966
2024-04-04T20:15:00Z,Miami Marlins,1499.8039257970893,408.26208983539357
2024-04-04T23:40:00Z,Kansas City Royals,1499.965496803282,518.2071894490111
2024-04-04T23:40:00Z,Chicago White Sox,1499.915250504417,683.294324254051
2024-04-05T17:05:00Z,New York Yankees,1500.1006965549773,395.0617283950618
2024-04-05T17:05:00Z,Toronto Blue Jays,1500.0013049281454,395.0617283950618
2024-04-05T17:10:00Z,Detroit Tigers,1500.1304241548003,468.4855792842044
2024-04-05T17:10:00Z,Oakland Athletics,1499.8542212740979,408.92773886954325
2024-04-05T18:20:00Z,Chicago Cubs,1500.0931002585776,428.6681609285835
2024-04-05T18:20:00Z,Los Angeles Dodgers,1500.0880516244745,340.2622620995102
2024-04-05T20:10:00Z,Colorado Rockies,1499.9112474256751,424.9297726852863
2024-04-05T20:10:00Z,Tampa Bay Rays,1499.9532923431464,424.9297726852863
2024-04-05T20:12:00Z,Pittsburgh Pirates,1500.0999754526297,434.38088202756893
2024-04-05T20:12:00Z,Baltimore Orioles,1500.0777548263832,473.7614383601832
2024-04-05T20:35:00Z,San Francisco Giants,1499.9458463308486,327.8143705017596
2024-04-05T20:35:00Z,San Diego Padres,1499.9510887753572,322.44491195599835
2024-04-05T22:40:00Z,Cincinnati Reds,1500.0249742028686,483.8498257349488
2024-04-05T22:40:00Z,New York Mets,1499.9244956865698,483.8498257349488
2024-04-05T22:45:00Z,Washington Nationals,1499.9222659259015,456.79683587316975
2024-04-05T22:45:00Z,Philadelphia Phillies,1499.976237698569,478.37409510549253
2024-04-05T23:20:00Z,Atlanta Braves,1500.0386596184585,667.8603411528095
2024-04-05T23:20:00Z,Arizona Diamondbacks,1500.0126584850896,436.5262688286503
2024-04-05T23:40:00Z,Kansas City Royals,1499.9835792731465,443.5208146234267
2024-04-05T23:40:00Z,Chicago White Sox,1499.8838116647662,534.4021831627481
2024-04-06T00:05:00Z,Texas Rangers,1500.082231487572,441.8368733596451
2024-04-06T00:05:00Z,Houston Astros,1499.902564769416,404.1045045538435
2024-04-06T00:10:00Z,Milwaukee Brewers,1500.1092580702846,557.9074795207537
2024-04-06T00:10:00Z,Seattle Mariners,1499.9587558904846,423.11439839728394
2024-04-06T01:38:00Z,Los Angeles Angels,1500.0328901715725,441.8368733596451
2024-04-06T01:38:00Z,Boston Red Sox,1500.097922381567,404.1045045538435
2024-04-06T17:10:00Z,Detroit Tigers,1500.1016628825191,374.18217271478903
2024-04-06T17:10:00Z,Oakland Athletics,1499.8761346244073,341.67208537027443
2024-04-06T18:10:00Z,Minnesota Twins,1499.9585173964704,436.3375553926962
2024-04-06T18:10:00Z,Cleveland Guardians,1500.109997561702,362.1332287103077
2024-04-06T18:15:00Z,St. Louis Cardinals,1500.002991298811,289.02786665701336
2024-04-06T18:15:00Z,Miami Marlins,1499.7751268664827,324.27389717631416
2024-04-06T20:05:00Z,Chicago Cubs,1500.0619685180452,337.4740864562262
2024-04-06T20:05:00Z,Los Angeles Dodgers,1500.1076666336899,288.9678700434132
2024-04-06T20:05:00Z,Pittsburgh Pirates,1500.1225204357645,359.9009803462179
2024-04-06T20:05:00Z,Baltimore Orioles,1500.0509367312977,381.361631580084
2024-04-06T20:05:00Z,Washington Nationals,1499.8981259641998,375.8735592911869
2024-04-06T20:05:00Z,Philadelphia Phillies,1500.0027120732043,387.62255083243906
2024-04-06T20:10:00Z,Cincinnati Reds,1500.04967277834,395.0617283950618
2024-04-06T20:10:00Z,New York Mets,1499.8997971110985,395.0617283950618
2024-04-06T23:05:00Z,Texas Rangers,1500.1090792562816,355.5214680103338
2024-04-06T23:05:00Z,Houston Astros,1499.8801067389345,334.95764114314414
2024-04-06T23:05:00Z,New York Yankees,1500.1253274326548,322.56655048996583
2024-04-06T23:05:00Z,Toronto Blue Jays,1499.9766740504679,322.56655048996583
2024-04-06T23:10:00Z,Kansas City Royals,1500.003730159114,373.7953163068847
2024-04-06T23:10:00Z,Chicago White Sox,1499.8545564978608,423.52394057866263
2024-04-06T23:10:00Z,Milwaukee Brewers,1500.0771395115435,436.3375553926962
2024-04-06T23:10:00Z,Seattle Mariners,1499.977229309891,362.1332287103077
2024-04-06T23:20:00Z,Atlanta Braves,1500.0733331624342,512.1255163066832
2024-04-06T23:20:00Z,Arizona Diamondbacks,1499.9978453259062,382.95665639400704
2024-04-07T00:10:00Z,Colorado Rockies,1499.8859089401028,346.9537065319321
2024-04-07T00:10:00Z,Tampa Bay Rays,1499.9786308287187,346.9537065319321
2024-04-07T01:05:00Z,San Francisco Giants,1499.9199822057678,266.9256659714105
2024-04-07T01:05:00Z,San Diego Padres,1499.9761125530194,264.0027811623299
2024-04-07T01:38:00Z,Los Angeles Angels,1500.059746816567,355.5214680103338
2024-04-07T01:38:00Z,Boston Red Sox,1500.0754569261155,334.95764114314414
2024-04-07T17:35:00Z,Pittsburgh Pirates,1500.1457045382742,296.73307159871865
2024-04-07T17:35:00Z,Baltimore Orioles,1500.0249052894949,308.4207496563826
2024-04-07T17:35:00Z,Washington Nationals,1499.92199383177,308.4855461737429
2024-04-07T17:35:00Z,Philadelphia Phillies,1499.9773287700302,314.88181241402947
2024-04-07T17:35:00Z,Atlanta Braves,1500.1049887117686,399.7364586050592
2024-04-07T17:35:00Z,Arizona Diamondbacks,1499.9801443883446,328.54760680159336
2024-04-07T17:35:00Z,New York Yankees,1500.1498732113914,263.3744855967078
2024-04-07T17:35:00Z,Toronto Blue Jays,1499.9521282717312,263.3744855967078
2024-04-07T17:40:00Z,Cincinnati Reds,1500.024301853915,322.56655048996583
2024-04-07T17:40:00Z,New York Mets,1499.9251680355235,322.56655048996583
2024-04-07T17:40:00Z,Detroit Tigers,1500.073947537423,301.0050281079878
2024-04-07T17:40:00Z,Oakland Athletics,1499.8992431960598,283.2865151235242
2024-04-07T18:10:00Z,Kansas City Royals,1500.0253024965905,311.726524111726
2024-04-07T18:10:00Z,Chicago White Sox,1499.8268625146463,338.8594819172349
2024-04-07T18:10:00Z,Milwaukee Brewers,1500.106315638088,345.80584942351544
2024-04-07T18:10:00Z,Seattle Mariners,1499.9571328667269,305.2025977313692
2024-04-07T18:15:00Z,St. Louis Cardinals,1499.9804297266621,240.6294126560063
2024-04-07T18:15:00Z,Miami Marlins,1499.8035265765593,259.8535292293492
2024-04-07T18:20:00Z,Chicago Cubs,1500.090288906077,268.7377886849356
2024-04-07T18:20:00Z,Los Angeles Dodgers,1500.0869023261585,242.23812798870355
2024-04-07T19:10:00Z,Colorado Rockies,1499.860496451315,283.2865151235242
2024-04-07T19:10:00Z,Tampa Bay Rays,1500.0040433175066,283.2865151235242
2024-04-07T20:05:00Z,San Francisco Giants,1499.9447104839537,217.5450592462189
2024-04-07T20:05:00Z,San Diego Padres,1499.9519228680801,215.95401281060646
2024-04-07T20:07:00Z,Los Angeles Angels,1500.032816694946,287.4450327234653
2024-04-07T20:07:00Z,Boston Red Sox,1500.0993617986692,276.2454407405626
2024-04-07T23:10:00Z,Texas Rangers,1500.0821385503339,287.4450327234653
2024-04-07T23:10:00Z,Houston Astros,1499.9040210068035,276.2454407405626
2024-04-08T21:10:00Z,Cleveland Guardians,1500.1362045099927,292.4650601887013
2024-04-08T21:10:00Z,Chicago White Sox,1499.8039158809295,279.78791149188436
2024-04-08T22:05:00Z,New York Yankees,1500.174631316155,214.56363987902486
2024-04-08T22:05:00Z,Miami Marlins,1499.7794260109638,212.6470209533031
2024-04-08T22:40:00Z,Pittsburgh Pirates,1500.1698675784673,242.8607643614009
2024-04-08T22:40:00Z,Detroit Tigers,1500.0490837563837,245.18619553135005
2024-04-08T22:40:00Z,Cincinnati Reds,1500.0471667730326,266.4772910520012
2024-04-08T22:40:00Z,Milwaukee Brewers,1500.0800374340688,279.13649873098296
2024-04-08T23:07:00Z,Toronto Blue Jays,1499.9730374824392,220.48935667247886
2024-04-08T23:07:00Z,Seattle Mariners,1499.9290548330905,243.3326333827797
2024-04-08T23:20:00Z,Atlanta Braves,1500.074216968781,315.4645954655562
2024-04-08T23:20:00Z,New York Mets,1499.94520552167,273.1685976297788
2024-04-08T23:40:00Z,Minnesota Twins,1499.9196792661048,328.49087851922604
2024-04-08T23:40:00Z,Los Angeles Dodgers,1500.0988724358476,217.92378325219866
2024-04-08T23:45:00Z,St. Louis Cardinals,1499.9616155464955,205.6826031406551
2024-04-08T23:45:00Z,Philadelphia Phillies,1500.0095456166537,246.53475706797238
2024-04-09T00:05:00Z,Texas Rangers,1500.0556036178245,233.15940829600265
2024-04-09T00:05:00Z,Houston Astros,1499.9285284841092,227.06165246414113
2024-04-09T00:40:00Z,Colorado Rockies,1499.8814209465158,237.19263284818513
2024-04-09T00:40:00Z,Arizona Diamondbacks,1499.9519994823906,261.9116386221174
2024-04-09T01:38:00Z,Los Angeles Angels,1500.0576661101159,234.12995888336508
2024-04-09T01:38:00Z,Tampa Bay Rays,1499.9799077030523,231.86627517840466
2024-04-09T01:40:00Z,San Diego Padres,1499.9710830057516,183.01354047258914
2024-04-09T01:40:00Z,Chicago Cubs,1500.0606178129322,211.951413846193
2024-04-09T01:45:00Z,San Francisco Giants,1499.9277434605408,188.4841639877405
2024-04-09T01:45:00Z,Washington Nationals,1499.956111304353,238.86612387173915
2024-04-09T16:35:00Z,Pittsburgh Pirates,1500.1445127530365,198.61067214953093
2024-04-09T16:35:00Z,Detroit Tigers,1500.074926459563,199.87649411066337
2024-04-09T18:10:00Z,Boston Red Sox,1500.0766627504943,229.79523804684058
2024-04-09T18:10:00Z,Baltimore Orioles,1500.0531999563893,247.3415837448009
2024-04-09T22:10:00Z,Cleveland Guardians,1500.1095533507405,237.05350382794762
2024-04-09T22:10:00Z,Chicago White Sox,1499.828306679388,230.15086950105794
2024-04-09T22:40:00Z,Cincinnati Reds,1500.0228231751655,219.2793767734819
2024-04-09T22:40:00Z,Milwaukee Brewers,1500.1067488930123,226.17244243090713
2024-04-09T23:05:00Z,New York Yankees,1500.1991472203215,174.92908090306548
2024-04-09T23:05:00Z,Miami Marlins,1499.755346133928,173.88579287107885
2024-04-09T23:07:00Z,Toronto Blue Jays,1499.9950177027881,183.05159531488195
2024-04-09T23:07:00Z,Seattle Mariners,1499.9022842707816,195.50429125418725
2024-04-09T23:20:00Z,Atlanta Braves,1500.10222479624,251.64913132006498
2024-04-09T23:20:00Z,New York Mets,1499.924204534118,228.55380062398373
2024-04-09T23:40:00Z,Kansas City Royals,1500.0572715937008,242.43258852029348
2024-04-09T23:40:00Z,Houston Astros,1499.911566742415,195.6666757276135
2024-04-09T23:40:00Z,Minnesota Twins,1499.8842527970885,252.35768375118255
2024-04-09T23:40:00Z,Los Angeles Dodgers,1500.114464029167,190.72078061563474
2024-04-09T23:45:00Z,St. Louis Cardinals,1499.9816155973922,173.19181358696198
2024-04-09T23:45:00Z,Philadelphia Phillies,1499.9808118677531,195.53899841879016
2024-04-10T00:05:00Z,Texas Rangers,1500.0349549492712,196.7856781386175
2024-04-10T00:05:00Z,Oakland Athletics,1499.9297248106798,224.22718380317485
2024-04-10T00:40:00Z,Colorado Rockies,1499.8583739461058,196.9373954798288
2024-04-10T00:40:00Z,Arizona Diamondbacks,1499.9801004719316,210.4128428472752
2024-04-10T01:38:00Z,Los Angeles Angels,1500.031792677471,190.8575232593058
2024-04-10T01:38:00Z,Tampa Bay Rays,1500.0052832401705,189.62531215363768
2024-04-10T01:45:00Z,San Francisco Giants,1499.9080436864276,160.2324213125337
2024-04-10T01:45:00Z,Washington Nationals,1499.9877501504227,187.88693142914715
2024-04-10T02:05:00Z,San Diego Padres,1499.949109275516,153.1977292749564
2024-04-10T02:05:00Z,Chicago Cubs,1500.0900898380703,169.00093644254864
2024-04-10T17:10:00Z,Minnesota Twins,1499.915272915548,197.27068576555075
2024-04-10T17:10:00Z,Los Angeles Dodgers,1500.0967463669385,163.32986829934393
2024-04-10T17:15:00Z,St. Louis Cardinals,1499.9589473821009,144.34575347945932
2024-04-10T17:15:00Z,Philadelphia Phillies,1500.0097073123713,156.53723436360593
2024-04-10T19:07:00Z,Toronto Blue Jays,1499.9709418765915,151.1254809025413
2024-04-10T19:07:00Z,Seattle Mariners,1499.9297471933294,157.90834806713696
2024-04-10T19:10:00Z,Colorado Rockies,1499.8343722737059,162.59969691500064
2024-04-10T19:10:00Z,Arizona Diamondbacks,1500.0074991501483,169.93970197497364
2024-04-10T19:45:00Z,San Francisco Giants,1499.9284056418076,134.41397569481026
2024-04-10T19:45:00Z,Washington Nationals,1499.9597531284828,149.52490839703748
2024-04-10T20:07:00Z,Los Angeles Angels,1500.0058648396391,155.66656311787955
2024-04-10T20:07:00Z,Tampa Bay Rays,1500.030877369,154.99582804907024
2024-04-10T22:10:00Z,Cleveland Guardians,1500.1346380553905,192.607357035002
2024-04-10T22:10:00Z,Chicago White Sox,1499.8046615620174,188.8495377119193
2024-04-10T22:40:00Z,San Diego Padres,1499.9708663063027,127.17688774542027
2024-04-10T22:40:00Z,Chicago Cubs,1500.063612568804,135.7916833067402
2024-04-10T22:40:00Z,Cincinnati Reds,1499.9979736271562,179.97135628504046
2024-04-10T22:40:00Z,Milwaukee Brewers,1500.1331852917278,183.7240149198586
2024-04-10T23:05:00Z,New York Yankees,1500.1731287571642,142.68681217763958
2024-04-10T23:05:00Z,Miami Marlins,1499.7810551710643,142.11891499903572
2024-04-10T23:10:00Z,Boston Red Sox,1500.0529372141004,189.9669219723369
2024-04-10T23:10:00Z,Baltimore Orioles,1500.0806870147758,199.52582648341968
2024-04-10T23:40:00Z,Kansas City Royals,1500.086743643054,191.32856267223562
2024-04-10T23:40:00Z,Houston Astros,1499.8923684734464,165.69696562503935
2024-04-11T00:05:00Z,Texas Rangers,1500.0561079562526,164.26801527150351
2024-04-11T00:05:00Z,Oakland Athletics,1499.902260945272,179.2439116040058
2024-04-11T16:20:00Z,Atlanta Braves,1500.0741557396093,202.26102760329485
2024-04-11T16:20:00Z,New York Mets,1499.9473578843238,189.67178813839882
2024-04-11T18:10:00Z,Kansas City Royals,1500.114375308113,152.6276184283157
2024-04-11T18:10:00Z,Houston Astros,1499.8716443319558,138.63180249159035
2024-04-11T18:35:00Z,Texas Rangers,1500.0325053507138,136.11306480363382
2024-04-11T18:35:00Z,Oakland Athletics,1499.930363302763,144.27436246710118
2024-04-11T22:40:00Z,Philadelphia Phillies,1500.0282552465583,133.10044961047598
2024-04-11T22:40:00Z,Pittsburgh Pirates,1500.1146544311682,156.19628643868674
2024-04-11T23:10:00Z,Boston Red Sox,1500.0284605925717,156.39122303606152
2024-04-11T23:10:00Z,Baltimore Orioles,1500.107688878284,161.5963457406391
2024-04-12T22:40:00Z,Detroit Tigers,1500.0995063148353,162.84272375489363
2024-04-12T22:40:00Z,Minnesota Twins,1499.8913297822357,161.4242640363631
2024-04-12T22:40:00Z,Philadelphia Phillies,1500.0063916690715,111.66902812543192
2024-04-12T22:40:00Z,Pittsburgh Pirates,1500.1447639343576,124.28949540814044
2024-04-12T22:50:00Z,Tampa Bay Rays,1500.0582679219815,123.67025661926837
2024-04-12T22:50:00Z,San Francisco Giants,1499.9078064758442,112.43244598510255
2024-04-12T23:05:00Z,Baltimore Orioles,1500.0851534814065,134.8424358932531
2024-04-12T23:05:00Z,Milwaukee Brewers,1500.162314856422,146.91732537147564
2024-04-12T23:07:00Z,Toronto Blue Jays,1499.9469041517407,124.92376874542268
2024-04-12T23:07:00Z,Colorado Rockies,1499.8621986998282,131.1746403690643
2024-04-12T23:10:00Z,Boston Red Sox,1500.0024127922954,127.59417132131851
2024-04-12T23:10:00Z,Los Angeles Angels,1500.031671807154,127.19971512438617
2024-04-12T23:10:00Z,New York Mets,1499.9767047287305,149.6232296759641
2024-04-12T23:10:00Z,Kansas City Royals,1500.095372307269,129.31612898153114
2024-04-12T23:10:00Z,Miami Marlins,1499.763998231431,123.20819130348609
2024-04-12T23:10:00Z,Atlanta Braves,1500.1087036484303,156.53911428089862
2024-04-12T23:40:00Z,Chicago White Sox,1499.777653701324,152.97314626311885
2024-04-12T23:40:00Z,Cincinnati Reds,1500.0225017951432,148.138766010744
2024-04-13T00:10:00Z,Houston Astros,1499.8451326592883,112.84810001184346
2024-04-13T00:10:00Z,Texas Rangers,1500.058062417914,111.47700246060765
2024-04-13T01:40:00Z,Oakland Athletics,1499.9535252056519,118.50736860292938
2024-04-13T01:40:00Z,Washington Nationals,1499.9348746968344,121.365961463716
2024-04-13T01:40:00Z,Seattle Mariners,1499.95737868227,125.82921814675755
2024-04-13T01:40:00Z,Chicago Cubs,1500.0431791775334,113.74892419059343
2024-04-13T01:40:00Z,Arizona Diamondbacks,1499.977385235622,135.1583275701244
2024-04-13T01:40:00Z,St. Louis Cardinals,1499.9806736701184,121.17062201441696
2024-04-13T02:10:00Z,Los Angeles Dodgers,1500.064375696084,128.22318646102607
2024-04-13T02:10:00Z,San Diego Padres,1499.9904925352932,108.36031870543441
2024-04-13T16:10:00Z,Cleveland Guardians,1500.1012592974703,150.14234910831448
2024-04-13T16:10:00Z,New York Yankees,1500.191447349533,122.60819735642627
2024-04-13T17:10:00Z,Detroit Tigers,1500.0733710402385,132.7670815823169
2024-04-13T17:10:00Z,Minnesota Twins,1499.917011731388,131.99496088012157
2024-04-13T17:15:00Z,Detroit Tigers,1500.0471116477402,108.29864373445037
2024-04-13T17:15:00Z,Minnesota Twins,1499.9429665835826,107.87835227448691
2024-04-13T17:40:00Z,New York Mets,1499.9469156329055,119.32051404741196
2024-04-13T17:40:00Z,Kansas City Royals,1500.1176240824318,108.23109700229045
2024-04-13T18:10:00Z,Chicago White Sox,1499.7508851833186,124.23910084304246
2024-04-13T18:10:00Z,Cincinnati Reds,1500.047605127444,121.60718311722319
2024-04-13T19:07:00Z,Toronto Blue Jays,1499.9696035899624,102.83946426552754
2024-04-13T19:07:00Z,Colorado Rockies,1499.8371707821314,106.2432459111531
2024-04-13T20:05:00Z,Houston Astros,1499.8691627821272,91.95294338790164
2024-04-13T20:05:00Z,Texas Rangers,1500.0346126767856,91.20659537479152
2024-04-13T20:05:00Z,Philadelphia Phillies,1500.0276483378095,92.8428591775597
2024-04-13T20:05:00Z,Pittsburgh Pirates,1500.1184310409305,99.72455038579524
2024-04-13T20:05:00Z,Baltimore Orioles,1500.0613631296821,111.70266547567572
2024-04-13T20:05:00Z,Milwaukee Brewers,1500.190556743421,118.28276750796049
2024-04-13T20:07:00Z,Oakland Athletics,1499.927944093691,97.14748099983571
2024-04-13T20:07:00Z,Washington Nationals,1499.9617048103464,98.7036368915845
2024-04-13T20:10:00Z,Boston Red Sox,1500.0263568257174,104.12648454700947
2024-04-13T20:10:00Z,Los Angeles Angels,1500.007875590406,103.9117694751099
2024-04-13T20:10:00Z,Tampa Bay Rays,1500.0295364953142,99.41488184412032
2024-04-13T20:10:00Z,San Francisco Giants,1499.9315535432747,93.28934091923256
2024-04-13T20:10:00Z,Miami Marlins,1499.7823665789008,104.78610212832804
2024-04-13T20:10:00Z,Atlanta Braves,1500.0790528313044,123.08455811515974
2024-04-13T22:10:00Z,Cleveland Guardians,1500.0700101009556,118.70048820691822
2024-04-13T22:10:00Z,New York Yankees,1500.212286089562,103.62030655037938
2024-04-14T00:10:00Z,Arizona Diamondbacks,1500.0038589627131,108.40776478999142
2024-04-14T00:10:00Z,St. Louis Cardinals,1499.9593959964627,100.78000374244822
2024-04-14T01:10:00Z,Los Angeles Dodgers,1500.0921152483288,101.90029320842687
2024-04-14T01:10:00Z,San Diego Padres,1499.9706815140585,91.04203846927994
2024-04-14T01:40:00Z,Seattle Mariners,1499.9285504814081,101.05883351263321
2024-04-14T01:40:00Z,Chicago Cubs,1500.0667377591242,94.47296079884066
2024-04-14T17:35:00Z,Boston Red Sox,1500.0500156637188,84.98968455595733
2024-04-14T17:35:00Z,Los Angeles Angels,1499.984314223698,84.87280839848853
2024-04-14T17:35:00Z,Philadelphia Phillies,1500.0030543961152,76.72415839329814
2024-04-14T17:35:00Z,Pittsburgh Pirates,1500.146806003679,80.47299675953651
2024-04-14T17:35:00Z,Baltimore Orioles,1500.0837657210875,92.08657559997654
2024-04-14T17:35:00Z,Milwaukee Brewers,1500.165437061277,95.67011991554327
2024-04-14T17:37:00Z,Toronto Blue Jays,1499.99243721701,84.4273464149445
2024-04-14T17:37:00Z,Colorado Rockies,1499.8128006460956,86.28043047044302
2024-04-14T17:40:00Z,New York Mets,1499.9729793904955,95.88329294307952
2024-04-14T17:40:00Z,Kansas City Royals,1500.096179829693,89.83823668695933
2024-04-14T17:40:00Z,Tampa Bay Rays,1500.0545171428844,80.32610738681424
2024-04-14T17:40:00Z,San Francisco Giants,1499.909556468017,76.98972821859489
2024-04-14T17:40:00Z,Detroit Tigers,1500.0708548113303,88.36822257041122
2024-04-14T17:40:00Z,Minnesota Twins,1499.9194073500016,88.1394443485794
2024-04-14T17:40:00Z,Miami Marlins,1499.7603254050937,87.92796272836257
2024-04-14T17:40:00Z,Atlanta Braves,1500.1094640965887,97.92740422510717
2024-04-14T17:40:00Z,Cleveland Guardians,1500.0969361454752,94.80821069775382
2024-04-14T17:40:00Z,New York Yankees,1500.1917670374382,86.57661460652284
2024-04-14T18:10:00Z,Houston Astros,1499.8928038244326,74.97749391130428
2024-04-14T18:10:00Z,Texas Rangers,1500.0113538481994,74.57122938839179
2024-04-14T18:10:00Z,Chicago White Sox,1499.7241853079852,101.08077539115604
2024-04-14T18:10:00Z,Cincinnati Reds,1500.0731857489413,99.6480405121842
2024-04-14T20:07:00Z,Oakland Athletics,1499.9511014930854,79.53149441997918
2024-04-14T20:07:00Z,Washington Nationals,1499.9377995758364,80.37859107542316
2024-04-14T20:10:00Z,Seattle Mariners,1499.900315100975,81.60411250851904
2024-04-14T20:10:00Z,Chicago Cubs,1500.0914129280466,78.01673465758009
2024-04-14T20:10:00Z,Arizona Diamondbacks,1500.0291940183079,87.4593167384944
2024-04-14T20:10:00Z,St. Louis Cardinals,1499.9375007508183,83.30391990366992
2024-04-14T23:10:00Z,Los Angeles Dodgers,1500.0626296606579,81.68771501510302
2024-04-14T23:10:00Z,San Diego Padres,1499.9942180674761,75.76582283226043
2024-04-15T15:10:00Z,Boston Red Sox,1500.0263165163674,70.68855518547579
2024-04-15T15:10:00Z,Cleveland Guardians,1500.1264273280037,76.04279759893804
2024-04-15T22:35:00Z,Baltimore Orioles,1500.108162721618,74.64566978841569
2024-04-15T22:35:00Z,Minnesota Twins,1499.8970569960272,72.49649416049014
2024-04-15T22:40:00Z,Detroit Tigers,1500.0395783759332,70.21154880781863
2024-04-15T22:40:00Z,Texas Rangers,1500.0336262789228,62.668722026400815
2024-04-15T22:40:00Z,Philadelphia Phillies,1500.023543908245,63.90186143626157
2024-04-15T22:40:00Z,Colorado Rockies,1499.7868891817227,69.11452900480367
2024-04-15T22:40:00Z,Miami Marlins,1499.7300763590188,70.2629353461132
2024-04-15T22:40:00Z,San Francisco Giants,1499.932747668748,64.29297164639055
2024-04-15T22:50:00Z,Tampa Bay Rays,1500.0292312760735,66.19563125857931
2024-04-15T22:50:00Z,Los Angeles Angels,1500.0125436172927,68.67168669646041
2024-04-15T23:07:00Z,Toronto Blue Jays,1500.0151961517104,69.22522349983093
2024-04-15T23:07:00Z,New York Yankees,1500.1678346045253,70.39524984239598
2024-04-15T23:10:00Z,New York Mets,1500.000435140189,76.11896368136937
2024-04-15T23:10:00Z,Pittsburgh Pirates,1500.127466390898,67.69178783695905
2024-04-15T23:40:00Z,Chicago White Sox,1499.694626234539,80.96357452313788
2024-04-15T23:40:00Z,Kansas City Royals,1500.1195292512148,74.8309838800266
2024-04-15T23:40:00Z,Milwaukee Brewers,1500.1326200274182,75.29208749531927
2024-04-15T23:40:00Z,San Diego Padres,1500.0148003424865,64.36938350542654
2024-04-16T00:10:00Z,Houston Astros,1499.8731286126554,64.06773263501562
2024-04-16T00:10:00Z,Atlanta Braves,1500.1430275052387,76.6924656745556
2024-04-16T01:40:00Z,Arizona Diamondbacks,1499.999423255947,70.09366996127005
2024-04-16T01:40:00Z,Chicago Cubs,1500.1151022883937,64.94358139533233
2024-04-16T01:40:00Z,Oakland Athletics,1499.9255678508657,65.44427146622917
2024-04-16T01:40:00Z,St. Louis Cardinals,1499.9655141208677,67.49839299541463
2024-04-16T01:42:00Z,Seattle Mariners,1499.919135913554,68.9329799954238
2024-04-16T01:42:00Z,Cincinnati Reds,1500.0451216046708,78.81380755708498
2024-04-16T02:10:00Z,Los Angeles Dodgers,1500.0353950970514,66.5188854872977
2024-04-16T02:10:00Z,Washington Nationals,1499.9641682141544,65.80626026062299
2024-04-16T17:10:00Z,Detroit Tigers,1500.0649948380717,56.27591741936812
2024-04-16T17:10:00Z,Texas Rangers,1500.013377461302,52.162061290285884
2024-04-16T22:35:00Z,Baltimore Orioles,1500.1318343924704,60.65340864974172
2024-04-16T22:35:00Z,Minnesota Twins,1499.8747287974877,59.4833931251193
2024-04-16T22:40:00Z,Philadelphia Phillies,1500.044545326476,52.869771940881606
2024-04-16T22:40:00Z,Colorado Rockies,1499.7623217187058,55.70984797823751
2024-04-16T22:40:00Z,Miami Marlins,1499.7550062018659,56.54095790725801
2024-04-16T22:40:00Z,San Francisco Giants,1499.9118742319424,53.2874189590122
2024-04-16T22:50:00Z,Tampa Bay Rays,1500.0512513590224,54.38222300139148
2024-04-16T22:50:00Z,Los Angeles Angels,1499.9888453974727,55.73029440331813
2024-04-16T23:07:00Z,Toronto Blue Jays,1500.0377767952914,56.68069790621043
2024-04-16T23:07:00Z,New York Yankees,1500.1444842062815,57.3176069087169
2024-04-16T23:10:00Z,Boston Red Sox,1500.0013353248198,58.43110159401627
2024-04-16T23:10:00Z,Cleveland Guardians,1500.1553361976826,61.347950711571194
2024-04-16T23:10:00Z,New York Mets,1500.0261470657047,60.975251646300684
2024-04-16T23:10:00Z,Pittsburgh Pirates,1500.1071324837276,56.37848185189722
2024-04-16T23:40:00Z,Milwaukee Brewers,1500.1013277481757,59.94218750132411
2024-04-16T23:40:00Z,San Diego Padres,1500.0376719779272,53.97451868687766
2024-04-17T00:10:00Z,Houston Astros,1499.8509440525813,53.935143017529384
2024-04-17T00:10:00Z,Atlanta Braves,1500.1748165525835,60.8407158817122
2024-04-17T01:40:00Z,Arizona Diamondbacks,1500.024057227158,56.51827902495839
2024-04-17T01:40:00Z,Chicago Cubs,1500.0939552623488,53.71243731212148
2024-04-17T01:40:00Z,Seattle Mariners,1499.9391393459275,57.575825198322356
2024-04-17T01:40:00Z,Cincinnati Reds,1500.0189726077838,62.96890770601824
2024-04-17T01:40:00Z,Oakland Athletics,1499.8992470733617,53.71231322243405
2024-04-17T01:40:00Z,St. Louis Cardinals,1499.9935131070104,54.830598453918434
2024-04-17T02:10:00Z,Los Angeles Dodgers,1500.0584470263066,54.21520886524536
2024-04-17T02:10:00Z,Washington Nationals,1499.9416075556671,53.82729794956776
2024-04-17T16:10:00Z,Miami Marlins,1499.7257920221493,45.71666344296653
2024-04-17T16:10:00Z,San Francisco Giants,1499.9378229999327,43.94471213100459
2024-04-17T17:05:00Z,Baltimore Orioles,1500.1548149513505,49.36332495846864
2024-04-17T17:05:00Z,Minnesota Twins,1499.8526262857856,48.72641226269872
2024-04-17T17:10:00Z,New York Mets,1500.0504781017275,49.149459184737914
2024-04-17T17:10:00Z,Pittsburgh Pirates,1500.0863316782206,46.644951773210956
2024-04-17T17:10:00Z,Detroit Tigers,1500.0352312204961,45.37963008774815
2024-04-17T17:10:00Z,Texas Rangers,1500.0389485982791,43.13836344497605
2024-04-17T17:10:00Z,Milwaukee Brewers,1500.1261332682166,48.1119268058475
2024-04-17T17:10:00Z,San Diego Padres,1500.0175597252232,44.85810498727951
2024-04-17T18:10:00Z,Houston Astros,1499.826805692838,44.945152196005225
2024-04-17T18:10:00Z,Atlanta Braves,1500.205531708002,48.71235824184361
2024-04-17T18:10:00Z,Chicago White Sox,1499.6657482228693,65.2570891704311
2024-04-17T18:10:00Z,Kansas City Royals,1500.1441982117653,61.915773154045056
2024-04-17T18:15:00Z,Chicago White Sox,1499.6897872469524,52.82190382375068
2024-04-17T18:15:00Z,Kansas City Royals,1500.1225578738756,51.00235496430155
2024-04-17T19:07:00Z,Toronto Blue Jays,1500.0105831721748,46.366022954506256
2024-04-17T19:07:00Z,New York Yankees,1500.1722924009837,46.71271891623266
2024-04-17T19:10:00Z,Los Angeles Dodgers,1500.0305522995914,44.21365075095623
2024-04-17T19:10:00Z,Washington Nationals,1499.9691045357663,44.00249713003105
2024-04-17T19:37:00Z,Oakland Athletics,1499.921157157457,44.0072957551814
2024-04-17T19:37:00Z,St. Louis Cardinals,1499.9706811938688,44.61605261561979
2024-04-17T19:40:00Z,Arizona Diamondbacks,1499.9950588832269,45.7605967973816
2024-04-17T19:40:00Z,Chicago Cubs,1500.120145838829,44.23268563531762
2024-04-17T20:10:00Z,Seattle Mariners,1499.9597487913895,47.726153078628585
2024-04-17T20:10:00Z,Cincinnati Reds,1499.9943213953782,50.66535974879411
2024-04-17T22:05:00Z,Philadelphia Phillies,1500.0656565450315,43.54909506395346
2024-04-17T22:05:00Z,Colorado Rockies,1499.7388814614103,45.095682611280246
2024-04-17T22:50:00Z,Tampa Bay Rays,1500.024296350874,44.58519183044704
2024-04-17T22:50:00Z,Los Angeles Angels,1500.0171533350447,45.319056160654014
2024-04-17T23:10:00Z,Boston Red Sox,1500.0228646867631,48.100606319027385
2024-04-17T23:10:00Z,Cleveland Guardians,1500.1316037172867,49.688912957405115
2024-04-18T17:10:00Z,Tampa Bay Rays,1500.0457392040132,36.50310724615741
2024-04-18T17:10:00Z,Los Angeles Angels,1499.9949987813843,36.90258865510394
2024-04-18T17:10:00Z,Detroit Tigers,1500.0055550829838,36.743692071781034
2024-04-18T17:10:00Z,Texas Rangers,1500.065765759456,35.52322334394504
2024-04-18T17:35:00Z,Boston Red Sox,1499.9958593642639,39.48829668341773
2024-04-18T17:35:00Z,Cleveland Guardians,1500.160421944293,40.353000657146985
2024-04-19T01:45:00Z,San Francisco Giants,1499.958752474143,36.125192754419295
2024-04-19T01:45:00Z,Arizona Diamondbacks,1499.9723639750505,37.113882598156664
2024-04-19T18:20:00Z,Chicago Cubs,1500.1411114827429,36.316047292217846
2024-04-19T18:20:00Z,Miami Marlins,1499.7033960127608,37.12395682316806
2024-04-19T22:40:00Z,Cincinnati Reds,1500.022751052551,39.40261441562351
2024-04-19T22:40:00Z,Los Angeles Angels,1499.9799166393711,31.800503594306857
2024-04-19T22:40:00Z,Pittsburgh Pirates,1500.0532962098785,37.0791909902258
2024-04-19T22:40:00Z,Boston Red Sox,1500.0195353447482,33.167268143160406
2024-04-19T22:40:00Z,Philadelphia Phillies,1500.0833963017265,36.74456431886863
2024-04-19T22:40:00Z,Chicago White Sox,1499.6636886302315,41.82036289678489
2024-04-19T22:45:00Z,Washington Nationals,1499.9414261940274,36.055470197896454
2024-04-19T22:45:00Z,Houston Astros,1499.855682630239,36.568621838559814
2024-04-19T23:05:00Z,New York Yankees,1500.1990266114256,36.69113886397086
2024-04-19T23:05:00Z,Tampa Bay Rays,1500.0294140706126,31.622776601683793
2024-04-19T23:10:00Z,Cleveland Guardians,1500.180078285306,33.43345980064769
2024-04-19T23:10:00Z,Oakland Athletics,1499.8977795332514,35.42488321027806
2024-04-19T23:20:00Z,Atlanta Braves,1500.23371124341,37.89006574325339
2024-04-19T23:20:00Z,Texas Rangers,1500.050779948439,31.622776601683793
2024-04-19T23:40:00Z,Kansas City Royals,1500.145422018754,41.418456069745055
2024-04-19T23:40:00Z,Baltimore Orioles,1500.1333967343785,40.526135771105125
2024-04-20T00:10:00Z,Minnesota Twins,1499.816566938427,38.07802446422794
2024-04-20T00:10:00Z,Detroit Tigers,1500.0260598376344,31.622776601683793
2024-04-20T00:15:00Z,St. Louis Cardinals,1499.9447397659517,36.894786797746924
2024-04-20T00:15:00Z,Milwaukee Brewers,1500.1562992240238,38.799350397666956
2024-04-20T01:40:00Z,San Diego Padres,1499.9903352690337,36.82992640242608
2024-04-20T01:40:00Z,Toronto Blue Jays,1500.0396687073433,37.65087000071235
2024-04-20T02:10:00Z,Los Angeles Dodgers,1500.00544069009,36.75191839514456
2024-04-20T02:10:00Z,New York Mets,1500.0815093526708,39.44320954905601
2024-04-20T02:15:00Z,San Francisco Giants,1499.930619861078,31.622776601683793
2024-04-20T02:15:00Z,Arizona Diamondbacks,1500.0020575512717,31.622776601683793
2024-04-20T17:05:00Z,New York Yankees,1500.1654555544833,31.622776601683793
2024-04-20T17:05:00Z,Tampa Bay Rays,1500.0543509801853,31.622776601683793
2024-04-20T18:10:00Z,Minnesota Twins,1499.8414061446745,31.622776601683793
2024-04-20T18:10:00Z,Detroit Tigers,1500.0089285938045,31.622776601683793
2024-04-20T18:15:00Z,St. Louis Cardinals,1499.917469381396,31.622776601683793
2024-04-20T18:15:00Z,Milwaukee Brewers,1500.1864577534575,31.622776601683793
2024-04-20T18:20:00Z,Chicago Cubs,1500.1126785361073,31.622776601683793
2024-04-20T18:20:00Z,Miami Marlins,1499.7331081054874,31.622776601683793
2024-04-20T20:05:00Z,Washington Nationals,1499.962145333593,31.622776601683793
2024-04-20T20:05:00Z,Houston Astros,1499.8343695325502,31.622776601683793
2024-04-20T20:05:00Z,Los Angeles Dodgers,1499.9787298491403,31.622776601683793
2024-04-20T20:05:00Z,New York Mets,1500.1122754229643,31.83309540379635
2024-04-20T20:05:00Z,Pittsburgh Pirates,1500.0209759929212,31.622776601683793
2024-04-20T20:05:00Z,Boston Red Sox,1500.0453956216759,31.622776601683793
2024-04-20T20:05:00Z,San Francisco Giants,1499.951123146267,31.622776601683793
2024-04-20T20:05:00Z,Arizona Diamondbacks,1499.9815542660826,31.622776601683793
2024-04-20T22:05:00Z,Philadelphia Phillies,1500.1018716058677,31.622776601683793
2024-04-20T22:05:00Z,Chicago White Sox,1499.6397565204663,33.43663136594602
2024-04-20T22:10:00Z,Cleveland Guardians,1500.1996049320278,31.622776601683793
2024-04-20T22:10:00Z,Oakland Athletics,1499.8758574470519,31.622776601683793
2024-04-20T22:40:00Z,Cincinnati Reds,1500.048156620504,31.622776601683793
2024-04-20T22:40:00Z,Los Angeles Angels,1499.9633685893232,31.622776601683793
2024-04-20T23:10:00Z,Kansas City Royals,1500.1162904349735,33.695954793124415
2024-04-20T23:10:00Z,Baltimore Orioles,1500.161286616237,33.2102019513166
2024-04-20T23:20:00Z,Atlanta Braves,1500.258253348832,31.622776601683793
2024-04-20T23:20:00Z,Texas Rangers,1500.0336852635526,31.622776601683793
2024-04-20T23:40:00Z,Chicago Cubs,1500.1329860190065,31.622776601683793
2024-04-20T23:40:00Z,Miami Marlins,1499.7128006225882,31.622776601683793
2024-04-21T00:10:00Z,Colorado Rockies,1499.712437053057,37.17300818833119
2024-04-21T00:10:00Z,Seattle Mariners,1499.9893682273635,38.60555716325468
2024-04-21T00:40:00Z,San Diego Padres,1499.9621353368875,31.622776601683793
2024-04-21T00:40:00Z,Toronto Blue Jays,1500.0691398105398,31.622776601683793
2024-04-21T17:35:00Z,Washington Nationals,1499.9825620749768,31.622776601683793
2024-04-21T17:35:00Z,Houston Astros,1499.8139527911665,31.622776601683793
2024-04-21T17:35:00Z,Pittsburgh Pirates,1499.9914588442073,31.622776601683793
2024-04-21T17:35:00Z,Boston Red Sox,1500.0749127703898,31.622776601683793
2024-04-21T17:35:00Z,Philadelphia Phillies,1500.1211377069658,31.622776601683793
2024-04-21T17:35:00Z,Chicago White Sox,1499.6182168592006,31.622776601683793
2024-04-21T17:35:00Z,New York Yankees,1500.1858795349028,31.622776601683793
2024-04-21T17:35:00Z,Tampa Bay Rays,1500.0339269997658,31.622776601683793
2024-04-21T17:40:00Z,Cincinnati Reds,1500.0685920294518,31.622776601683793
2024-04-21T17:40:00Z,Los Angeles Angels,1499.9429331803753,31.622776601683793
2024-04-21T17:40:00Z,Cleveland Guardians,1500.2199366250866,31.622776601683793
2024-04-21T17:40:00Z,Oakland Athletics,1499.855525753993,31.622776601683793
2024-04-21T18:10:00Z,Kansas City Royals,1500.08660016673,31.622776601683793
2024-04-21T18:10:00Z,Baltimore Orioles,1500.1901270388978,31.622776601683793
2024-04-21T18:10:00Z,Minnesota Twins,1499.81195120317,31.622776601683793
2024-04-21T18:10:00Z,Detroit Tigers,1500.0383835353089,31.622776601683793
2024-04-21T18:15:00Z,St. Louis Cardinals,1499.8880585746306,31.622776601683793
2024-04-21T18:15:00Z,Milwaukee Brewers,1500.2158685602228,31.622776601683793
2024-04-21T18:20:00Z,Chicago Cubs,1500.1032758918852,31.622776601683793
2024-04-21T18:20:00Z,Miami Marlins,1499.7425107497095,31.622776601683793
2024-04-21T19:10:00Z,Colorado Rockies,1499.732944559637,31.622776601683793
2024-04-21T19:10:00Z,Seattle Mariners,1499.9672496548965,31.622776601683793
2024-04-21T20:05:00Z,San Francisco Giants,1499.9216086098552,31.622776601683793
2024-04-21T20:05:00Z,Arizona Diamondbacks,1500.0110688024945,31.622776601683793
2024-04-21T20:10:00Z,Los Angeles Dodgers,1499.9991385361989,31.622776601683793
2024-04-21T20:10:00Z,New York Mets,1500.0915943623238,31.622776601683793
2024-04-21T20:10:00Z,San Diego Padres,1499.9826540825366,31.622776601683793
2024-04-21T20:10:00Z,Toronto Blue Jays,1500.0486210648908,31.622776601683793
2024-04-21T23:10:00Z,Atlanta Braves,1500.2286280731369,31.622776601683793
2024-04-21T23:10:00Z,Texas Rangers,1500.0633105392478,31.622776601683793
2024-04-22T00:10:00Z,Colorado Rockies,1499.7035186641274,31.622776601683793
2024-04-22T00:10:00Z,Seattle Mariners,1499.996675550406,31.622776601683793
2024-04-22T17:05:00Z,New York Yankees,1500.1562083624679,31.622776601683793
2024-04-22T17:05:00Z,Oakland Athletics,1499.885196926428,31.622776601683793
2024-04-22T22:40:00Z,Cincinnati Reds,1500.0390871036427,31.622776601683793
2024-04-22T22:40:00Z,Philadelphia Phillies,1500.1506426327749,31.622776601683793
2024-04-22T22:40:00Z,Pittsburgh Pirates,1500.012028644254,31.622776601683793
2024-04-22T22:40:00Z,Milwaukee Brewers,1500.195298760176,31.622776601683793
2024-04-22T22:50:00Z,Tampa Bay Rays,1500.0044011766365,31.622776601683793
2024-04-22T22:50:00Z,Detroit Tigers,1500.067909358438,31.622776601683793
2024-04-22T23:20:00Z,Atlanta Braves,1500.2488893670757,31.622776601683793
2024-04-22T23:20:00Z,Miami Marlins,1499.7222494557707,31.622776601683793
2024-04-22T23:40:00Z,Kansas City Royals,1500.0570559073028,31.622776601683793
2024-04-22T23:40:00Z,Toronto Blue Jays,1500.078165324318,31.622776601683793
2024-04-22T23:40:00Z,Minnesota Twins,1499.832339309958,31.622776601683793
2024-04-22T23:40:00Z,Chicago White Sox,1499.5978287524129,31.622776601683793
2024-04-22T23:45:00Z,St. Louis Cardinals,1499.9085842787013,31.622776601683793
2024-04-22T23:45:00Z,Arizona Diamondbacks,1499.9905430984238,31.622776601683793
2024-04-23T00:40:00Z,Colorado Rockies,1499.6741122722653,31.622776601683793
2024-04-23T00:40:00Z,San Diego Padres,1500.0120604743986,31.622776601683793
2024-04-23T01:38:00Z,Los Angeles Angels,1499.913512891737,31.622776601683793
2024-04-23T01:38:00Z,Baltimore Orioles,1500.2195473275362,31.622776601683793
2024-04-23T01:45:00Z,San Francisco Giants,1499.9421547395502,31.622776601683793
2024-04-23T01:45:00Z,New York Mets,1500.0710482326288,31.622776601683793
2024-04-23T22:10:00Z,Cleveland Guardians,1500.2403458776214,31.622776601683793
2024-04-23T22:10:00Z,Boston Red Sox,1500.054503517855,31.622776601683793
2024-04-23T22:40:00Z,Cincinnati Reds,1500.0596078277829,31.622776601683793
2024-04-23T22:40:00Z,Philadelphia Phillies,1500.1301219086347,31.622776601683793
2024-04-23T22:40:00Z,Pittsburgh Pirates,1500.0325805510563,31.622776601683793
2024-04-23T22:40:00Z,Milwaukee Brewers,1500.1747468533738,31.622776601683793
2024-04-23T22:45:00Z,Washington Nationals,1499.9530415181237,31.622776601683793
2024-04-23T22:45:00Z,Los Angeles Dodgers,1500.028659093052,31.622776601683793
2024-04-23T22:50:00Z,Tampa Bay Rays,1499.974901015343,31.622776601683793
2024-04-23T22:50:00Z,Detroit Tigers,1500.0974095197316,31.622776601683793
2024-04-23T23:05:00Z,New York Yankees,1500.176562933472,31.622776601683793
2024-04-23T23:05:00Z,Oakland Athletics,1499.864842355424,31.622776601683793
2024-04-23T23:20:00Z,Atlanta Braves,1500.2691331010494,31.622776601683793
2024-04-23T23:20:00Z,Miami Marlins,1499.702005721797,31.622776601683793
2024-04-23T23:40:00Z,Chicago Cubs,1500.1236225182054,31.622776601683793
2024-04-23T23:40:00Z,Houston Astros,1499.7936061648463,31.622776601683793
2024-04-23T23:40:00Z,Kansas City Royals,1500.077537320166,31.622776601683793
2024-04-23T23:40:00Z,Toronto Blue Jays,1500.057683911455,31.622776601683793
2024-04-23T23:40:00Z,Minnesota Twins,1499.8527097194835,31.622776601683793
2024-04-23T23:40:00Z,Chicago White Sox,1499.5774583428872,31.622776601683793
2024-04-23T23:45:00Z,St. Louis Cardinals,1499.87909213701,31.622776601683793
2024-04-23T23:45:00Z,Arizona Diamondbacks,1500.020035240115,31.622776601683793
2024-04-24T00:05:00Z,Texas Rangers,1500.0337538324522,31.622776601683793
2024-04-24T00:05:00Z,Seattle Mariners,1500.0262322572016,31.622776601683793
2024-04-24T00:40:00Z,Colorado Rockies,1499.694731473789,31.622776601683793
2024-04-24T00:40:00Z,San Diego Padres,1499.991441272875,31.622776601683793
2024-04-24T01:38:00Z,Los Angeles Angels,1499.9341182045134,31.622776601683793
2024-04-24T01:38:00Z,Baltimore Orioles,1500.1989420147597,31.622776601683793
2024-04-24T01:45:00Z,San Francisco Giants,1499.9626830014827,31.622776601683793
2024-04-24T01:45:00Z,New York Mets,1500.0505199706963,31.622776601683793
2024-04-24T17:15:00Z,St. Louis Cardinals,1499.8996256379776,31.622776601683793
2024-04-24T17:15:00Z,Arizona Diamondbacks,1499.9995017391475,31.622776601683793
2024-04-24T19:45:00Z,San Francisco Giants,1499.9331934148975,31.622776601683793
2024-04-24T19:45:00Z,New York Mets,1500.0800095572815,31.622776601683793
2024-04-24T20:07:00Z,Los Angeles Angels,1499.9047055858432,31.622776601683793
2024-04-24T20:07:00Z,Baltimore Orioles,1500.22835463343,31.622776601683793
2024-04-24T22:10:00Z,Cleveland Guardians,1500.2107374100403,31.622776601683793
2024-04-24T22:10:00Z,Boston Red Sox,1500.084111985436,31.622776601683793
2024-04-24T22:40:00Z,Cincinnati Reds,1500.0801107115271,31.622776601683793
2024-04-24T22:40:00Z,Philadelphia Phillies,1500.1096190248904,31.622776601683793
2024-04-24T22:40:00Z,Pittsburgh Pirates,1500.003114583875,31.622776601683793
2024-04-24T22:40:00Z,Milwaukee Brewers,1500.204212820555,31.622776601683793
2024-04-24T22:45:00Z,Washington Nationals,1499.9235466201144,31.622776601683793
2024-04-24T22:45:00Z,Los Angeles Dodgers,1500.0581539910613,31.622776601683793
2024-04-24T22:50:00Z,Tampa Bay Rays,1499.9954265012832,31.622776601683793
2024-04-24T22:50:00Z,Detroit Tigers,1500.0768840337914,31.622776601683793
2024-04-24T23:05:00Z,New York Yankees,1500.1968998434822,31.622776601683793
2024-04-24T23:05:00Z,Oakland Athletics,1499.8445054454137,31.622776601683793
2024-04-24T23:20:00Z,Atlanta Braves,1500.2893592941023,31.622776601683793
2024-04-24T23:20:00Z,Miami Marlins,1499.681779528744,31.622776601683793
2024-04-24T23:40:00Z,Chicago Cubs,1500.1439514921278,31.622776601683793
2024-04-24T23:40:00Z,Houston Astros,1499.7732771909239,31.622776601683793
2024-04-24T23:40:00Z,Kansas City Royals,1500.098000935013,31.622776601683793
2024-04-24T23:40:00Z,Toronto Blue Jays,1500.0372202966078,31.622776601683793
2024-04-24T23:40:00Z,Minnesota Twins,1499.8730624508823,31.622776601683793
2024-04-24T23:40:00Z,Chicago White Sox,1499.5571056114884,31.622776601683793
2024-04-25T00:05:00Z,Texas Rangers,1500.0542228049883,31.622776601683793
2024-04-25T00:05:00Z,Seattle Mariners,1500.0057632846656,31.622776601683793
2024-04-25T00:40:00Z,Colorado Rockies,1499.665332728935,31.622776601683793
2024-04-25T00:40:00Z,San Diego Padres,1500.020840017729,31.622776601683793
2024-04-25T16:35:00Z,Pittsburgh Pirates,1499.9736742443806,31.622776601683793
2024-04-25T16:35:00Z,Milwaukee Brewers,1500.2336531600495,31.622776601683793
2024-04-25T17:10:00Z,Cleveland Guardians,1500.2311546509243,31.622776601683793
2024-04-25T17:10:00Z,Boston Red Sox,1500.063694744552,31.622776601683793
2024-04-25T17:10:00Z,Cincinnati Reds,1500.0505957741034,31.622776601683793
2024-04-25T17:10:00Z,Philadelphia Phillies,1500.1391339623142,31.622776601683793
2024-04-25T17:10:00Z,Minnesota Twins,1499.8933975232776,31.622776601683793
2024-04-25T17:10:00Z,Chicago White Sox,1499.5367705390931,31.622776601683793
2024-04-25T18:20:00Z,Chicago Cubs,1500.1642628327586,31.622776601683793
2024-04-25T18:20:00Z,Houston Astros,1499.752965850293,31.622776601683793
2024-04-25T18:35:00Z,Texas Rangers,1500.0246739929282,31.622776601683793
2024-04-25T18:35:00Z,Seattle Mariners,1500.0353120967256,31.622776601683793
2024-04-25T19:10:00Z,Colorado Rockies,1499.6859595730414,31.622776601683793
2024-04-25T19:10:00Z,San Diego Padres,1500.0002131736226,31.622776601683793
2024-04-25T20:05:00Z,Washington Nationals,1499.894077366337,31.622776601683793
2024-04-25T20:05:00Z,Los Angeles Dodgers,1500.0876232448388,31.622776601683793
2024-04-25T23:05:00Z,New York Yankees,1500.1672191116102,31.622776601683793
2024-04-25T23:05:00Z,Oakland Athletics,1499.8741861772858,31.622776601683793
2024-04-26T17:10:00Z,Detroit Tigers,1500.0473654499067,31.622776601683793
2024-04-26T17:10:00Z,Kansas City Royals,1500.1275195188978,31.622776601683793
2024-04-26T23:05:00Z,Baltimore Orioles,1500.1986731321633,31.622776601683793
2024-04-26T23:05:00Z,Oakland Athletics,1499.9038676785524,31.622776601683793
2024-04-26T23:07:00Z,Toronto Blue Jays,1500.0077144395584,31.622776601683793
2024-04-26T23:07:00Z,Los Angeles Dodgers,1500.1171291018882,31.622776601683793
2024-04-26T23:10:00Z,Boston Red Sox,1500.0342106921737,31.622776601683793
2024-04-26T23:10:00Z,Chicago Cubs,1500.193746885137,31.622776601683793
2024-04-26T23:10:00Z,New York Mets,1500.0504034590988,31.622776601683793
2024-04-26T23:10:00Z,St. Louis Cardinals,1499.9292317361603,31.622776601683793
2024-04-26T23:10:00Z,Miami Marlins,1499.6523440604706,31.622776601683793
2024-04-26T23:10:00Z,Washington Nationals,1499.9235128346104,31.622776601683793
2024-04-26T23:20:00Z,Atlanta Braves,1500.3098062490378,31.622776601683793
2024-04-26T23:20:00Z,Cleveland Guardians,1500.2107076959887,31.622776601683793
2024-04-26T23:40:00Z,Chicago White Sox,1499.5574422919578,31.622776601683793
2024-04-26T23:40:00Z,Tampa Bay Rays,1499.9747547484185,31.622776601683793
2024-04-27T00:05:00Z,Texas Rangers,1500.0451574969693,31.622776601683793
2024-04-27T00:05:00Z,Cincinnati Reds,1500.0301122700623,31.622776601683793
2024-04-27T00:10:00Z,Milwaukee Brewers,1500.2540965405308,31.622776601683793
2024-04-27T00:10:00Z,New York Yankees,1500.1467757311289,31.622776601683793
2024-04-27T01:38:00Z,Los Angeles Angels,1499.8751729132657,31.622776601683793
2024-04-27T01:38:00Z,Minnesota Twins,1499.922930195855,31.622776601683793
2024-04-27T01:40:00Z,Seattle Mariners,1500.055768779419,31.622776601683793
2024-04-27T01:40:00Z,Arizona Diamondbacks,1499.9790450564542,31.622776601683793
2024-04-27T01:40:00Z,San Diego Padres,1499.9707457952884,31.622776601683793
2024-04-27T01:40:00Z,Philadelphia Phillies,1500.1686013406484,31.622776601683793
2024-04-27T02:15:00Z,San Francisco Giants,1499.9536832457807,31.622776601683793
2024-04-27T02:15:00Z,Pittsburgh Pirates,1499.9531844134974,31.622776601683793
2024-04-27T19:07:00Z,Toronto Blue Jays,1499.9782342329888,31.622776601683793
2024-04-27T19:07:00Z,Los Angeles Dodgers,1500.1466093084578,31.622776601683793
2024-04-27T20:05:00Z,Baltimore Orioles,1500.2190173800632,31.622776601683793
2024-04-27T20:05:00Z,Oakland Athletics,1499.8835234306525,31.622776601683793
2024-04-27T20:05:00Z,New York Mets,1500.0208230680528,31.622776601683793
2024-04-27T20:05:00Z,St. Louis Cardinals,1499.9588121272063,31.622776601683793
2024-04-27T20:05:00Z,Texas Rangers,1500.015623200739,31.622776601683793
2024-04-27T20:05:00Z,Cincinnati Reds,1500.0596465662927,31.622776601683793
2024-04-27T20:10:00Z,Boston Red Sox,1500.0547522778336,31.622776601683793
2024-04-27T20:10:00Z,Chicago Cubs,1500.173205299477,31.622776601683793
2024-04-27T20:10:00Z,Miami Marlins,1499.6229342023628,31.622776601683793
2024-04-27T20:10:00Z,Washington Nationals,1499.9529226927182,31.622776601683793
2024-04-27T22:05:00Z,Colorado Rockies,1499.6564609321433,31.622776601683793
2024-04-27T22:05:00Z,Houston Astros,1499.7824644911911,31.622776601683793
2024-04-27T22:10:00Z,Detroit Tigers,1500.0678725237442,31.622776601683793
2024-04-27T22:10:00Z,Kansas City Royals,1500.1070124450603,31.622776601683793
2024-04-27T23:10:00Z,Chicago White Sox,1499.5780960419977,31.622776601683793
2024-04-27T23:10:00Z,Tampa Bay Rays,1499.9541009983786,31.622776601683793
2024-04-27T23:10:00Z,Milwaukee Brewers,1500.2245221640364,31.622776601683793
2024-04-27T23:10:00Z,New York Yankees,1500.1763501076232,31.622776601683793
2024-04-27T23:20:00Z,Atlanta Braves,1500.280235443139,31.622776601683793
2024-04-27T23:20:00Z,Cleveland Guardians,1500.2402785018876,31.622776601683793
2024-04-28T00:40:00Z,San Diego Padres,1499.94130404545,31.622776601683793
2024-04-28T00:40:00Z,Philadelphia Phillies,1500.1980430904869,31.622776601683793
2024-04-28T01:05:00Z,San Francisco Giants,1499.9241552695692,31.622776601683793
2024-04-28T01:05:00Z,Pittsburgh Pirates,1499.982712389709,31.622776601683793
2024-04-28T01:38:00Z,Los Angeles Angels,1499.8456659064116,31.622776601683793
2024-04-28T01:38:00Z,Minnesota Twins,1499.9524372027092,31.622776601683793
2024-04-28T01:40:00Z,Seattle Mariners,1500.0762076907781,31.622776601683793
2024-04-28T01:40:00Z,Arizona Diamondbacks,1499.958606145095,31.622776601683793
2024-04-28T17:35:00Z,Baltimore Orioles,1500.189343978139,31.622776601683793
2024-04-28T17:35:00Z,Oakland Athletics,1499.9131968325767,31.622776601683793
2024-04-28T17:35:00Z,Atlanta Braves,1500.3006903245312,31.622776601683793
2024-04-28T17:35:00Z,Cleveland Guardians,1500.2198236204954,31.622776601683793
2024-04-28T17:37:00Z,Toronto Blue Jays,1499.9987796622586,31.622776601683793
2024-04-28T17:37:00Z,Los Angeles Dodgers,1500.126063879188,31.622776601683793
2024-04-28T17:40:00Z,Detroit Tigers,1500.0883617718969,31.622776601683793
2024-04-28T17:40:00Z,Kansas City Royals,1500.0865231969076,31.622776601683793
2024-04-28T17:40:00Z,New York Mets,1500.0412683696984,31.622776601683793
2024-04-28T17:40:00Z,St. Louis Cardinals,1499.9383668255607,31.622776601683793
2024-04-28T17:40:00Z,Miami Marlins,1499.593549939645,31.622776601683793
2024-04-28T17:40:00Z,Washington Nationals,1499.982306955436,31.622776601683793
2024-04-28T18:10:00Z,Chicago White Sox,1499.5987318085415,31.622776601683793
2024-04-28T18:10:00Z,Tampa Bay Rays,1499.9334652318348,31.622776601683793
2024-04-28T18:10:00Z,Milwaukee Brewers,1500.194973476846,31.622776601683793
2024-04-28T18:10:00Z,New York Yankees,1500.2058987948137,31.622776601683793
2024-04-28T18:35:00Z,Texas Rangers,1500.0361145711527,31.622776601683793
2024-04-28T18:35:00Z,Cincinnati Reds,1500.039155195879,31.622776601683793
2024-04-28T20:05:00Z,Colorado Rockies,1499.6269879376123,31.622776601683793
2024-04-28T20:05:00Z,Houston Astros,1499.8119374857222,31.622776601683793
2024-04-28T20:05:00Z,San Francisco Giants,1499.944652956416,31.622776601683793
2024-04-28T20:05:00Z,Pittsburgh Pirates,1499.9622147028622,31.622776601683793
2024-04-28T20:07:00Z,Los Angeles Angels,1499.816184550692,31.622776601683793
2024-04-28T20:07:00Z,Minnesota Twins,1499.9819185584288,31.622776601683793
2024-04-28T20:10:00Z,Seattle Mariners,1500.0466288499867,31.622776601683793
2024-04-28T20:10:00Z,Arizona Diamondbacks,1499.9881849858864,31.622776601683793
2024-04-28T20:10:00Z,San Diego Padres,1499.9118879093924,31.622776601683793
2024-04-28T20:10:00Z,Philadelphia Phillies,1500.2274592265444,31.622776601683793
2024-04-28T23:10:00Z,Boston Red Sox,1500.0752760006242,31.622776601683793
2024-04-28T23:10:00Z,Chicago Cubs,1500.1526815766865,31.622776601683793
2024-04-29T22:35:00Z,Baltimore Orioles,1500.2098234118807,31.622776601683793
2024-04-29T22:35:00Z,New York Yankees,1500.185419361072,31.622776601683793
2024-04-29T22:40:00Z,Miami Marlins,1499.564191257493,31.622776601683793
2024-04-29T22:40:00Z,Washington Nationals,1500.011665637588,31.622776601683793
2024-04-29T23:07:00Z,Toronto Blue Jays,1500.019290035059,31.622776601683793
2024-04-29T23:07:00Z,Kansas City Royals,1500.0660128241072,31.622776601683793
2024-04-29T23:10:00Z,New York Mets,1500.011789031966,31.622776601683793
2024-04-29T23:10:00Z,Chicago Cubs,1500.182160914419,31.622776601683793
2024-04-29T23:40:00Z,Chicago White Sox,1499.5693707014645,31.622776601683793
2024-04-29T23:40:00Z,Minnesota Twins,1500.0112796655058,31.622776601683793
2024-04-29T23:40:00Z,Milwaukee Brewers,1500.1653321711983,31.622776601683793
2024-04-29T23:40:00Z,Tampa Bay Rays,1499.9631065374824,31.622776601683793
2024-04-30T01:38:00Z,Los Angeles Angels,1499.8368356719159,31.622776601683793
2024-04-30T01:38:00Z,Philadelphia Phillies,1500.2068081053205,31.622776601683793
2024-04-30T01:40:00Z,Arizona Diamondbacks,1499.9587171545397,31.622776601683793
2024-04-30T01:40:00Z,Los Angeles Dodgers,1500.1555317105347,31.622776601683793
2024-04-30T01:40:00Z,Oakland Athletics,1499.9336903735712,31.622776601683793
2024-04-30T01:40:00Z,Pittsburgh Pirates,1499.9417211618677,31.622776601683793
2024-04-30T01:40:00Z,San Diego Padres,1499.8824154642928,31.622776601683793
2024-04-30T01:40:00Z,Cincinnati Reds,1500.0686276409785,31.622776601683793
2024-04-30T01:40:00Z,Seattle Mariners,1500.067211549047,31.622776601683793
2024-04-30T01:40:00Z,Atlanta Braves,1500.280107625471,31.622776601683793
2024-04-30T19:40:00Z,Detroit Tigers,1500.0587688661817,31.622776601683793
2024-04-30T19:40:00Z,St. Louis Cardinals,1499.9679597312759,31.622776601683793
2024-04-30T19:45:00Z,Detroit Tigers,1500.079201660198,31.622776601683793
2024-04-30T19:45:00Z,St. Louis Cardinals,1499.9475269372597,31.622776601683793
2024-04-30T22:35:00Z,Baltimore Orioles,1500.2302850497413,31.622776601683793
2024-04-30T22:35:00Z,New York Yankees,1500.1649577232115,31.622776601683793
2024-04-30T22:40:00Z,Miami Marlins,1499.5846907869588,31.622776601683793
2024-04-30T22:40:00Z,Colorado Rockies,1499.6064884081463,31.622776601683793
2024-04-30T23:07:00Z,Toronto Blue Jays,1499.9897825786186,31.622776601683793
2024-04-30T23:07:00Z,Kansas City Royals,1500.0955202805476,31.622776601683793
2024-04-30T23:10:00Z,New York Mets,1500.032335329576,31.622776601683793
2024-04-30T23:10:00Z,Chicago Cubs,1500.161614616809,31.622776601683793
2024-04-30T23:10:00Z,Boston Red Sox,1500.095691505731,31.622776601683793
2024-04-30T23:10:00Z,San Francisco Giants,1499.924237451309,31.622776601683793
2024-04-30T23:40:00Z,Chicago White Sox,1499.5400351614924,31.622776601683793
2024-04-30T23:40:00Z,Minnesota Twins,1500.040615205478,31.622776601683793
2024-04-30T23:40:00Z,Milwaukee Brewers,1500.1857165923752,31.622776601683793
2024-04-30T23:40:00Z,Tampa Bay Rays,1499.9427221163055,31.622776601683793
2024-05-01T00:05:00Z,Texas Rangers,1500.0565761895143,31.622776601683793
2024-05-01T00:05:00Z,Washington Nationals,1499.9912040192264,31.622776601683793
2024-05-01T00:10:00Z,Houston Astros,1499.832587131628,31.622776601683793
2024-05-01T00:10:00Z,Cleveland Guardians,1500.1991739745895,31.622776601683793
2024-05-01T01:38:00Z,Los Angeles Angels,1499.8074688124668,31.622776601683793
2024-05-01T01:38:00Z,Philadelphia Phillies,1500.2361749647696,31.622776601683793
2024-05-01T01:40:00Z,Arizona Diamondbacks,1499.9792749519484,31.622776601683793
2024-05-01T01:40:00Z,Los Angeles Dodgers,1500.134973913126,31.622776601683793
2024-05-01T01:40:00Z,Oakland Athletics,1499.9541661034705,31.622776601683793
2024-05-01T01:40:00Z,Pittsburgh Pirates,1499.9212454319684,31.622776601683793
2024-05-01T01:40:00Z,San Diego Padres,1499.9029686505912,31.622776601683793
2024-05-01T01:40:00Z,Cincinnati Reds,1500.04807445468,31.622776601683793
2024-05-01T01:40:00Z,Seattle Mariners,1500.0877763409828,31.622776601683793
2024-05-01T01:40:00Z,Atlanta Braves,1500.259542833535,31.622776601683793
2024-05-01T17:10:00Z,Detroit Tigers,1500.099616708669,31.622776601683793
2024-05-01T17:10:00Z,St. Louis Cardinals,1499.9271118887887,31.622776601683793
2024-05-01T17:10:00Z,Milwaukee Brewers,1500.2060833202745,31.622776601683793
2024-05-01T17:10:00Z,Tampa Bay Rays,1499.9223553884062,31.622776601683793
2024-05-01T18:10:00Z,Chicago White Sox,1499.5107251737086,31.622776601683793
2024-05-01T18:10:00Z,Minnesota Twins,1500.0699251932617,31.622776601683793
2024-05-01T19:07:00Z,Toronto Blue Jays,1499.960300773569,31.622776601683793
2024-05-01T19:07:00Z,Kansas City Royals,1500.125002085597,31.622776601683793
2024-05-01T19:37:00Z,Oakland Athletics,1499.9746240414838,31.622776601683793
2024-05-01T19:37:00Z,Pittsburgh Pirates,1499.900787493955,31.622776601683793
2024-05-01T19:40:00Z,Seattle Mariners,1500.0583232450642,31.622776601683793
2024-05-01T19:40:00Z,Atlanta Braves,1500.2889959294537,31.622776601683793
2024-05-01T20:07:00Z,Los Angeles Angels,1499.7781275234709,31.622776601683793
2024-05-01T20:07:00Z,Philadelphia Phillies,1500.2655162537656,31.622776601683793
2024-05-01T20:10:00Z,San Diego Padres,1499.9235039615287,31.622776601683793
2024-05-01T20:10:00Z,Cincinnati Reds,1500.0275391437426,31.622776601683793
2024-05-01T22:35:00Z,Baltimore Orioles,1500.20072891092,31.622776601683793
2024-05-01T22:35:00Z,New York Yankees,1500.1945138620329,31.622776601683793
2024-05-01T22:40:00Z,Miami Marlins,1499.605172498873,31.622776601683793
2024-05-01T22:40:00Z,Colorado Rockies,1499.5860066962323,31.622776601683793
2024-05-01T23:10:00Z,New York Mets,1500.0028637592425,31.622776601683793
2024-05-01T23:10:00Z,Chicago Cubs,1500.1910861871424,31.622776601683793
2024-05-01T23:10:00Z,Boston Red Sox,1500.1160892839669,31.622776601683793
2024-05-01T23:10:00Z,San Francisco Giants,1499.9038396730732,31.622776601683793
2024-05-02T00:05:00Z,Texas Rangers,1500.0270200312154,31.622776601683793
2024-05-02T00:05:00Z,Washington Nationals,1500.0207601775253,31.622776601683793
2024-05-02T00:10:00Z,Houston Astros,1499.8032187984456,31.622776601683793
2024-05-02T00:10:00Z,Cleveland Guardians,1500.228542307772,31.622776601683793
2024-05-02T01:40:00Z,Arizona Diamondbacks,1499.9498148690316,31.622776601683793
2024-05-02T01:40:00Z,Los Angeles Dodgers,1500.1644339960428,31.622776601683793
2024-05-02T16:10:00Z,Miami Marlins,1499.6256364124483,31.622776601683793
2024-05-02T16:10:00Z,Colorado Rockies,1499.5655427826568,31.622776601683793
2024-05-02T17:05:00Z,Baltimore Orioles,1500.2211984511093,31.622776601683793
2024-05-02T17:05:00Z,New York Yankees,1500.1740443218434,31.622776601683793
2024-05-02T17:10:00Z,New York Mets,1500.023417819806,31.622776601683793
2024-05-02T17:10:00Z,Chicago Cubs,1500.170532126579,31.622776601683793
2024-05-02T17:35:00Z,Boston Red Sox,1500.0864693544863,31.622776601683793
2024-05-02T17:35:00Z,San Francisco Giants,1499.9334596025537,31.622776601683793
2024-05-02T18:35:00Z,Texas Rangers,1500.047489551938,31.622776601683793
2024-05-02T18:35:00Z,Washington Nationals,1500.0002906568027,31.622776601683793
2024-05-03T00:10:00Z,Houston Astros,1499.823876036574,31.622776601683793
2024-05-03T00:10:00Z,Cleveland Guardians,1500.2078850696437,31.622776601683793
2024-05-03T18:20:00Z,Chicago Cubs,1500.141019815166,31.622776601683793
2024-05-03T18:20:00Z,Milwaukee Brewers,1500.2355956316876,31.622776601683793
2024-05-03T22:10:00Z,Cincinnati Reds,1499.9980955688677,31.622776601683793
2024-05-03T22:10:00Z,Baltimore Orioles,1500.2506420259842,31.622776601683793
2024-05-03T22:40:00Z,Pittsburgh Pirates,1499.8711142001337,31.622776601683793
2024-05-03T22:40:00Z,Colorado Rockies,1499.5952160764782,31.622776601683793
2024-05-03T22:40:00Z,Philadelphia Phillies,1500.2858443427233,31.622776601683793
2024-05-03T22:40:00Z,San Francisco Giants,1499.913131513596,31.622776601683793
2024-05-03T22:45:00Z,Washington Nationals,1500.0207455238847,31.622776601683793
2024-05-03T22:45:00Z,Toronto Blue Jays,1499.939845906487,31.622776601683793
2024-05-03T22:50:00Z,Tampa Bay Rays,1499.9428715509257,31.622776601683793
2024-05-03T22:50:00Z,New York Mets,1500.0029016572864,31.622776601683793
2024-05-03T23:05:00Z,New York Yankees,1500.194484230453,31.622776601683793
2024-05-03T23:05:00Z,Detroit Tigers,1500.0791768000593,31.622776601683793
2024-05-03T23:10:00Z,Cleveland Guardians,1500.1781707927412,31.622776601683793
2024-05-03T23:10:00Z,Los Angeles Angels,1499.8078418003734,31.622776601683793
2024-05-03T23:40:00Z,Kansas City Royals,1500.1454406543612,31.622776601683793
2024-05-03T23:40:00Z,Texas Rangers,1500.027050983174,31.622776601683793
2024-05-04T00:10:00Z,Houston Astros,1499.8444502028844,31.622776601683793
2024-05-04T00:10:00Z,Seattle Mariners,1500.0377490787537,31.622776601683793
2024-05-04T00:10:00Z,Minnesota Twins,1500.0904046223734,31.622776601683793
2024-05-04T00:10:00Z,Boston Red Sox,1500.0659899253747,31.622776601683793
2024-05-04T00:15:00Z,St. Louis Cardinals,1499.9474034085556,31.622776601683793
2024-05-04T00:15:00Z,Chicago White Sox,1499.4904336539416,31.622776601683793
2024-05-04T01:40:00Z,Arizona Diamondbacks,1499.9202756784885,31.622776601683793
2024-05-04T01:40:00Z,San Diego Padres,1499.9530431520718,31.622776601683793
2024-05-04T01:40:00Z,Oakland Athletics,1499.9949447871197,31.622776601683793
2024-05-04T01:40:00Z,Miami Marlins,1499.6053156668124,31.622776601683793
2024-05-04T02:10:00Z,Los Angeles Dodgers,1500.1849603747396,31.622776601683793
2024-05-04T02:10:00Z,Atlanta Braves,1500.268469550757,31.622776601683793
2024-05-04T17:05:00Z,New York Yankees,1500.2149063858355,31.622776601683793
2024-05-04T17:05:00Z,Detroit Tigers,1500.0587546446768,31.622776601683793
2024-05-04T18:10:00Z,Minnesota Twins,1500.1108662556087,31.622776601683793
2024-05-04T18:10:00Z,Boston Red Sox,1500.0455282921394,31.622776601683793
2024-05-04T18:15:00Z,St. Louis Cardinals,1499.9176773355955,31.622776601683793
2024-05-04T18:15:00Z,Chicago White Sox,1499.5201597269017,31.622776601683793
2024-05-04T18:20:00Z,Chicago Cubs,1500.1615331579076,31.622776601683793
2024-05-04T18:20:00Z,Milwaukee Brewers,1500.215082288946,31.622776601683793
2024-05-04T20:05:00Z,Pittsburgh Pirates,1499.8914666509286,31.622776601683793
2024-05-04T20:05:00Z,Colorado Rockies,1499.5748636256833,31.622776601683793
2024-05-04T20:05:00Z,Washington Nationals,1499.991182621592,31.622776601683793
2024-05-04T20:05:00Z,Toronto Blue Jays,1499.9694088087797,31.622776601683793
2024-05-04T20:07:00Z,Oakland Athletics,1500.0152479083724,31.622776601683793
2024-05-04T20:07:00Z,Miami Marlins,1499.5850125455597,31.622776601683793
2024-05-04T22:05:00Z,Philadelphia Phillies,1500.3061547993475,31.622776601683793
2024-05-04T22:05:00Z,San Francisco Giants,1499.8928210569718,31.622776601683793
2024-05-04T22:10:00Z,Cleveland Guardians,1500.1984822831157,31.622776601683793
2024-05-04T22:10:00Z,Los Angeles Angels,1499.7875303099988,31.622776601683793
2024-05-04T22:40:00Z,Cincinnati Reds,1499.9686776088236,31.622776601683793
2024-05-04T22:40:00Z,Baltimore Orioles,1500.2800599860284,31.622776601683793
2024-05-04T23:10:00Z,Kansas City Royals,1500.1158614713447,31.622776601683793
2024-05-04T23:10:00Z,Texas Rangers,1500.0566301661904,31.622776601683793
2024-05-04T23:15:00Z,Houston Astros,1499.8150064712515,31.622776601683793
2024-05-04T23:15:00Z,Seattle Mariners,1500.0671928103866,31.622776601683793
2024-05-04T23:15:00Z,Tampa Bay Rays,1499.9633698779646,31.622776601683793
2024-05-04T23:15:00Z,New York Mets,1499.9824033302475,31.622776601683793
2024-05-05T00:10:00Z,Arizona Diamondbacks,1499.8907621573642,31.622776601683793
2024-05-05T00:10:00Z,San Diego Padres,1499.982556673196,31.622776601683793
2024-05-05T01:10:00Z,Los Angeles Dodgers,1500.2054689069478,31.622776601683793
2024-05-05T01:10:00Z,Atlanta Braves,1500.2479610185487,31.622776601683793
2024-05-05T17:35:00Z,Pittsburgh Pirates,1499.9118014430235,31.622776601683793
2024-05-05T17:35:00Z,Colorado Rockies,1499.5545288335884,31.622776601683793
2024-05-05T17:35:00Z,Washington Nationals,1500.0116454021309,31.622776601683793
2024-05-05T17:35:00Z,Toronto Blue Jays,1499.948946028241,31.622776601683793
2024-05-05T17:40:00Z,Cleveland Guardians,1500.2187761591297,31.622776601683793
2024-05-05T17:40:00Z,Los Angeles Angels,1499.7672364339849,31.622776601683793
2024-05-05T17:40:00Z,Tampa Bay Rays,1499.9838503887481,31.622776601683793
2024-05-05T17:40:00Z,New York Mets,1499.961922819464,31.622776601683793
2024-05-05T18:10:00Z,Houston Astros,1499.7855883545396,31.622776601683793
2024-05-05T18:10:00Z,Seattle Mariners,1500.0966109270985,31.622776601683793
2024-05-05T18:10:00Z,Kansas City Royals,1500.0863079803398,31.622776601683793
2024-05-05T18:10:00Z,Texas Rangers,1500.0861836571953,31.622776601683793
2024-05-05T18:10:00Z,Minnesota Twins,1500.0813101121673,31.622776601683793
2024-05-05T18:10:00Z,Boston Red Sox,1500.0750844355807,31.622776601683793
2024-05-05T18:15:00Z,St. Louis Cardinals,1499.887977036407,31.622776601683793
2024-05-05T18:15:00Z,Chicago White Sox,1499.5498600260903,31.622776601683793
2024-05-05T18:20:00Z,Chicago Cubs,1500.1820286682077,31.622776601683793
2024-05-05T18:20:00Z,Milwaukee Brewers,1500.1945867786458,31.622776601683793
2024-05-05T20:07:00Z,Oakland Athletics,1499.9855334243293,31.622776601683793
2024-05-05T20:07:00Z,Miami Marlins,1499.6147270296028,31.622776601683793
2024-05-05T20:10:00Z,Cincinnati Reds,1499.93928524885,31.622776601683793
2024-05-05T20:10:00Z,Baltimore Orioles,1500.309452346002,31.622776601683793
2024-05-05T20:10:00Z,Arizona Diamondbacks,1499.911274291083,31.622776601683793
2024-05-05T20:10:00Z,San Diego Padres,1499.9620445394773,31.622776601683793
2024-05-05T20:10:00Z,Los Angeles Dodgers,1500.2259596118993,31.622776601683793
2024-05-05T20:10:00Z,Atlanta Braves,1500.2274703135972,31.622776601683793
2024-05-05T23:10:00Z,Philadelphia Phillies,1500.3264476427305,31.622776601683793
2024-05-05T23:10:00Z,San Francisco Giants,1499.8725282135888,31.622776601683793
2024-05-06T20:05:00Z,Philadelphia Phillies,1500.3467228919524,31.622776601683793
2024-05-06T20:05:00Z,San Francisco Giants,1499.852252964367,31.622776601683793
2024-05-06T22:10:00Z,Cleveland Guardians,1500.239178900448,31.622776601683793
2024-05-06T22:10:00Z,Detroit Tigers,1500.0383519033585,31.622776601683793
2024-05-06T22:40:00Z,Pittsburgh Pirates,1499.9322108947736,31.622776601683793
2024-05-06T22:40:00Z,Los Angeles Angels,1499.7468269822348,31.622776601683793
2024-05-06T22:50:00Z,Tampa Bay Rays,1500.0041342768748,31.622776601683793
2024-05-06T22:50:00Z,Chicago White Sox,1499.5295761379637,31.622776601683793
2024-05-06T23:10:00Z,Kansas City Royals,1500.1068272799744,31.622776601683793
2024-05-06T23:10:00Z,Milwaukee Brewers,1500.1740674790112,31.622776601683793
2024-05-06T23:40:00Z,Chicago Cubs,1500.1524053819082,31.622776601683793
2024-05-06T23:40:00Z,San Diego Padres,1499.9916678257769,31.622776601683793
2024-05-06T23:40:00Z,Minnesota Twins,1500.1017890010128,31.622776601683793
2024-05-06T23:40:00Z,Seattle Mariners,1500.076132038253,31.622776601683793
2024-05-06T23:45:00Z,St. Louis Cardinals,1499.8584814117428,31.622776601683793
2024-05-06T23:45:00Z,New York Mets,1499.9914184441282,31.622776601683793
2024-05-07T01:40:00Z,Oakland Athletics,1499.9560494076604,31.622776601683793
2024-05-07T01:40:00Z,Texas Rangers,1500.1156676738642,31.622776601683793
2024-05-07T02:10:00Z,Los Angeles Dodgers,1500.2461667010393,31.622776601683793
2024-05-07T02:10:00Z,Miami Marlins,1499.5945199404628,31.622776601683793
2024-05-07T19:37:00Z,Oakland Athletics,1499.9265910290092,31.622776601683793
2024-05-07T19:37:00Z,Texas Rangers,1500.1451260525155,31.622776601683793
2024-05-07T22:10:00Z,Cleveland Guardians,1500.2095639286863,31.622776601683793
2024-05-07T22:10:00Z,Detroit Tigers,1500.0679668751202,31.622776601683793
2024-05-07T22:40:00Z,Cincinnati Reds,1499.9097453197542,31.622776601683793
2024-05-07T22:40:00Z,Arizona Diamondbacks,1499.9408142201787,31.622776601683793
2024-05-07T22:40:00Z,Pittsburgh Pirates,1499.9026026261924,31.622776601683793
2024-05-07T22:40:00Z,Los Angeles Angels,1499.776435250816,31.622776601683793
2024-05-07T22:40:00Z,Philadelphia Phillies,1500.3670224803536,31.622776601683793
2024-05-07T22:40:00Z,Toronto Blue Jays,1499.9286464398397,31.622776601683793
2024-05-07T22:45:00Z,Washington Nationals,1500.0322471346915,31.622776601683793
2024-05-07T22:45:00Z,Baltimore Orioles,1500.2888506134414,31.622776601683793
2024-05-07T22:50:00Z,Tampa Bay Rays,1500.0244005805441,31.622776601683793
2024-05-07T22:50:00Z,Chicago White Sox,1499.5093098342943,31.622776601683793
2024-05-07T23:05:00Z,New York Yankees,1500.2351922994699,31.622776601683793
2024-05-07T23:05:00Z,Houston Astros,1499.7653024409053,31.622776601683793
2024-05-07T23:20:00Z,Atlanta Braves,1500.2478763698548,31.622776601683793
2024-05-07T23:20:00Z,Boston Red Sox,1500.0546783793231,31.622776601683793
2024-05-07T23:40:00Z,Chicago Cubs,1500.1728078123706,31.622776601683793
2024-05-07T23:40:00Z,San Diego Padres,1499.9712653953145,31.622776601683793
2024-05-07T23:40:00Z,Minnesota Twins,1500.0722500945647,31.622776601683793
2024-05-07T23:40:00Z,Seattle Mariners,1500.1056709447012,31.622776601683793
2024-05-07T23:40:00Z,Kansas City Royals,1500.077328740748,31.622776601683793
2024-05-07T23:40:00Z,Milwaukee Brewers,1500.2035660182376,31.622776601683793
2024-05-07T23:45:00Z,St. Louis Cardinals,1499.8290114317251,31.622776601683793
2024-05-07T23:45:00Z,New York Mets,1500.0208884241458,31.622776601683793
2024-05-08T00:40:00Z,Colorado Rockies,1499.5251305301133,31.622776601683793
2024-05-08T00:40:00Z,San Francisco Giants,1499.881651267842,31.622776601683793
2024-05-08T02:10:00Z,Los Angeles Dodgers,1500.2663562890252,31.622776601683793
2024-05-08T02:10:00Z,Miami Marlins,1499.5743303524769,31.622776601683793
2024-05-08T16:35:00Z,Pittsburgh Pirates,1499.873020065965,31.622776601683793
2024-05-08T16:35:00Z,Los Angeles Angels,1499.8060178110434,31.622776601683793
2024-05-08T17:05:00Z,Philadelphia Phillies,1500.337304467286,31.622776601683793
2024-05-08T17:05:00Z,Toronto Blue Jays,1499.9583644529073,31.622776601683793
2024-05-08T17:10:00Z,Cleveland Guardians,1500.229974669034,31.622776601683793
2024-05-08T17:10:00Z,Detroit Tigers,1500.0475561347725,31.622776601683793
2024-05-08T18:10:00Z,Kansas City Royals,1500.0978558478307,31.622776601683793
2024-05-08T18:10:00Z,Milwaukee Brewers,1500.1830389111549,31.622776601683793
2024-05-08T18:20:00Z,Chicago Cubs,1500.143192530089,31.622776601683793
2024-05-08T18:20:00Z,San Diego Padres,1500.0008806775961,31.622776601683793
2024-05-08T19:10:00Z,Los Angeles Dodgers,1500.2865283948609,31.622776601683793
2024-05-08T19:10:00Z,Miami Marlins,1499.5541582466412,31.622776601683793
2024-05-08T19:37:00Z,Oakland Athletics,1499.947158273693,31.622776601683793
2024-05-08T19:37:00Z,Texas Rangers,1500.1245588078316,31.622776601683793
2024-05-08T19:42:00Z,Oakland Athletics,1499.9177076278825,31.622776601683793
2024-05-08T19:42:00Z,Texas Rangers,1500.1540094536422,31.622776601683793
2024-05-08T22:40:00Z,Cincinnati Reds,1499.8802310604956,31.622776601683793
2024-05-08T22:40:00Z,Arizona Diamondbacks,1499.9703284794373,31.622776601683793
2024-05-08T22:45:00Z,Washington Nationals,1500.0028309396553,31.622776601683793
2024-05-08T22:45:00Z,Baltimore Orioles,1500.3182668084776,31.622776601683793
2024-05-08T22:50:00Z,Tampa Bay Rays,1499.994649318817,31.622776601683793
2024-05-08T22:50:00Z,Chicago White Sox,1499.5390610960214,31.622776601683793
2024-05-08T23:05:00Z,New York Yankees,1500.2554606264518,31.622776601683793
2024-05-08T23:05:00Z,Houston Astros,1499.7450341139233,31.622776601683793
2024-05-08T23:20:00Z,Atlanta Braves,1500.2682647094502,31.622776601683793
2024-05-08T23:20:00Z,Boston Red Sox,1500.0342900397277,31.622776601683793
2024-05-08T23:40:00Z,Minnesota Twins,1500.0927368573743,31.622776601683793
2024-05-08T23:40:00Z,Seattle Mariners,1500.0851841818915,31.622776601683793
2024-05-09T00:40:00Z,Colorado Rockies,1499.495757815343,31.622776601683793
2024-05-09T00:40:00Z,San Francisco Giants,1499.9110239826123,31.622776601683793
2024-05-09T17:10:00Z,Cincinnati Reds,1499.8507424565,31.622776601683793
2024-05-09T17:10:00Z,Arizona Diamondbacks,1499.9998170834328,31.622776601683793
2024-05-09T17:10:00Z,Minnesota Twins,1500.113205816398,31.622776601683793
2024-05-09T17:10:00Z,Seattle Mariners,1500.0647152228678,31.622776601683793
2024-05-09T19:10:00Z,Colorado Rockies,1499.5164106744312,31.622776601683793
2024-05-09T19:10:00Z,San Francisco Giants,1499.8903711235241,31.622776601683793
2024-05-09T21:05:00Z,New York Yankees,1500.2257113858436,31.622776601683793
2024-05-09T21:05:00Z,Houston Astros,1499.7747833545316,31.622776601683793
2024-05-09T23:40:00Z,Chicago White Sox,1499.5598340515646,31.622776601683793
2024-05-09T23:40:00Z,Cleveland Guardians,1500.2092017134908,31.622776601683793
2024-05-09T23:40:00Z,Milwaukee Brewers,1500.2033574710285,31.622776601683793
2024-05-09T23:40:00Z,St. Louis Cardinals,1499.8086928718515,31.622776601683793
2024-05-10T01:38:00Z,Los Angeles Angels,1499.776616946309,31.622776601683793
2024-05-10T01:38:00Z,Kansas City Royals,1500.127256712565,31.622776601683793
2024-05-10T22:40:00Z,Detroit Tigers,1500.0179099415682,31.622776601683793
2024-05-10T22:40:00Z,Houston Astros,1499.804429547736,31.622776601683793
2024-05-10T22:40:00Z,Pittsburgh Pirates,1499.8436097743777,31.622776601683793
2024-05-10T22:40:00Z,Chicago Cubs,1500.1726028216763,31.622776601683793
2024-05-10T22:50:00Z,Tampa Bay Rays,1499.9652220125818,31.622776601683793
2024-05-10T22:50:00Z,New York Yankees,1500.2551386920788,31.622776601683793
2024-05-10T23:05:00Z,Baltimore Orioles,1500.3386007995225,31.622776601683793
2024-05-10T23:05:00Z,Arizona Diamondbacks,1499.979483092388,31.622776601683793
2024-05-10T23:07:00Z,Toronto Blue Jays,1499.9289039970784,31.622776601683793
2024-05-10T23:07:00Z,Minnesota Twins,1500.142666272227,31.622776601683793
2024-05-10T23:10:00Z,Boston Red Sox,1500.004748612675,31.622776601683793
2024-05-10T23:10:00Z,Washington Nationals,1500.032372366708,31.622776601683793
2024-05-10T23:10:00Z,New York Mets,1499.9914682148694,31.622776601683793
2024-05-10T23:10:00Z,Atlanta Braves,1500.2976849187266,31.622776601683793
2024-05-10T23:10:00Z,Miami Marlins,1499.5249714224353,31.622776601683793
2024-05-10T23:10:00Z,Philadelphia Phillies,1500.366491291492,31.622776601683793
2024-05-10T23:40:00Z,Chicago White Sox,1499.5805888957948,31.622776601683793
2024-05-10T23:40:00Z,Cleveland Guardians,1500.1884468692606,31.622776601683793
2024-05-11T00:10:00Z,Milwaukee Brewers,1500.2236584088857,31.622776601683793
2024-05-11T00:10:00Z,St. Louis Cardinals,1499.7883919339943,31.622776601683793
2024-05-11T00:40:00Z,Colorado Rockies,1499.5371603888498,31.622776601683793
2024-05-11T00:40:00Z,Texas Rangers,1500.1332597392236,31.622776601683793
2024-05-11T01:38:00Z,Los Angeles Angels,1499.7472416717626,31.622776601683793
2024-05-11T01:38:00Z,Kansas City Royals,1500.1566319871115,31.622776601683793
2024-05-11T01:40:00Z,San Diego Padres,1500.0214771193037,31.622776601683793
2024-05-11T01:40:00Z,Los Angeles Dodgers,1500.2659319531533,31.622776601683793
2024-05-11T01:40:00Z,Seattle Mariners,1500.085123614135,31.622776601683793
2024-05-11T01:40:00Z,Oakland Athletics,1499.8972992366153,31.622776601683793
2024-05-11T02:15:00Z,San Francisco Giants,1499.8608261475192,31.622776601683793
2024-05-11T02:15:00Z,Cincinnati Reds,1499.880287432505,31.622776601683793
2024-05-11T19:07:00Z,Toronto Blue Jays,1499.9494691657762,31.622776601683793
2024-05-11T19:07:00Z,Minnesota Twins,1500.122101103529,31.622776601683793
2024-05-11T20:05:00Z,Baltimore Orioles,1500.3589171518447,31.622776601683793
2024-05-11T20:05:00Z,Arizona Diamondbacks,1499.9591667400657,31.622776601683793
2024-05-11T20:05:00Z,Pittsburgh Pirates,1499.864225078431,31.622776601683793
2024-05-11T20:05:00Z,Chicago Cubs,1500.151987517623,31.622776601683793
2024-05-11T20:10:00Z,Boston Red Sox,1500.0252328563083,31.622776601683793
2024-05-11T20:10:00Z,Washington Nationals,1500.0118881230746,31.622776601683793
2024-05-11T20:10:00Z,New York Mets,1499.962073606962,31.622776601683793
2024-05-11T20:10:00Z,Atlanta Braves,1500.3270795266342,31.622776601683793
2024-05-11T20:10:00Z,Miami Marlins,1499.4958100625304,31.622776601683793
2024-05-11T20:10:00Z,Philadelphia Phillies,1500.3956526513969,31.622776601683793
2024-05-11T20:10:00Z,Tampa Bay Rays,1499.9858203118094,31.622776601683793
2024-05-11T20:10:00Z,New York Yankees,1500.2345403928512,31.622776601683793
2024-05-11T22:10:00Z,Detroit Tigers,1500.0382894779127,31.622776601683793
2024-05-11T22:10:00Z,Houston Astros,1499.7840500113914,31.622776601683793
2024-05-11T23:10:00Z,Chicago White Sox,1499.601325648106,31.622776601683793
2024-05-11T23:10:00Z,Cleveland Guardians,1500.1677101169494,31.622776601683793
2024-05-11T23:15:00Z,San Francisco Giants,1499.8813068442103,31.622776601683793
2024-05-11T23:15:00Z,Cincinnati Reds,1499.859806735814,31.622776601683793
2024-05-11T23:15:00Z,Milwaukee Brewers,1500.2439417438122,31.622776601683793
2024-05-11T23:15:00Z,St. Louis Cardinals,1499.7681085990678,31.622776601683793
2024-05-12T00:10:00Z,Colorado Rockies,1499.557892016844,31.622776601683793
2024-05-12T00:10:00Z,Texas Rangers,1500.1125281112293,31.622776601683793
2024-05-12T00:40:00Z,San Diego Padres,1499.9920556391044,31.622776601683793
2024-05-12T00:40:00Z,Los Angeles Dodgers,1500.2953534333526,31.622776601683793
2024-05-12T01:38:00Z,Los Angeles Angels,1499.7678919725622,31.622776601683793
2024-05-12T01:38:00Z,Kansas City Royals,1500.1359816863119,31.622776601683793
2024-05-12T01:40:00Z,Seattle Mariners,1500.0555142862167,31.622776601683793
2024-05-12T01:40:00Z,Oakland Athletics,1499.9269085645335,31.622776601683793
2024-05-12T17:35:00Z,Baltimore Orioles,1500.3292158845409,31.622776601683793
2024-05-12T17:35:00Z,Arizona Diamondbacks,1499.9888680073695,31.622776601683793
2024-05-12T17:35:00Z,Boston Red Sox,1500.0456992988727,31.622776601683793
2024-05-12T17:35:00Z,Washington Nationals,1499.9914216805103,31.622776601683793
2024-05-12T17:35:00Z,Pittsburgh Pirates,1499.834822440296,31.622776601683793
2024-05-12T17:35:00Z,Chicago Cubs,1500.181390155758,31.622776601683793
2024-05-12T17:37:00Z,Toronto Blue Jays,1499.9200164462143,31.622776601683793
2024-05-12T17:37:00Z,Minnesota Twins,1500.151553823091,31.622776601683793
2024-05-12T17:40:00Z,Detroit Tigers,1500.0086513262609,31.622776601683793
2024-05-12T17:40:00Z,Houston Astros,1499.8136881630433,31.622776601683793
2024-05-12T17:40:00Z,Miami Marlins,1499.516674151687,31.622776601683793
2024-05-12T17:40:00Z,Philadelphia Phillies,1500.3747885622402,31.622776601683793
2024-05-12T17:40:00Z,Tampa Bay Rays,1499.9564006871326,31.622776601683793
2024-05-12T17:40:00Z,New York Yankees,1500.263960017528,31.622776601683793
2024-05-12T18:10:00Z,Chicago White Sox,1499.5720443278806,31.622776601683793
2024-05-12T18:10:00Z,Cleveland Guardians,1500.1969914371748,31.622776601683793
2024-05-12T18:10:00Z,Milwaukee Brewers,1500.214207494881,31.622776601683793
2024-05-12T18:10:00Z,St. Louis Cardinals,1499.797842847999,31.622776601683793
2024-05-12T19:10:00Z,Colorado Rockies,1499.5786055777933,31.622776601683793
2024-05-12T19:10:00Z,Texas Rangers,1500.09181455028,31.622776601683793
2024-05-12T20:05:00Z,San Francisco Giants,1499.9017697436577,31.622776601683793
2024-05-12T20:05:00Z,Cincinnati Reds,1499.8393438363664,31.622776601683793
2024-05-12T20:07:00Z,Los Angeles Angels,1499.7385242935702,31.622776601683793
2024-05-12T20:07:00Z,Kansas City Royals,1500.1653493653039,31.622776601683793
2024-05-12T20:10:00Z,San Diego Padres,1500.0126597610074,31.622776601683793
2024-05-12T20:10:00Z,Los Angeles Dodgers,1500.2747493114496,31.622776601683793
2024-05-12T20:10:00Z,Seattle Mariners,1500.075930667246,31.622776601683793
2024-05-12T20:10:00Z,Oakland Athletics,1499.9064921835043,31.622776601683793
2024-05-12T23:10:00Z,New York Mets,1499.9827045856186,31.622776601683793
2024-05-12T23:10:00Z,Atlanta Braves,1500.3064485479774,31.622776601683793
2024-05-13T22:35:00Z,Baltimore Orioles,1500.2995105203856,31.622776601683793
2024-05-13T22:35:00Z,Toronto Blue Jays,1499.9497218103695,31.622776601683793
2024-05-13T22:40:00Z,Detroit Tigers,1500.0289100806688,31.622776601683793
2024-05-13T22:40:00Z,Miami Marlins,1499.4964153972792,31.622776601683793
2024-05-13T23:10:00Z,Boston Red Sox,1500.016132748893,31.622776601683793
2024-05-13T23:10:00Z,Tampa Bay Rays,1499.9859672371124,31.622776601683793
2024-05-13T23:10:00Z,New York Mets,1499.9533473518368,31.622776601683793
2024-05-13T23:10:00Z,Philadelphia Phillies,1500.404145796022,31.622776601683793
2024-05-13T23:20:00Z,Atlanta Braves,1500.326866469281,31.622776601683793
2024-05-13T23:20:00Z,Chicago Cubs,1500.1609722344544,31.622776601683793
2024-05-13T23:40:00Z,Milwaukee Brewers,1500.184515058165,31.622776601683793
2024-05-13T23:40:00Z,Pittsburgh Pirates,1499.864514877012,31.622776601683793
2024-05-14T00:05:00Z,Texas Rangers,1500.0623325014308,31.622776601683793
2024-05-14T00:05:00Z,Cleveland Guardians,1500.2264734860241,31.622776601683793
2024-05-14T00:10:00Z,Houston Astros,1499.8342007355886,31.622776601683793
2024-05-14T00:10:00Z,Oakland Athletics,1499.8859796109589,31.622776601683793
2024-05-14T01:38:00Z,Los Angeles Angels,1499.7090223113526,31.622776601683793
2024-05-14T01:38:00Z,St. Louis Cardinals,1499.8273448302166,31.622776601683793
2024-05-14T01:40:00Z,Arizona Diamondbacks,1500.009275306044,31.622776601683793
2024-05-14T01:40:00Z,Cincinnati Reds,1499.818936537692,31.622776601683793
2024-05-14T01:40:00Z,San Diego Padres,1499.9829436214675,31.622776601683793
2024-05-14T01:40:00Z,Colorado Rockies,1499.6083217173332,31.622776601683793
2024-05-14T01:40:00Z,Seattle Mariners,1500.0964417682176,31.622776601683793
2024-05-14T01:40:00Z,Kansas City Royals,1500.1448382643323,31.622776601683793
2024-05-14T01:45:00Z,San Francisco Giants,1499.8724041932223,31.622776601683793
2024-05-14T01:45:00Z,Los Angeles Dodgers,1500.304114861885,31.622776601683793
2024-05-14T17:10:00Z,New York Mets,1499.9240156829037,31.622776601683793
2024-05-14T17:10:00Z,Philadelphia Phillies,1500.433477464955,31.622776601683793
2024-05-14T20:40:00Z,Chicago White Sox,1499.5426989769828,31.622776601683793
2024-05-14T20:40:00Z,Washington Nationals,1500.020767031408,31.622776601683793
2024-05-14T20:45:00Z,Chicago White Sox,1499.563379184004,31.622776601683793
2024-05-14T20:45:00Z,Washington Nationals,1500.000086824387,31.622776601683793
2024-05-14T22:40:00Z,Detroit Tigers,1499.9991512778656,31.622776601683793
2024-05-14T22:40:00Z,Miami Marlins,1499.5261742000823,31.622776601683793
2024-05-14T23:10:00Z,Boston Red Sox,1500.0365918838033,31.622776601683793
2024-05-14T23:10:00Z,Tampa Bay Rays,1499.965508102202,31.622776601683793
2024-05-14T23:20:00Z,Atlanta Braves,1500.347266661103,31.622776601683793
2024-05-14T23:20:00Z,Chicago Cubs,1500.1405720426324,31.622776601683793
2024-05-14T23:40:00Z,Minnesota Twins,1500.1220749170482,31.622776601683793
2024-05-14T23:40:00Z,New York Yankees,1500.2934389235709,31.622776601683793
2024-05-14T23:40:00Z,Milwaukee Brewers,1500.204848376669,31.622776601683793
2024-05-14T23:40:00Z,Pittsburgh Pirates,1499.8441815585081,31.622776601683793
2024-05-15T00:05:00Z,Texas Rangers,1500.0328760894743,31.622776601683793
2024-05-15T00:05:00Z,Cleveland Guardians,1500.2559298979806,31.622776601683793
2024-05-15T00:10:00Z,Houston Astros,1499.8546954765225,31.622776601683793
2024-05-15T00:10:00Z,Oakland Athletics,1499.865484870025,31.622776601683793
2024-05-15T01:38:00Z,Los Angeles Angels,1499.6795459774066,31.622776601683793
2024-05-15T01:38:00Z,St. Louis Cardinals,1499.8568211641625,31.622776601683793
2024-05-15T01:40:00Z,Arizona Diamondbacks,1499.9796648867136,31.622776601683793
2024-05-15T01:40:00Z,Cincinnati Reds,1499.8485469570223,31.622776601683793
2024-05-15T01:40:00Z,San Diego Padres,1499.953253250231,31.622776601683793
2024-05-15T01:40:00Z,Colorado Rockies,1499.6380120885697,31.622776601683793
2024-05-15T01:40:00Z,Seattle Mariners,1500.0669350391638,31.622776601683793
2024-05-15T01:40:00Z,Kansas City Royals,1500.174344993386,31.622776601683793
2024-05-15T01:45:00Z,San Francisco Giants,1499.8430642124783,31.622776601683793
2024-05-15T01:45:00Z,Los Angeles Dodgers,1500.333454842629,31.622776601683793
2024-05-15T16:35:00Z,Baltimore Orioles,1500.319830918592,31.622776601683793
2024-05-15T16:35:00Z,Toronto Blue Jays,1499.929401412163,31.622776601683793
2024-05-15T17:10:00Z,Detroit Tigers,1499.9694182667884,31.622776601683793
2024-05-15T17:10:00Z,Miami Marlins,1499.5559072111596,31.622776601683793
2024-05-15T17:10:00Z,Milwaukee Brewers,1500.2251640571778,31.622776601683793
2024-05-15T17:10:00Z,Pittsburgh Pirates,1499.8238658779992,31.622776601683793
2024-05-15T18:10:00Z,Chicago White Sox,1499.5840413791263,31.622776601683793
2024-05-15T18:10:00Z,Washington Nationals,1499.9794246292645,31.622776601683793
2024-05-15T19:40:00Z,Arizona Diamondbacks,1500.0000801769424,31.622776601683793
2024-05-15T19:40:00Z,Cincinnati Reds,1499.8281316667935,31.622776601683793
2024-05-15T20:10:00Z,San Diego Padres,1499.9235886330716,31.622776601683793
2024-05-15T20:10:00Z,Colorado Rockies,1499.667676705729,31.622776601683793
2024-05-15T20:10:00Z,Seattle Mariners,1500.0874539610866,31.622776601683793
2024-05-15T20:10:00Z,Kansas City Royals,1500.1538260714633,31.622776601683793
2024-05-15T22:40:00Z,Philadelphia Phillies,1500.4537286423931,31.622776601683793
2024-05-15T22:40:00Z,New York Mets,1499.9037645054657,31.622776601683793
2024-05-15T23:10:00Z,Boston Red Sox,1500.007033244733,31.622776601683793
2024-05-15T23:10:00Z,Tampa Bay Rays,1499.9950667412722,31.622776601683793
2024-05-15T23:20:00Z,Atlanta Braves,1500.3176491426004,31.622776601683793
2024-05-15T23:20:00Z,Chicago Cubs,1500.170189561135,31.622776601683793
2024-05-15T23:40:00Z,Minnesota Twins,1500.0926216461007,31.622776601683793
2024-05-15T23:40:00Z,New York Yankees,1500.3228921945183,31.622776601683793
2024-05-16T00:05:00Z,Texas Rangers,1500.0534452997242,31.622776601683793
2024-05-16T00:05:00Z,Cleveland Guardians,1500.2353606877307,31.622776601683793
2024-05-16T00:10:00Z,Houston Astros,1499.8751724050671,31.622776601683793
2024-05-16T00:10:00Z,Oakland Athletics,1499.8450079414804,31.622776601683793
2024-05-16T01:07:00Z,Los Angeles Angels,1499.7000952770848,31.622776601683793
2024-05-16T01:07:00Z,St. Louis Cardinals,1499.8362718644844,31.622776601683793
2024-05-16T01:45:00Z,San Francisco Giants,1499.8637497865177,31.622776601683793
2024-05-16T01:45:00Z,Los Angeles Dodgers,1500.3127692685896,31.622776601683793
2024-05-16T17:10:00Z,Minnesota Twins,1500.0631939955563,31.622776601683793
2024-05-16T17:10:00Z,New York Yankees,1500.3523198450628,31.622776601683793
2024-05-16T22:40:00Z,Philadelphia Phillies,1500.4239622708367,31.622776601683793
2024-05-16T22:40:00Z,New York Mets,1499.9335308770221,31.622776601683793
2024-05-16T23:10:00Z,Boston Red Sox,1499.9775002860863,31.622776601683793
2024-05-16T23:10:00Z,Tampa Bay Rays,1500.024599699919,31.622776601683793
2024-05-16T23:40:00Z,Chicago Cubs,1500.1405114621366,31.622776601683793
2024-05-16T23:40:00Z,Pittsburgh Pirates,1499.8535439769976,31.622776601683793
2024-05-17T00:10:00Z,Houston Astros,1499.895631540433,31.622776601683793
2024-05-17T00:10:00Z,Oakland Athletics,1499.8245488061145,31.622776601683793
2024-05-17T02:10:00Z,Los Angeles Dodgers,1500.2830312038197,31.622776601683793
2024-05-17T02:10:00Z,Cincinnati Reds,1499.8578697315634,31.622776601683793
2024-05-17T18:20:00Z,Chicago Cubs,1500.1108591104194,31.622776601683793
2024-05-17T18:20:00Z,Pittsburgh Pirates,1499.8831963287148,31.622776601683793
2024-05-17T22:40:00Z,Philadelphia Phillies,1500.4442415867861,31.622776601683793
2024-05-17T22:40:00Z,Washington Nationals,1499.959145313315,31.622776601683793
2024-05-17T23:05:00Z,Baltimore Orioles,1500.3402022540267,31.622776601683793
2024-05-17T23:05:00Z,Seattle Mariners,1500.067082625652,31.622776601683793
2024-05-17T23:05:00Z,New York Yankees,1500.3724589479252,31.622776601683793
2024-05-17T23:05:00Z,Chicago White Sox,1499.563902276264,31.622776601683793
2024-05-17T23:07:00Z,Toronto Blue Jays,1499.8999150254933,31.622776601683793
2024-05-17T23:07:00Z,Tampa Bay Rays,1500.0540860865888,31.622776601683793
2024-05-17T23:10:00Z,Cleveland Guardians,1500.2557581566066,31.622776601683793
2024-05-17T23:10:00Z,Minnesota Twins,1500.0427965266804,31.622776601683793
2024-05-17T23:10:00Z,Miami Marlins,1499.5765436823506,31.622776601683793
2024-05-17T23:10:00Z,New York Mets,1499.9128944058311,31.622776601683793
2024-05-17T23:20:00Z,Atlanta Braves,1500.2879503423892,31.622776601683793
2024-05-17T23:20:00Z,San Diego Padres,1499.9532874332829,31.622776601683793
2024-05-17T23:40:00Z,Kansas City Royals,1500.1741553659622,31.622776601683793
2024-05-17T23:40:00Z,Oakland Athletics,1499.8042195116157,31.622776601683793
2024-05-18T00:05:00Z,Texas Rangers,1500.0237641534047,31.622776601683793
2024-05-18T00:05:00Z,Los Angeles Angels,1499.7297764234042,31.622776601683793
2024-05-18T00:10:00Z,Houston Astros,1499.9162470792699,31.622776601683793
2024-05-18T00:10:00Z,Milwaukee Brewers,1500.204548518341,31.622776601683793
2024-05-18T00:15:00Z,St. Louis Cardinals,1499.8568054895093,31.622776601683793
2024-05-18T00:15:00Z,Boston Red Sox,1499.9569666610614,31.622776601683793
2024-05-18T01:40:00Z,Arizona Diamondbacks,1499.970539096206,31.622776601683793
2024-05-18T01:40:00Z,Detroit Tigers,1499.9989593475248,31.622776601683793
2024-05-18T02:10:00Z,Los Angeles Dodgers,1500.3033189194111,31.622776601683793
2024-05-18T02:10:00Z,Cincinnati Reds,1499.837582015972,31.622776601683793
2024-05-18T02:15:00Z,San Francisco Giants,1499.8841368781698,31.622776601683793
2024-05-18T02:15:00Z,Colorado Rockies,1499.647289614077,31.622776601683793
2024-05-18T17:05:00Z,New York Yankees,1500.3925806235,31.622776601683793
2024-05-18T17:05:00Z,Chicago White Sox,1499.5437806006892,31.622776601683793
2024-05-18T18:20:00Z,Chicago Cubs,1500.1312324916807,31.622776601683793
2024-05-18T18:20:00Z,Pittsburgh Pirates,1499.8628229474534,31.622776601683793
2024-05-18T19:07:00Z,Toronto Blue Jays,1499.8704542781957,31.622776601683793
2024-05-18T19:07:00Z,Tampa Bay Rays,1500.0835468338864,31.622776601683793
2024-05-18T20:05:00Z,Baltimore Orioles,1500.3105559103333,31.622776601683793
2024-05-18T20:05:00Z,Seattle Mariners,1500.0967289693453,31.622776601683793
2024-05-18T20:05:00Z,San Francisco Giants,1499.904506273657,31.622776601683793
2024-05-18T20:05:00Z,Colorado Rockies,1499.6269202185897,31.622776601683793
2024-05-18T20:10:00Z,Miami Marlins,1499.5971621886056,31.622776601683793
2024-05-18T20:10:00Z,New York Mets,1499.8922758995761,31.622776601683793
2024-05-18T22:05:00Z,Philadelphia Phillies,1500.4645033232337,31.622776601683793
2024-05-18T22:05:00Z,Washington Nationals,1499.9388835768675,31.622776601683793
2024-05-18T22:10:00Z,Cleveland Guardians,1500.2761379181006,31.622776601683793
2024-05-18T22:10:00Z,Minnesota Twins,1500.0224167651863,31.622776601683793
2024-05-18T23:10:00Z,Kansas City Royals,1500.1944670268224,31.622776601683793
2024-05-18T23:10:00Z,Oakland Athletics,1499.7839078507554,31.622776601683793
2024-05-18T23:10:00Z,Houston Astros,1499.886844675666,31.622776601683793
2024-05-18T23:10:00Z,Milwaukee Brewers,1500.2339509219448,31.622776601683793
2024-05-18T23:15:00Z,St. Louis Cardinals,1499.8773212602391,31.622776601683793
2024-05-18T23:15:00Z,Boston Red Sox,1499.9364508903316,31.622776601683793
2024-05-18T23:15:00Z,Texas Rangers,1500.044108756055,31.622776601683793
2024-05-18T23:15:00Z,Los Angeles Angels,1499.709431820754,31.622776601683793
2024-05-19T00:10:00Z,Arizona Diamondbacks,1499.9410236859596,31.622776601683793
2024-05-19T00:10:00Z,Detroit Tigers,1500.0284747577712,31.622776601683793
2024-05-19T01:10:00Z,Los Angeles Dodgers,1500.3235890463975,31.622776601683793
2024-05-19T01:10:00Z,Cincinnati Reds,1499.8173118889856,31.622776601683793
2024-05-19T17:05:00Z,St. Louis Cardinals,1499.8478191959107,31.622776601683793
2024-05-19T17:05:00Z,Boston Red Sox,1499.96595295466,31.622776601683793
2024-05-19T17:35:00Z,Baltimore Orioles,1500.3309352962726,31.622776601683793
2024-05-19T17:35:00Z,Seattle Mariners,1500.076349583406,31.622776601683793
2024-05-19T17:35:00Z,Philadelphia Phillies,1500.4847474992364,31.622776601683793
2024-05-19T17:35:00Z,Washington Nationals,1499.9186394008648,31.622776601683793
2024-05-19T17:35:00Z,New York Yankees,1500.41268489074,31.622776601683793
2024-05-19T17:35:00Z,Chicago White Sox,1499.5236763334492,31.622776601683793
2024-05-19T17:37:00Z,Toronto Blue Jays,1499.891019155592,31.622776601683793
2024-05-19T17:37:00Z,Tampa Bay Rays,1500.0629819564901,31.622776601683793
2024-05-19T17:40:00Z,Cleveland Guardians,1500.296499991355,31.622776601683793
2024-05-19T17:40:00Z,Minnesota Twins,1500.002054691932,31.622776601683793
2024-05-19T17:40:00Z,Miami Marlins,1499.5677627492303,31.622776601683793
2024-05-19T17:40:00Z,New York Mets,1499.9216753389514,31.622776601683793
2024-05-19T18:10:00Z,Kansas City Royals,1500.2147610731372,31.622776601683793
2024-05-19T18:10:00Z,Oakland Athletics,1499.7636138044406,31.622776601683793
2024-05-19T18:10:00Z,Houston Astros,1499.9074678631405,31.622776601683793
2024-05-19T18:10:00Z,Milwaukee Brewers,1500.2133277344703,31.622776601683793
2024-05-19T18:20:00Z,Chicago Cubs,1500.1015881916016,31.622776601683793
2024-05-19T18:20:00Z,Pittsburgh Pirates,1499.8924672475325,31.622776601683793
2024-05-19T18:35:00Z,Texas Rangers,1500.0144357084973,31.622776601683793
2024-05-19T18:35:00Z,Los Angeles Angels,1499.7391048683116,31.622776601683793
2024-05-19T20:05:00Z,San Francisco Giants,1499.9248579921143,31.622776601683793
2024-05-19T20:05:00Z,Colorado Rockies,1499.6065685001324,31.622776601683793
2024-05-19T20:10:00Z,Arizona Diamondbacks,1499.9615339316308,31.622776601683793
2024-05-19T20:10:00Z,Detroit Tigers,1500.0079645121,31.622776601683793
2024-05-19T20:10:00Z,Los Angeles Dodgers,1500.3438416038423,31.622776601683793
2024-05-19T20:10:00Z,Cincinnati Reds,1499.7970593315408,31.622776601683793
2024-05-19T23:10:00Z,Atlanta Braves,1500.2582773009153,31.622776601683793
2024-05-19T23:10:00Z,San Diego Padres,1499.9829604747567,31.622776601683793
2024-05-20T16:20:00Z,Atlanta Braves,1500.2286300039177,31.622776601683793
2024-05-20T16:20:00Z,San Diego Padres,1500.0126077717543,31.622776601683793
2024-05-20T19:07:00Z,Toronto Blue Jays,1499.9113319409373,31.622776601683793
2024-05-20T19:07:00Z,Chicago White Sox,1499.5033635481038,31.622776601683793
2024-05-20T22:10:00Z,Cleveland Guardians,1500.3168095321982,31.622776601683793
2024-05-20T22:10:00Z,New York Mets,1499.9013657981081,31.622776601683793
2024-05-20T22:20:00Z,Atlanta Braves,1500.2490084370838,31.622776601683793
2024-05-20T22:20:00Z,San Diego Padres,1499.9922293385882,31.622776601683793
2024-05-20T22:40:00Z,Miami Marlins,1499.588515935921,31.622776601683793
2024-05-20T22:40:00Z,Milwaukee Brewers,1500.1925745477797,31.622776601683793
2024-05-20T22:45:00Z,Washington Nationals,1499.9391478922635,31.622776601683793
2024-05-20T22:45:00Z,Minnesota Twins,1499.9815462005333,31.622776601683793
2024-05-20T22:50:00Z,Tampa Bay Rays,1500.0334120493383,31.622776601683793
2024-05-20T22:50:00Z,Boston Red Sox,1499.9955228618119,31.622776601683793
2024-05-20T23:05:00Z,New York Yankees,1500.3830111238924,31.622776601683793
2024-05-20T23:05:00Z,Seattle Mariners,1500.1060233502535,31.622776601683793
2024-05-20T23:40:00Z,Kansas City Royals,1500.2351435103888,31.622776601683793
2024-05-20T23:40:00Z,Detroit Tigers,1499.9875820748484,31.622776601683793
2024-05-20T23:45:00Z,St. Louis Cardinals,1499.8685016015365,31.622776601683793
2024-05-20T23:45:00Z,Baltimore Orioles,1500.3102528906468,31.622776601683793
2024-05-21T00:10:00Z,Houston Astros,1499.8778669832348,31.622776601683793
2024-05-21T00:10:00Z,Los Angeles Angels,1499.7687057482174,31.622776601683793
2024-05-21T02:10:00Z,Los Angeles Dodgers,1500.3641478997963,31.622776601683793
2024-05-21T02:10:00Z,Arizona Diamondbacks,1499.9412276356768,31.622776601683793
2024-05-21T22:10:00Z,Cleveland Guardians,1500.3371014607922,31.622776601683793
2024-05-21T22:10:00Z,New York Mets,1499.8810738695142,31.622776601683793
2024-05-21T22:40:00Z,Cincinnati Reds,1499.817616413698,31.622776601683793
2024-05-21T22:40:00Z,San Diego Padres,1499.971672256431,31.622776601683793
2024-05-21T22:40:00Z,Pittsburgh Pirates,1499.912953562696,31.622776601683793
2024-05-21T22:40:00Z,San Francisco Giants,1499.9043716769509,31.622776601683793
2024-05-21T22:40:00Z,Philadelphia Phillies,1500.5050156433438,31.622776601683793
2024-05-21T22:40:00Z,Texas Rangers,1499.99416756439,31.622776601683793
2024-05-21T22:40:00Z,Miami Marlins,1499.559251032468,31.622776601683793
2024-05-21T22:40:00Z,Milwaukee Brewers,1500.2218394512327,31.622776601683793
2024-05-21T22:45:00Z,Washington Nationals,1499.9096385564494,31.622776601683793
2024-05-21T22:45:00Z,Minnesota Twins,1500.0110555363474,31.622776601683793
2024-05-21T22:50:00Z,Tampa Bay Rays,1500.0038678289704,31.622776601683793
2024-05-21T22:50:00Z,Boston Red Sox,1500.0250670821797,31.622776601683793
2024-05-21T23:05:00Z,New York Yankees,1500.3533631019234,31.622776601683793
2024-05-21T23:05:00Z,Seattle Mariners,1500.1356713722225,31.622776601683793
2024-05-21T23:07:00Z,Toronto Blue Jays,1499.8816271105195,31.622776601683793
2024-05-21T23:07:00Z,Chicago White Sox,1499.5330683785216,31.622776601683793
2024-05-21T23:40:00Z,Kansas City Royals,1500.2555082565075,31.622776601683793
2024-05-21T23:40:00Z,Detroit Tigers,1499.9672173287297,31.622776601683793
2024-05-21T23:40:00Z,Chicago Cubs,1500.1221245088898,31.622776601683793
2024-05-21T23:40:00Z,Atlanta Braves,1500.2284721197957,31.622776601683793
2024-05-21T23:45:00Z,St. Louis Cardinals,1499.8891659929043,31.622776601683793
2024-05-21T23:45:00Z,Baltimore Orioles,1500.289588499279,31.622776601683793
2024-05-22T00:10:00Z,Houston Astros,1499.8982918075383,31.622776601683793
2024-05-22T00:10:00Z,Los Angeles Angels,1499.7482809239139,31.622776601683793
2024-05-22T01:40:00Z,Oakland Athletics,1499.7840178378367,31.622776601683793
2024-05-22T01:40:00Z,Colorado Rockies,1499.5861644667364,31.622776601683793
2024-05-22T02:10:00Z,Los Angeles Dodgers,1500.3344365870157,31.622776601683793
2024-05-22T02:10:00Z,Arizona Diamondbacks,1499.9709389484574,31.622776601683793
2024-05-22T16:15:00Z,St. Louis Cardinals,1499.9098123893498,31.622776601683793
2024-05-22T16:15:00Z,Baltimore Orioles,1500.2689421028335,31.622776601683793
2024-05-22T17:05:00Z,Washington Nationals,1499.8801548730962,31.622776601683793
2024-05-22T17:05:00Z,Minnesota Twins,1500.0405392197006,31.622776601683793
2024-05-22T17:10:00Z,Cleveland Guardians,1500.357375796216,31.622776601683793
2024-05-22T17:10:00Z,New York Mets,1499.8607995340903,31.622776601683793
2024-05-22T17:46:00Z,St. Louis Cardinals,1499.930440810197,31.622776601683793
2024-05-22T17:46:00Z,Baltimore Orioles,1500.2483136819862,31.622776601683793
2024-05-22T18:10:00Z,Houston Astros,1499.868698894904,31.622776601683793
2024-05-22T18:10:00Z,Los Angeles Angels,1499.7778738365482,31.622776601683793
2024-05-22T18:10:00Z,Kansas City Royals,1500.275855330625,31.622776601683793
2024-05-22T18:10:00Z,Detroit Tigers,1499.9468702546121,31.622776601683793
2024-05-22T22:40:00Z,Cincinnati Reds,1499.7881556163,31.622776601683793
2024-05-22T22:40:00Z,San Diego Padres,1500.001133053829,31.622776601683793
2024-05-22T22:40:00Z,Pittsburgh Pirates,1499.8834220745562,31.622776601683793
2024-05-22T22:40:00Z,San Francisco Giants,1499.9339031650907,31.622776601683793
2024-05-22T22:40:00Z,Philadelphia Phillies,1500.5252662200592,31.622776601683793
2024-05-22T22:40:00Z,Texas Rangers,1499.9739169876746,31.622776601683793
2024-05-22T22:40:00Z,Miami Marlins,1499.580011639697,31.622776601683793
2024-05-22T22:40:00Z,Milwaukee Brewers,1500.2010788440036,31.622776601683793
2024-05-22T22:50:00Z,Tampa Bay Rays,1499.9743492808707,31.622776601683793
2024-05-22T22:50:00Z,Boston Red Sox,1500.0545856302795,31.622776601683793
2024-05-22T23:05:00Z,New York Yankees,1500.3737408105221,31.622776601683793
2024-05-22T23:05:00Z,Seattle Mariners,1500.1152936636238,31.622776601683793
2024-05-22T23:07:00Z,Toronto Blue Jays,1499.901948042169,31.622776601683793
2024-05-22T23:07:00Z,Chicago White Sox,1499.5127474468723,31.622776601683793
2024-05-22T23:40:00Z,Chicago Cubs,1500.092642968983,31.622776601683793
2024-05-22T23:40:00Z,Atlanta Braves,1500.2579536597025,31.622776601683793
2024-05-23T01:40:00Z,Oakland Athletics,1499.7544041567567,31.622776601683793
2024-05-23T01:40:00Z,Colorado Rockies,1499.6157781478164,31.622776601683793
2024-05-23T02:10:00Z,Los Angeles Dodgers,1500.3047510398783,31.622776601683793
2024-05-23T02:10:00Z,Arizona Diamondbacks,1500.0006244955948,31.622776601683793
2024-05-23T16:35:00Z,Pittsburgh Pirates,1499.8539162514676,31.622776601683793
2024-05-23T16:35:00Z,San Francisco Giants,1499.9634089881793,31.622776601683793
2024-05-23T16:35:00Z,New York Yankees,1500.394100833101,31.622776601683793
2024-05-23T16:35:00Z,Seattle Mariners,1500.094933641045,31.622776601683793
2024-05-23T17:05:00Z,Philadelphia Phillies,1500.5454992484317,31.622776601683793
2024-05-23T17:05:00Z,Texas Rangers,1499.953683959302,31.622776601683793
2024-05-23T17:10:00Z,Cincinnati Reds,1499.7587204436245,31.622776601683793
2024-05-23T17:10:00Z,San Diego Padres,1500.0305682265046,31.622776601683793
2024-05-23T18:20:00Z,Chicago Cubs,1500.063187065678,31.622776601683793
2024-05-23T18:20:00Z,Atlanta Braves,1500.2874095630075,31.622776601683793
2024-05-23T19:37:00Z,Oakland Athletics,1499.774816187063,31.622776601683793
2024-05-23T19:37:00Z,Colorado Rockies,1499.5953661175101,31.622776601683793
2024-05-23T22:40:00Z,Detroit Tigers,1499.9173229791106,31.622776601683793
2024-05-23T22:40:00Z,Toronto Blue Jays,1499.9314953176704,31.622776601683793
2024-05-23T23:40:00Z,Chicago White Sox,1499.483539872075,31.622776601683793
2024-05-23T23:40:00Z,Baltimore Orioles,1500.2775212567835,31.622776601683793
2024-05-24T22:40:00Z,Detroit Tigers,1499.9378013776068,31.622776601683793
2024-05-24T22:40:00Z,Toronto Blue Jays,1499.9110169191742,31.622776601683793
2024-05-24T22:40:00Z,Pittsburgh Pirates,1499.8745770469461,31.622776601683793
2024-05-24T22:40:00Z,Atlanta Braves,1500.266748767529,31.622776601683793
2024-05-24T22:45:00Z,Washington Nationals,1499.9007204839304,31.622776601683793
2024-05-24T22:45:00Z,Seattle Mariners,1500.0743680302107,31.622776601683793
2024-05-24T22:50:00Z,Tampa Bay Rays,1499.9449526230892,31.622776601683793
2024-05-24T22:50:00Z,Kansas City Royals,1500.3052519884066,31.622776601683793
2024-05-24T23:10:00Z,Cincinnati Reds,1499.7794302553,31.622776601683793
2024-05-24T23:10:00Z,Los Angeles Dodgers,1500.2840412282028,31.622776601683793
2024-05-24T23:10:00Z,New York Mets,1499.8313163691253,31.622776601683793
2024-05-24T23:10:00Z,San Francisco Giants,1499.9928921531443,31.622776601683793
2024-05-24T23:10:00Z,Minnesota Twins,1500.0609737308532,31.622776601683793
2024-05-24T23:10:00Z,Texas Rangers,1499.9332494481494,31.622776601683793
2024-05-24T23:10:00Z,Boston Red Sox,1500.0251215444803,31.622776601683793
2024-05-24T23:10:00Z,Milwaukee Brewers,1500.2305429298028,31.622776601683793
2024-05-24T23:40:00Z,Chicago White Sox,1499.4543577739562,31.622776601683793
2024-05-24T23:40:00Z,Baltimore Orioles,1500.3067033549023,31.622776601683793
2024-05-25T00:40:00Z,Colorado Rockies,1499.616252156463,31.622776601683793
2024-05-25T00:40:00Z,Philadelphia Phillies,1500.524613209479,31.622776601683793
2024-05-25T01:38:00Z,Los Angeles Angels,1499.7485982320227,31.622776601683793
2024-05-25T01:38:00Z,Cleveland Guardians,1500.3866514007416,31.622776601683793
2024-05-25T01:40:00Z,Oakland Athletics,1499.7453292285109,31.622776601683793
2024-05-25T01:40:00Z,Houston Astros,1499.898185853456,31.622776601683793
2024-05-25T01:40:00Z,Arizona Diamondbacks,1499.970914183154,31.622776601683793
2024-05-25T01:40:00Z,Miami Marlins,1499.6097219521378,31.622776601683793
2024-05-25T01:40:00Z,San Diego Padres,1500.001198563847,31.622776601683793
2024-05-25T01:40:00Z,New York Yankees,1500.4234704957585,31.622776601683793
2024-05-25T17:10:00Z,Detroit Tigers,1499.9582619813384,31.622776601683793
2024-05-25T17:10:00Z,Toronto Blue Jays,1499.8905563154426,31.622776601683793
2024-05-25T17:40:00Z,New York Mets,1499.801858841691,31.622776601683793
2024-05-25T17:40:00Z,San Francisco Giants,1500.0223496805786,31.622776601683793
2024-05-25T18:10:00Z,Minnesota Twins,1500.0813904946065,31.622776601683793
2024-05-25T18:10:00Z,Texas Rangers,1499.912832684396,31.622776601683793
2024-05-25T18:10:00Z,Chicago White Sox,1499.4252011373142,31.622776601683793
2024-05-25T18:10:00Z,Baltimore Orioles,1500.3358599915443,31.622776601683793
2024-05-25T20:05:00Z,Washington Nationals,1499.9212682060288,31.622776601683793
2024-05-25T20:05:00Z,Seattle Mariners,1500.0538203081123,31.622776601683793
2024-05-25T20:05:00Z,Pittsburgh Pirates,1499.8952198513632,31.622776601683793
2024-05-25T20:05:00Z,Atlanta Braves,1500.2461059631119,31.622776601683793
2024-05-25T20:07:00Z,Oakland Athletics,1499.7658679096576,31.622776601683793
2024-05-25T20:07:00Z,Houston Astros,1499.8776471723093,31.622776601683793
2024-05-25T20:10:00Z,Tampa Bay Rays,1499.9155815530596,31.622776601683793
2024-05-25T20:10:00Z,Kansas City Royals,1500.3346230584361,31.622776601683793
2024-05-25T20:10:00Z,Boston Red Sox,1499.9956830852896,31.622776601683793
2024-05-25T20:10:00Z,Milwaukee Brewers,1500.2599813889935,31.622776601683793
2024-05-25T23:15:00Z,Cincinnati Reds,1499.8001220233182,31.622776601683793
2024-05-25T23:15:00Z,Los Angeles Dodgers,1500.2633494601846,31.622776601683793
2024-05-25T23:15:00Z,St. Louis Cardinals,1499.9509707472325,31.622776601683793
2024-05-25T23:15:00Z,Chicago Cubs,1500.0426571286425,31.622776601683793
2024-05-26T01:10:00Z,Colorado Rockies,1499.5871199632243,31.622776601683793
2024-05-26T01:10:00Z,Philadelphia Phillies,1500.5537454027176,31.622776601683793
2024-05-26T01:38:00Z,Los Angeles Angels,1499.719348144495,31.622776601683793
2024-05-26T01:38:00Z,Cleveland Guardians,1500.4159014882694,31.622776601683793
2024-05-26T01:40:00Z,San Diego Padres,1499.9718544732734,31.622776601683793
2024-05-26T01:40:00Z,New York Yankees,1500.4528145863321,31.622776601683793
2024-05-26T02:10:00Z,Arizona Diamondbacks,1499.991229635805,31.622776601683793
2024-05-26T02:10:00Z,Miami Marlins,1499.5894064994868,31.622776601683793
2024-05-26T15:35:00Z,Detroit Tigers,1499.9787048095043,31.622776601683793
2024-05-26T15:35:00Z,Toronto Blue Jays,1499.8701134872767,31.622776601683793
2024-05-26T16:10:00Z,Cincinnati Reds,1499.8207957670327,31.622776601683793
2024-05-26T16:10:00Z,Los Angeles Dodgers,1500.24267571647,31.622776601683793
2024-05-26T17:35:00Z,Washington Nationals,1499.8917980586496,31.622776601683793
2024-05-26T17:35:00Z,Seattle Mariners,1500.0832904554916,31.622776601683793
2024-05-26T17:35:00Z,Pittsburgh Pirates,1499.8658446840407,31.622776601683793
2024-05-26T17:35:00Z,Atlanta Braves,1500.2754811304344,31.622776601683793
2024-05-26T17:35:00Z,Boston Red Sox,1500.0162702379864,31.622776601683793
2024-05-26T17:35:00Z,Milwaukee Brewers,1500.2393942362967,31.622776601683793
2024-05-26T17:40:00Z,New York Mets,1499.8224269371035,31.622776601683793
2024-05-26T17:40:00Z,San Francisco Giants,1500.001781585166,31.622776601683793
2024-05-26T17:40:00Z,Tampa Bay Rays,1499.936236055932,31.622776601683793
2024-05-26T17:40:00Z,Kansas City Royals,1500.3139685555636,31.622776601683793
2024-05-26T18:10:00Z,Minnesota Twins,1500.0517895301289,31.622776601683793
2024-05-26T18:10:00Z,Texas Rangers,1499.9424336488737,31.622776601683793
2024-05-26T18:10:00Z,Chicago White Sox,1499.3960699469008,31.622776601683793
2024-05-26T18:10:00Z,Baltimore Orioles,1500.3649911819577,31.622776601683793
2024-05-26T19:10:00Z,Colorado Rockies,1499.6080132015236,31.622776601683793
2024-05-26T19:10:00Z,Philadelphia Phillies,1500.5328521644183,31.622776601683793
2024-05-26T20:07:00Z,Los Angeles Angels,1499.6901235588882,31.622776601683793
2024-05-26T20:07:00Z,Cleveland Guardians,1500.445126073876,31.622776601683793
2024-05-26T20:07:00Z,Oakland Athletics,1499.7363887310632,31.622776601683793
2024-05-26T20:07:00Z,Houston Astros,1499.9071263509036,31.622776601683793
2024-05-26T20:10:00Z,Arizona Diamondbacks,1499.9615274698042,31.622776601683793
2024-05-26T20:10:00Z,Miami Marlins,1499.6191086654876,31.622776601683793
2024-05-26T20:10:00Z,San Diego Padres,1499.992535939883,31.622776601683793
2024-05-26T20:10:00Z,New York Yankees,1500.4321331197225,31.622776601683793
2024-05-26T23:10:00Z,St. Louis Cardinals,1499.971482833946,31.622776601683793
2024-05-26T23:10:00Z,Chicago Cubs,1500.022145041929,31.622776601683793
2024-05-27T17:05:00Z,Baltimore Orioles,1500.3853120432555,31.622776601683793
2024-05-27T17:05:00Z,Boston Red Sox,1499.9959493766887,31.622776601683793
2024-05-27T18:10:00Z,Minnesota Twins,1500.0723757607934,31.622776601683793
2024-05-27T18:10:00Z,Kansas City Royals,1500.293382324899,31.622776601683793
2024-05-27T18:10:00Z,Chicago White Sox,1499.3667484011407,31.622776601683793
2024-05-27T18:10:00Z,Toronto Blue Jays,1499.8994350330368,31.622776601683793
2024-05-27T20:10:00Z,Colorado Rockies,1499.628849918913,31.622776601683793
2024-05-27T20:10:00Z,Cleveland Guardians,1500.4242893564867,31.622776601683793
2024-05-27T20:10:00Z,Cincinnati Reds,1499.8413335047996,31.622776601683793
2024-05-27T20:10:00Z,St. Louis Cardinals,1499.950945096179,31.622776601683793
2024-05-27T20:10:00Z,Atlanta Braves,1500.245786829983,31.622776601683793
2024-05-27T20:10:00Z,Washington Nationals,1499.921492359101,31.622776601683793
2024-05-27T20:10:00Z,Milwaukee Brewers,1500.2597721369566,31.622776601683793
2024-05-27T20:10:00Z,Chicago Cubs,1500.001767141269,31.622776601683793
2024-05-27T21:05:00Z,San Francisco Giants,1500.022484879381,31.622776601683793
2024-05-27T21:05:00Z,Philadelphia Phillies,1500.5121488702034,31.622776601683793
2024-05-27T22:40:00Z,San Diego Padres,1500.0128460866906,31.622776601683793
2024-05-27T22:40:00Z,Miami Marlins,1499.59879851868,31.622776601683793
2024-05-28T01:40:00Z,Seattle Mariners,1500.103686189091,31.622776601683793
2024-05-28T01:40:00Z,Houston Astros,1499.8867306173042,31.622776601683793
2024-05-28T20:10:00Z,New York Mets,1499.7930819656303,31.622776601683793
2024-05-28T20:10:00Z,Los Angeles Dodgers,1500.2720206879433,31.622776601683793
2024-05-28T20:15:00Z,New York Mets,1499.7637625518546,31.622776601683793
2024-05-28T20:15:00Z,Los Angeles Dodgers,1500.301340101719,31.622776601683793
2024-05-28T22:35:00Z,Baltimore Orioles,1500.3556152800447,31.622776601683793
2024-05-28T22:35:00Z,Boston Red Sox,1500.0256461398994,31.622776601683793
2024-05-28T22:40:00Z,Cincinnati Reds,1499.8118533838417,31.622776601683793
2024-05-28T22:40:00Z,St. Louis Cardinals,1499.980425217137,31.622776601683793
2024-05-28T22:50:00Z,Tampa Bay Rays,1499.906621509388,31.622776601683793
2024-05-28T22:50:00Z,Oakland Athletics,1499.7660032776073,31.622776601683793
2024-05-28T23:20:00Z,Atlanta Braves,1500.2661182857819,31.622776601683793
2024-05-28T23:20:00Z,Washington Nationals,1499.901160903302,31.622776601683793
2024-05-28T23:40:00Z,Minnesota Twins,1500.0929440805342,31.622776601683793
2024-05-28T23:40:00Z,Kansas City Royals,1500.2728140051584,31.622776601683793
2024-05-28T23:40:00Z,Chicago White Sox,1499.3374523993803,31.622776601683793
2024-05-28T23:40:00Z,Toronto Blue Jays,1499.9287310347972,31.622776601683793
2024-05-28T23:40:00Z,Milwaukee Brewers,1500.2301323513889,31.622776601683793
2024-05-28T23:40:00Z,Chicago Cubs,1500.0314069268368,31.622776601683793
2024-05-29T00:05:00Z,Texas Rangers,1499.9629141858893,31.622776601683793
2024-05-29T00:05:00Z,Arizona Diamondbacks,1499.9410469327886,31.622776601683793
2024-05-29T00:40:00Z,Colorado Rockies,1499.5996684567867,31.622776601683793
2024-05-29T00:40:00Z,Cleveland Guardians,1500.453470818613,31.622776601683793
2024-05-29T01:38:00Z,Los Angeles Angels,1499.710918793881,31.622776601683793
2024-05-29T01:38:00Z,New York Yankees,1500.4113378847296,31.622776601683793
2024-05-29T01:40:00Z,Seattle Mariners,1500.1240642171838,31.622776601683793
2024-05-29T01:40:00Z,Houston Astros,1499.8663525892114,31.622776601683793
2024-05-29T01:40:00Z,San Diego Padres,1500.0331386205926,31.622776601683793
2024-05-29T01:40:00Z,Miami Marlins,1499.578505984778,31.622776601683793
2024-05-29T01:45:00Z,San Francisco Giants,1500.0431701369282,31.622776601683793
2024-05-29T01:45:00Z,Philadelphia Phillies,1500.4914636126562,31.622776601683793
2024-05-29T16:40:00Z,Detroit Tigers,1499.999128027593,31.622776601683793
2024-05-29T16:40:00Z,Pittsburgh Pirates,1499.8454214659519,31.622776601683793
2024-05-29T16:45:00Z,Detroit Tigers,1499.9695335104789,31.622776601683793
2024-05-29T16:45:00Z,Pittsburgh Pirates,1499.875015983066,31.622776601683793
2024-05-29T17:10:00Z,Cincinnati Reds,1499.782398898674,31.622776601683793
2024-05-29T17:10:00Z,St. Louis Cardinals,1500.0098797023047,31.622776601683793
2024-05-29T18:35:00Z,Texas Rangers,1499.9833769258337,31.622776601683793
2024-05-29T18:35:00Z,Arizona Diamondbacks,1499.9205841928442,31.622776601683793
2024-05-29T19:45:00Z,San Francisco Giants,1500.0138373771572,31.622776601683793
2024-05-29T19:45:00Z,Philadelphia Phillies,1500.5207963724272,31.622776601683793
2024-05-29T20:10:00Z,New York Mets,1499.7344686808294,31.622776601683793
2024-05-29T20:10:00Z,Los Angeles Dodgers,1500.3306339727442,31.622776601683793
2024-05-29T20:10:00Z,San Diego Padres,1500.0034135606688,31.622776601683793
2024-05-29T20:10:00Z,Miami Marlins,1499.6082310447018,31.622776601683793
2024-05-29T22:35:00Z,Baltimore Orioles,1500.3759442744456,31.622776601683793
2024-05-29T22:35:00Z,Boston Red Sox,1500.0053171454986,31.622776601683793
2024-05-29T22:50:00Z,Tampa Bay Rays,1499.9270326747153,31.622776601683793
2024-05-29T22:50:00Z,Oakland Athletics,1499.74559211228,31.622776601683793
2024-05-29T23:20:00Z,Atlanta Braves,1500.2364321056023,31.622776601683793
2024-05-29T23:20:00Z,Washington Nationals,1499.9308470834817,31.622776601683793
2024-05-29T23:40:00Z,Minnesota Twins,1500.0634945086235,31.622776601683793
2024-05-29T23:40:00Z,Kansas City Royals,1500.302263577069,31.622776601683793
2024-05-29T23:40:00Z,Chicago White Sox,1499.3081819266283,31.622776601683793
2024-05-29T23:40:00Z,Toronto Blue Jays,1499.9580015075492,31.622776601683793
2024-05-29T23:40:00Z,Milwaukee Brewers,1500.250518291798,31.622776601683793
2024-05-29T23:40:00Z,Chicago Cubs,1500.0110209864276,31.622776601683793
2024-05-30T00:40:00Z,Colorado Rockies,1499.6205124557573,31.622776601683793
2024-05-30T00:40:00Z,Cleveland Guardians,1500.4326268196423,31.622776601683793
2024-05-30T01:38:00Z,Los Angeles Angels,1499.6816958937168,31.622776601683793
2024-05-30T01:38:00Z,New York Yankees,1500.440560784894,31.622776601683793
2024-05-30T01:40:00Z,Seattle Mariners,1500.1444245589114,31.622776601683793
2024-05-30T01:40:00Z,Houston Astros,1499.8459922474838,31.622776601683793
2024-05-30T17:10:00Z,Tampa Bay Rays,1499.9474261178598,31.622776601683793
2024-05-30T17:10:00Z,Oakland Athletics,1499.7251986691356,31.622776601683793
2024-05-30T17:10:00Z,Minnesota Twins,1500.084070554991,31.622776601683793
2024-05-30T17:10:00Z,Kansas City Royals,1500.2816875307014,31.622776601683793
2024-05-30T17:10:00Z,Milwaukee Brewers,1500.270886537287,31.622776601683793
2024-05-30T17:10:00Z,Chicago Cubs,1499.9906527409387,31.622776601683793
2024-05-30T20:10:00Z,Seattle Mariners,1500.1147672334018,31.622776601683793
2024-05-30T20:10:00Z,Houston Astros,1499.8756495729933,31.622776601683793
2024-05-30T23:10:00Z,Boston Red Sox,1499.9757738398005,31.622776601683793
2024-05-30T23:10:00Z,Detroit Tigers,1499.999076816177,31.622776601683793
2024-05-30T23:10:00Z,New York Mets,1499.7550218250883,31.622776601683793
2024-05-30T23:10:00Z,Arizona Diamondbacks,1499.9000310485853,31.622776601683793
2024-05-30T23:20:00Z,Atlanta Braves,1500.2067716771803,31.622776601683793
2024-05-30T23:20:00Z,Washington Nationals,1499.9605075119036,31.622776601683793
2024-05-31T01:38:00Z,Los Angeles Angels,1499.6524984793487,31.622776601683793
2024-05-31T01:38:00Z,New York Yankees,1500.469758199262,31.622776601683793
2024-05-31T18:20:00Z,Chicago Cubs,1499.9610345456945,31.622776601683793
2024-05-31T18:20:00Z,Cincinnati Reds,1499.8120170939183,31.622776601683793
2024-05-31T22:40:00Z,Philadelphia Phillies,1500.54104691942,31.622776601683793
2024-05-31T22:40:00Z,St. Louis Cardinals,1499.9896291553118,31.622776601683793
2024-05-31T23:05:00Z,Baltimore Orioles,1500.3962305348396,31.622776601683793
2024-05-31T23:05:00Z,Tampa Bay Rays,1499.9271398574658,31.622776601683793
2024-05-31T23:07:00Z,Toronto Blue Jays,1499.9784376993314,31.622776601683793
2024-05-31T23:07:00Z,Pittsburgh Pirates,1499.8545797912839,31.622776601683793
2024-05-31T23:10:00Z,Boston Red Sox,1499.9962562058524,31.622776601683793
2024-05-31T23:10:00Z,Detroit Tigers,1499.978594450125,31.622776601683793
2024-05-31T23:10:00Z,Cleveland Guardians,1500.4528941803367,31.622776601683793
2024-05-31T23:10:00Z,Washington Nationals,1499.9402401512093,31.622776601683793
2024-05-31T23:10:00Z,New York Mets,1499.7755570940315,31.622776601683793
2024-05-31T23:10:00Z,Arizona Diamondbacks,1499.8794957796422,31.622776601683793
2024-05-31T23:10:00Z,Miami Marlins,1499.6288664372803,31.622776601683793
2024-05-31T23:10:00Z,Texas Rangers,1499.9627415332552,31.622776601683793
2024-05-31T23:20:00Z,Atlanta Braves,1500.2270349405806,31.622776601683793
2024-05-31T23:20:00Z,Oakland Athletics,1499.7049354057353,31.622776601683793
2024-06-01T00:10:00Z,Kansas City Royals,1500.252038950697,31.622776601683793
2024-06-01T00:10:00Z,San Diego Padres,1500.0330621406733,31.622776601683793
2024-06-01T00:10:00Z,Houston Astros,1499.8462124184664,31.622776601683793
2024-06-01T00:10:00Z,Minnesota Twins,1500.113507709518,31.622776601683793
2024-06-01T00:10:00Z,Milwaukee Brewers,1500.2909415531567,31.622776601683793
2024-06-01T00:10:00Z,Chicago White Sox,1499.2881269107586,31.622776601683793
2024-06-01T02:10:00Z,Los Angeles Dodgers,1500.3007982453557,31.622776601683793
2024-06-01T02:10:00Z,Colorado Rockies,1499.6503481831458,31.622776601683793
2024-06-01T02:10:00Z,Seattle Mariners,1500.1350388636097,31.622776601683793
2024-06-01T02:10:00Z,Los Angeles Angels,1499.6322268491408,31.622776601683793
2024-06-01T02:15:00Z,San Francisco Giants,1499.984507938906,31.622776601683793
2024-06-01T02:15:00Z,New York Yankees,1500.4990876375132,31.622776601683793
2024-06-01T19:07:00Z,Toronto Blue Jays,1499.9488561418996,31.622776601683793
2024-06-01T19:07:00Z,Pittsburgh Pirates,1499.8841613487157,31.622776601683793
2024-06-01T20:05:00Z,Baltimore Orioles,1500.4164992082056,31.622776601683793
2024-06-01T20:05:00Z,Tampa Bay Rays,1499.9068711840998,31.622776601683793
2024-06-01T20:10:00Z,Boston Red Sox,1500.0167207728603,31.622776601683793
2024-06-01T20:10:00Z,Detroit Tigers,1499.9581298831172,31.622776601683793
2024-06-01T20:10:00Z,Cleveland Guardians,1500.4731439744883,31.622776601683793
2024-06-01T20:10:00Z,Washington Nationals,1499.9199903570577,31.622776601683793
2024-06-01T20:10:00Z,New York Mets,1499.7460745069088,31.622776601683793
2024-06-01T20:10:00Z,Arizona Diamondbacks,1499.9089783667648,31.622776601683793
2024-06-01T20:10:00Z,Kansas City Royals,1500.222416101571,31.622776601683793
2024-06-01T20:10:00Z,San Diego Padres,1500.0626849897992,31.622776601683793
2024-06-01T20:10:00Z,Houston Astros,1499.866800875076,31.622776601683793
2024-06-01T20:10:00Z,Minnesota Twins,1500.0929192529084,31.622776601683793
2024-06-01T20:10:00Z,Atlanta Braves,1500.1972806418803,31.622776601683793
2024-06-01T20:10:00Z,Oakland Athletics,1499.7346897044356,31.622776601683793
2024-06-01T20:10:00Z,Miami Marlins,1499.5994838660818,31.622776601683793
2024-06-01T20:10:00Z,Texas Rangers,1499.9921241044538,31.622776601683793
2024-06-01T20:10:00Z,Milwaukee Brewers,1500.3109792332546,31.622776601683793
2024-06-01T20:10:00Z,Chicago White Sox,1499.2680892306607,31.622776601683793
2024-06-01T23:15:00Z,Chicago Cubs,1499.9814420643643,31.622776601683793
2024-06-01T23:15:00Z,Cincinnati Reds,1499.7916095752485,31.622776601683793
2024-06-01T23:15:00Z,Seattle Mariners,1500.1552929226464,31.622776601683793
2024-06-01T23:15:00Z,Los Angeles Angels,1499.6119727901041,31.622776601683793
2024-06-01T23:15:00Z,Philadelphia Phillies,1500.5612799181024,31.622776601683793
2024-06-01T23:15:00Z,St. Louis Cardinals,1499.9693961566295,31.622776601683793
2024-06-02T02:05:00Z,San Francisco Giants,1499.955204049275,31.622776601683793
2024-06-02T02:05:00Z,New York Yankees,1500.5283915271443,31.622776601683793
2024-06-02T02:10:00Z,Los Angeles Dodgers,1500.3209883515106,31.622776601683793
2024-06-02T02:10:00Z,Colorado Rockies,1499.630158076991,31.622776601683793
2024-06-02T17:05:00Z,Houston Astros,1499.8373714183674,31.622776601683793
2024-06-02T17:05:00Z,Minnesota Twins,1500.122348709617,31.622776601683793
2024-06-02T17:35:00Z,Boston Red Sox,1499.9871675600257,31.622776601683793
2024-06-02T17:35:00Z,Detroit Tigers,1499.9876830959518,31.622776601683793
2024-06-02T17:35:00Z,Baltimore Orioles,1500.3867503136057,31.622776601683793
2024-06-02T17:35:00Z,Tampa Bay Rays,1499.9366200786997,31.622776601683793
2024-06-02T17:35:00Z,Atlanta Braves,1500.217552132441,31.622776601683793
2024-06-02T17:35:00Z,Oakland Athletics,1499.714418213875,31.622776601683793
2024-06-02T17:37:00Z,Toronto Blue Jays,1499.9693002778163,31.622776601683793
2024-06-02T17:37:00Z,Pittsburgh Pirates,1499.863717212799,31.622776601683793
2024-06-02T17:40:00Z,Cleveland Guardians,1500.4433762211459,31.622776601683793
2024-06-02T17:40:00Z,Washington Nationals,1499.9497581104001,31.622776601683793
2024-06-02T17:40:00Z,New York Mets,1499.7166175569866,31.622776601683793
2024-06-02T17:40:00Z,Arizona Diamondbacks,1499.938435316687,31.622776601683793
2024-06-02T17:40:00Z,Miami Marlins,1499.570126874467,31.622776601683793
2024-06-02T17:40:00Z,Texas Rangers,1500.0214810960686,31.622776601683793
2024-06-02T18:10:00Z,Kansas City Royals,1500.2428189689626,31.622776601683793
2024-06-02T18:10:00Z,San Diego Padres,1500.0422821224076,31.622776601683793
2024-06-02T18:10:00Z,Milwaukee Brewers,1500.3309995964692,31.622776601683793
2024-06-02T18:10:00Z,Chicago White Sox,1499.2480688674461,31.622776601683793
2024-06-02T18:20:00Z,Chicago Cubs,1499.9518318647915,31.622776601683793
2024-06-02T18:20:00Z,Cincinnati Reds,1499.8212197748212,31.622776601683793
2024-06-02T20:05:00Z,San Francisco Giants,1499.9259256932876,31.622776601683793
2024-06-02T20:05:00Z,New York Yankees,1500.5576698831317,31.622776601683793
2024-06-02T20:10:00Z,Los Angeles Dodgers,1500.3411609749523,31.622776601683793
2024-06-02T20:10:00Z,Colorado Rockies,1499.6099854535491,31.622776601683793
2024-06-02T20:10:00Z,Seattle Mariners,1500.1755294295635,31.622776601683793
2024-06-02T20:10:00Z,Los Angeles Angels,1499.591736283187,31.622776601683793
2024-06-02T23:10:00Z,Philadelphia Phillies,1500.5314953875102,31.622776601683793
2024-06-02T23:10:00Z,St. Louis Cardinals,1499.9991806872217,31.622776601683793
2024-06-03T22:40:00Z,Philadelphia Phillies,1500.5518805595052,31.622776601683793
2024-06-03T22:40:00Z,Milwaukee Brewers,1500.3106144244741,31.622776601683793
2024-06-03T22:45:00Z,Washington Nationals,1499.920129114459,31.622776601683793
2024-06-03T22:45:00Z,New York Mets,1499.7462465529277,31.622776601683793
2024-06-03T23:07:00Z,Toronto Blue Jays,1499.9399540877585,31.622776601683793
2024-06-03T23:07:00Z,Baltimore Orioles,1500.4160965036635,31.622776601683793
2024-06-04T00:05:00Z,Texas Rangers,1499.9919386529562,31.622776601683793
2024-06-04T00:05:00Z,Detroit Tigers,1500.0172255390642,31.622776601683793
2024-06-04T00:10:00Z,Houston Astros,1499.8579139924636,31.622776601683793
2024-06-04T00:10:00Z,St. Louis Cardinals,1499.9786381131255,31.622776601683793
2024-06-04T00:40:00Z,Colorado Rockies,1499.5805495226919,31.622776601683793
2024-06-04T00:40:00Z,Cincinnati Reds,1499.8506557056785,31.622776601683793
2024-06-04T01:38:00Z,Los Angeles Angels,1499.6124045042513,31.622776601683793
2024-06-04T01:38:00Z,San Diego Padres,1500.0216139013432,31.622776601683793
2024-06-04T01:40:00Z,Arizona Diamondbacks,1499.9589021220745,31.622776601683793
2024-06-04T01:40:00Z,San Francisco Giants,1499.9054588879,31.622776601683793
2024-06-04T22:40:00Z,Cleveland Guardians,1500.4637613664643,31.622776601683793
2024-06-04T22:40:00Z,Kansas City Royals,1500.2224338236442,31.622776601683793
2024-06-04T22:40:00Z,Pittsburgh Pirates,1499.8843971479223,31.622776601683793
2024-06-04T22:40:00Z,Los Angeles Dodgers,1500.320481039829,31.622776601683793
2024-06-04T22:40:00Z,Miami Marlins,1499.5407585005244,31.622776601683793
2024-06-04T22:40:00Z,Tampa Bay Rays,1499.9659884526423,31.622776601683793
2024-06-04T22:40:00Z,Philadelphia Phillies,1500.5722480374109,31.622776601683793
2024-06-04T22:40:00Z,Milwaukee Brewers,1500.2902469465685,31.622776601683793
2024-06-04T22:45:00Z,Washington Nationals,1499.8905258384716,31.622776601683793
2024-06-04T22:45:00Z,New York Mets,1499.7758498289152,31.622776601683793
2024-06-04T23:05:00Z,New York Yankees,1500.5779531943463,31.622776601683793
2024-06-04T23:05:00Z,Minnesota Twins,1500.1020653984024,31.622776601683793
2024-06-04T23:07:00Z,Toronto Blue Jays,1499.9106334561093,31.622776601683793
2024-06-04T23:07:00Z,Baltimore Orioles,1500.4454171353127,31.622776601683793
2024-06-04T23:10:00Z,Boston Red Sox,1499.9577399590814,31.622776601683793
2024-06-04T23:10:00Z,Atlanta Braves,1500.2469797333852,31.622776601683793
2024-06-05T00:05:00Z,Texas Rangers,1499.9624218811052,31.622776601683793
2024-06-05T00:05:00Z,Detroit Tigers,1500.046742310915,31.622776601683793
2024-06-05T00:05:00Z,Chicago Cubs,1499.971998889794,31.622776601683793
2024-06-05T00:05:00Z,Chicago White Sox,1499.2279018424438,31.622776601683793
2024-06-05T00:10:00Z,Houston Astros,1499.878438702626,31.622776601683793
2024-06-05T00:10:00Z,St. Louis Cardinals,1499.9581134029631,31.622776601683793
2024-06-05T00:40:00Z,Colorado Rockies,1499.5511392022668,31.622776601683793
2024-06-05T00:40:00Z,Cincinnati Reds,1499.8800660261036,31.622776601683793
2024-06-05T01:38:00Z,Los Angeles Angels,1499.6330547262821,31.622776601683793
2024-06-05T01:38:00Z,San Diego Padres,1500.0009636793125,31.622776601683793
2024-06-05T01:40:00Z,Oakland Athletics,1499.6850910359824,31.622776601683793
2024-06-05T01:40:00Z,Seattle Mariners,1500.2048566074561,31.622776601683793
2024-06-05T01:40:00Z,Arizona Diamondbacks,1499.9793511452044,31.622776601683793
2024-06-05T01:40:00Z,San Francisco Giants,1499.8850098647702,31.622776601683793
2024-06-05T17:35:00Z,Boston Red Sox,1499.97833796377,31.622776601683793
2024-06-05T17:35:00Z,Atlanta Braves,1500.2263817286967,31.622776601683793
2024-06-05T18:10:00Z,Houston Astros,1499.8489455680976,31.622776601683793
2024-06-05T18:10:00Z,St. Louis Cardinals,1499.9876065374915,31.622776601683793
2024-06-05T19:10:00Z,Colorado Rockies,1499.521754477499,31.622776601683793
2024-06-05T19:10:00Z,Cincinnati Reds,1499.9094507508714,31.622776601683793
2024-06-05T19:40:00Z,Arizona Diamondbacks,1499.9497824052673,31.622776601683793
2024-06-05T19:40:00Z,San Francisco Giants,1499.9145786047072,31.622776601683793
2024-06-05T20:05:00Z,Washington Nationals,1499.860948268038,31.622776601683793
2024-06-05T20:05:00Z,New York Mets,1499.8054273993487,31.622776601683793
2024-06-05T20:05:00Z,Philadelphia Phillies,1500.5925978403604,31.622776601683793
2024-06-05T20:05:00Z,Milwaukee Brewers,1500.269897143619,31.622776601683793
2024-06-05T22:40:00Z,Pittsburgh Pirates,1499.9050590714387,31.622776601683793
2024-06-05T22:40:00Z,Los Angeles Dodgers,1500.2998191163126,31.622776601683793
2024-06-05T22:40:00Z,Miami Marlins,1499.5114156979162,31.622776601683793
2024-06-05T22:40:00Z,Tampa Bay Rays,1499.9953312552504,31.622776601683793
2024-06-05T23:05:00Z,New York Yankees,1500.5982189217289,31.622776601683793
2024-06-05T23:05:00Z,Minnesota Twins,1500.0817996710198,31.622776601683793
2024-06-05T23:07:00Z,Toronto Blue Jays,1499.9313383679241,31.622776601683793
2024-06-05T23:07:00Z,Baltimore Orioles,1500.4247122234979,31.622776601683793
2024-06-06T00:05:00Z,Texas Rangers,1499.9829307659463,31.622776601683793
2024-06-06T00:05:00Z,Detroit Tigers,1500.026233426074,31.622776601683793
2024-06-06T00:05:00Z,Chicago Cubs,1499.9921484571576,31.622776601683793
2024-06-06T00:05:00Z,Chicago White Sox,1499.20775227508,31.622776601683793
2024-06-06T01:38:00Z,Los Angeles Angels,1499.6536869686058,31.622776601683793
2024-06-06T01:38:00Z,San Diego Padres,1499.9803314369888,31.622776601683793
2024-06-06T01:40:00Z,Oakland Athletics,1499.7057894053871,31.622776601683793
2024-06-06T01:40:00Z,Seattle Mariners,1500.1841582380514,31.622776601683793
2024-06-06T17:07:00Z,Toronto Blue Jays,1499.9520252413365,31.622776601683793
2024-06-06T17:07:00Z,Baltimore Orioles,1500.4040253500855,31.622776601683793
2024-06-06T17:10:00Z,Cleveland Guardians,1500.434128817722,31.622776601683793
2024-06-06T17:10:00Z,Kansas City Royals,1500.2520663723865,31.622776601683793
2024-06-06T19:37:00Z,Oakland Athletics,1499.6764697434064,31.622776601683793
2024-06-06T19:37:00Z,Seattle Mariners,1500.213477900032,31.622776601683793
2024-06-06T22:40:00Z,Pittsburgh Pirates,1499.8757030026825,31.622776601683793
2024-06-06T22:40:00Z,Los Angeles Dodgers,1500.3291751850688,31.622776601683793
2024-06-06T22:45:00Z,Washington Nationals,1499.831579432799,31.622776601683793
2024-06-06T22:45:00Z,Atlanta Braves,1500.2557505639359,31.622776601683793
2024-06-06T23:05:00Z,New York Yankees,1500.6184670843395,31.622776601683793
2024-06-06T23:05:00Z,Minnesota Twins,1500.0615515084091,31.622776601683793
2024-06-06T23:10:00Z,Cincinnati Reds,1499.9299589303544,31.622776601683793
2024-06-06T23:10:00Z,Chicago Cubs,1499.9716402776746,31.622776601683793
2024-06-06T23:45:00Z,St. Louis Cardinals,1499.9578766145653,31.622776601683793
2024-06-06T23:45:00Z,Colorado Rockies,1499.5514844004251,31.622776601683793
2024-06-07T00:10:00Z,Chicago White Sox,1499.1785599725185,31.622776601683793
2024-06-07T00:10:00Z,Boston Red Sox,1500.0075302663315,31.622776601683793
2024-06-07T01:40:00Z,San Diego Padres,1499.9507904052894,31.622776601683793
2024-06-07T01:40:00Z,Arizona Diamondbacks,1499.9793234369668,31.622776601683793
2024-06-07T18:15:00Z,St. Louis Cardinals,1499.9781724675277,31.622776601683793
2024-06-07T18:15:00Z,Colorado Rockies,1499.5311885474628,31.622776601683793
2024-06-07T22:40:00Z,Pittsburgh Pirates,1499.89625603082,31.622776601683793
2024-06-07T22:40:00Z,Minnesota Twins,1500.0409984802716,31.622776601683793
2024-06-07T22:40:00Z,Detroit Tigers,1499.9968116017174,31.622776601683793
2024-06-07T22:40:00Z,Milwaukee Brewers,1500.2993189679755,31.622776601683793
2024-06-07T22:45:00Z,Washington Nationals,1499.8522361691623,31.622776601683793
2024-06-07T22:45:00Z,Atlanta Braves,1500.2350938275724,31.622776601683793
2024-06-07T22:50:00Z,Tampa Bay Rays,1499.9659812529273,31.622776601683793
2024-06-07T22:50:00Z,Baltimore Orioles,1500.4333753524086,31.622776601683793
2024-06-07T23:05:00Z,New York Yankees,1500.5888137241961,31.622776601683793
2024-06-07T23:05:00Z,Los Angeles Dodgers,1500.3588285452122,31.622776601683793
2024-06-07T23:10:00Z,Cincinnati Reds,1499.9504492829606,31.622776601683793
2024-06-07T23:10:00Z,Chicago Cubs,1499.9511499250684,31.622776601683793
2024-06-07T23:10:00Z,Miami Marlins,1499.532289768501,31.622776601683793
2024-06-07T23:10:00Z,Cleveland Guardians,1500.4132547471372,31.622776601683793
2024-06-08T00:05:00Z,Texas Rangers,1499.9533733133142,31.622776601683793
2024-06-08T00:05:00Z,San Francisco Giants,1499.9441360573394,31.622776601683793
2024-06-08T00:10:00Z,Kansas City Royals,1500.2725218482456,31.622776601683793
2024-06-08T00:10:00Z,Seattle Mariners,1500.193022424173,31.622776601683793
2024-06-08T00:10:00Z,Chicago White Sox,1499.1993931375293,31.622776601683793
2024-06-08T00:10:00Z,Boston Red Sox,1499.9866971013207,31.622776601683793
2024-06-08T01:38:00Z,Los Angeles Angels,1499.6242440892936,31.622776601683793
2024-06-08T01:38:00Z,Houston Astros,1499.8783884474099,31.622776601683793
2024-06-08T01:40:00Z,San Diego Padres,1499.971275044052,31.622776601683793
2024-06-08T01:40:00Z,Arizona Diamondbacks,1499.9588387982042,31.622776601683793
2024-06-08T01:40:00Z,Oakland Athletics,1499.6970617939226,31.622776601683793
2024-06-08T01:40:00Z,Toronto Blue Jays,1499.9314331908204,31.622776601683793
2024-06-08T17:10:00Z,New York Mets,1499.776242330401,31.622776601683793
2024-06-08T17:10:00Z,Philadelphia Phillies,1500.6217829093082,31.622776601683793
2024-06-08T20:05:00Z,Texas Rangers,1499.9238415404352,31.622776601683793
2024-06-08T20:05:00Z,San Francisco Giants,1499.9736678302183,31.622776601683793
2024-06-08T20:05:00Z,Pittsburgh Pirates,1499.916791183767,31.622776601683793
2024-06-08T20:05:00Z,Minnesota Twins,1500.0204633273247,31.622776601683793
2024-06-08T20:05:00Z,Washington Nationals,1499.8728749188228,31.622776601683793
2024-06-08T20:05:00Z,Atlanta Braves,1500.214455077912,31.622776601683793
2024-06-08T20:07:00Z,Oakland Athletics,1499.6676359272547,31.622776601683793
2024-06-08T20:07:00Z,Toronto Blue Jays,1499.9608590574883,31.622776601683793
2024-06-08T20:10:00Z,Cincinnati Reds,1499.9709218279097,31.622776601683793
2024-06-08T20:10:00Z,Chicago Cubs,1499.9306773801193,31.622776601683793
2024-06-08T20:10:00Z,Kansas City Royals,1500.292959554073,31.622776601683793
2024-06-08T20:10:00Z,Seattle Mariners,1500.1725847183457,31.622776601683793
2024-06-08T20:10:00Z,Tampa Bay Rays,1499.9366568112373,31.622776601683793
2024-06-08T20:10:00Z,Baltimore Orioles,1500.4626997940986,31.622776601683793
2024-06-08T20:10:00Z,Chicago White Sox,1499.2202081268213,31.622776601683793
2024-06-08T20:10:00Z,Boston Red Sox,1499.9658821120288,31.622776601683793
2024-06-08T20:10:00Z,Detroit Tigers,1499.9674153796618,31.622776601683793
2024-06-08T20:10:00Z,Milwaukee Brewers,1500.328715190031,31.622776601683793
2024-06-08T20:15:00Z,St. Louis Cardinals,1499.9484507230682,31.622776601683793
2024-06-08T20:15:00Z,Colorado Rockies,1499.5609102919223,31.622776601683793
2024-06-08T23:35:00Z,Miami Marlins,1499.50314561967,31.622776601683793
2024-06-08T23:35:00Z,Cleveland Guardians,1500.4423988959682,31.622776601683793
2024-06-08T23:35:00Z,New York Yankees,1500.5591860975926,31.622776601683793
2024-06-08T23:35:00Z,Los Angeles Dodgers,1500.3884561718157,31.622776601683793
2024-06-09T00:40:00Z,San Diego Padres,1499.9917418813193,31.622776601683793
2024-06-09T00:40:00Z,Arizona Diamondbacks,1499.9383719609368,31.622776601683793
2024-06-09T02:07:00Z,Los Angeles Angels,1499.5948268244122,31.622776601683793
2024-06-09T02:07:00Z,Houston Astros,1499.9078057122913,31.622776601683793
2024-06-09T14:10:00Z,Philadelphia Phillies,1500.5918885863632,31.622776601683793
2024-06-09T14:10:00Z,New York Mets,1499.806136653346,31.622776601683793
2024-06-09T17:05:00Z,Texas Rangers,1499.944335432769,31.622776601683793
2024-06-09T17:05:00Z,San Francisco Giants,1499.9531739378845,31.622776601683793
2024-06-09T17:35:00Z,Pittsburgh Pirates,1499.887308480773,31.622776601683793
2024-06-09T17:35:00Z,Minnesota Twins,1500.0499460303186,31.622776601683793
2024-06-09T17:35:00Z,Washington Nationals,1499.8934957010993,31.622776601683793
2024-06-09T17:35:00Z,Atlanta Braves,1500.1938342956355,31.622776601683793
2024-06-09T17:40:00Z,Cincinnati Reds,1499.9413765844085,31.622776601683793
2024-06-09T17:40:00Z,Chicago Cubs,1499.9602226236204,31.622776601683793
2024-06-09T17:40:00Z,Tampa Bay Rays,1499.9073579152428,31.622776601683793
2024-06-09T17:40:00Z,Baltimore Orioles,1500.4919986900932,31.622776601683793
2024-06-09T17:40:00Z,Miami Marlins,1499.474026909569,31.622776601683793
2024-06-09T17:40:00Z,Cleveland Guardians,1500.4715176060693,31.622776601683793
2024-06-09T17:40:00Z,Detroit Tigers,1499.9880447451055,31.622776601683793
2024-06-09T17:40:00Z,Milwaukee Brewers,1500.3080858245874,31.622776601683793
2024-06-09T18:10:00Z,Kansas City Royals,1500.2633795090514,31.622776601683793
2024-06-09T18:10:00Z,Seattle Mariners,1500.2021647633671,31.622776601683793
2024-06-09T18:10:00Z,Chicago White Sox,1499.191004959826,31.622776601683793
2024-06-09T18:10:00Z,Boston Red Sox,1499.9950852790241,31.622776601683793
2024-06-09T18:15:00Z,St. Louis Cardinals,1499.9687547499984,31.622776601683793
2024-06-09T18:15:00Z,Colorado Rockies,1499.540606264992,31.622776601683793
2024-06-09T20:07:00Z,Los Angeles Angels,1499.6154351592002,31.622776601683793
2024-06-09T20:07:00Z,Houston Astros,1499.8871973775033,31.622776601683793
2024-06-09T20:07:00Z,Oakland Athletics,1499.6382356652196,31.622776601683793
2024-06-09T20:07:00Z,Toronto Blue Jays,1499.9902593195234,31.622776601683793
2024-06-09T20:10:00Z,San Diego Padres,1499.9621909362945,31.622776601683793
2024-06-09T20:10:00Z,Arizona Diamondbacks,1499.9679229059616,31.622776601683793
2024-06-09T23:10:00Z,New York Yankees,1500.5795841901775,31.622776601683793
2024-06-09T23:10:00Z,Los Angeles Dodgers,1500.3680580792309,31.622776601683793
2024-06-10T22:50:00Z,Tampa Bay Rays,1499.8780845499582,31.622776601683793
2024-06-10T22:50:00Z,Baltimore Orioles,1500.5212720553777,31.622776601683793
2024-06-10T23:40:00Z,Minnesota Twins,1500.07019726063,31.622776601683793
2024-06-10T23:40:00Z,Colorado Rockies,1499.5203550346805,31.622776601683793
2024-06-11T00:10:00Z,Kansas City Royals,1500.2339892476405,31.622776601683793
2024-06-11T00:10:00Z,New York Yankees,1500.6089744515884,31.622776601683793
2024-06-11T00:10:00Z,Milwaukee Brewers,1500.328420085968,31.622776601683793
2024-06-11T00:10:00Z,Toronto Blue Jays,1499.9699250581427,31.622776601683793
2024-06-11T01:40:00Z,San Diego Padres,1499.9825225392242,31.622776601683793
2024-06-11T01:40:00Z,Oakland Athletics,1499.6179040622899,31.622776601683793
2024-06-11T01:40:00Z,Seattle Mariners,1500.2221988371323,31.622776601683793
2024-06-11T01:40:00Z,Chicago White Sox,1499.1709708860608,31.622776601683793
2024-06-11T01:45:00Z,San Francisco Giants,1499.9736175170724,31.622776601683793
2024-06-11T01:45:00Z,Houston Astros,1499.8667537983154,31.622776601683793
2024-06-11T22:35:00Z,Baltimore Orioles,1500.5416021477604,31.622776601683793
2024-06-11T22:35:00Z,Atlanta Braves,1500.1735042032528,31.622776601683793
2024-06-11T22:40:00Z,Detroit Tigers,1499.958475914941,31.622776601683793
2024-06-11T22:40:00Z,Washington Nationals,1499.923064531264,31.622776601683793
2024-06-11T22:50:00Z,Tampa Bay Rays,1499.8985924861838,31.622776601683793
2024-06-11T22:50:00Z,Chicago Cubs,1499.9397146873948,31.622776601683793
2024-06-11T23:10:00Z,Cincinnati Reds,1499.9120794736693,31.622776601683793
2024-06-11T23:10:00Z,Cleveland Guardians,1500.5008147168085,31.622776601683793
2024-06-11T23:10:00Z,Boston Red Sox,1499.9658172137893,31.622776601683793
2024-06-11T23:10:00Z,Philadelphia Phillies,1500.621156651598,31.622776601683793
2024-06-11T23:10:00Z,New York Mets,1499.7764647192753,31.622776601683793
2024-06-11T23:10:00Z,Miami Marlins,1499.5036988436395,31.622776601683793
2024-06-11T23:40:00Z,Minnesota Twins,1500.0404309418898,31.622776601683793
2024-06-11T23:40:00Z,Colorado Rockies,1499.5501213534208,31.622776601683793
2024-06-11T23:45:00Z,St. Louis Cardinals,1499.9391916102898,31.622776601683793
2024-06-11T23:45:00Z,Pittsburgh Pirates,1499.9168716204817,31.622776601683793
2024-06-12T00:10:00Z,Kansas City Royals,1500.2046245702745,31.622776601683793
2024-06-12T00:10:00Z,New York Yankees,1500.6383391289544,31.622776601683793
2024-06-12T00:10:00Z,Milwaukee Brewers,1500.298736708333,31.622776601683793
2024-06-12T00:10:00Z,Toronto Blue Jays,1499.9996084357776,31.622776601683793
2024-06-12T01:40:00Z,Arizona Diamondbacks,1499.9882421336047,31.622776601683793
2024-06-12T01:40:00Z,Los Angeles Angels,1499.595115931557,31.622776601683793
2024-06-12T01:40:00Z,San Diego Padres,1500.0028365060161,31.622776601683793
2024-06-12T01:40:00Z,Oakland Athletics,1499.597590095498,31.622776601683793
2024-06-12T01:40:00Z,Seattle Mariners,1500.2422155979443,31.622776601683793
2024-06-12T01:40:00Z,Chicago White Sox,1499.1509541252487,31.622776601683793
2024-06-12T01:45:00Z,San Francisco Giants,1499.9440433390703,31.622776601683793
2024-06-12T01:45:00Z,Houston Astros,1499.8963279763175,31.622776601683793
2024-06-12T02:10:00Z,Los Angeles Dodgers,1500.388346418593,31.622776601683793
2024-06-12T02:10:00Z,Texas Rangers,1499.924047093407,31.622776601683793
2024-06-12T17:10:00Z,Minnesota Twins,1500.060690418985,31.622776601683793
2024-06-12T17:10:00Z,Colorado Rockies,1499.5298618763256,31.622776601683793
2024-06-12T18:10:00Z,Milwaukee Brewers,1500.319079080904,31.622776601683793
2024-06-12T18:10:00Z,Toronto Blue Jays,1499.9792660632068,31.622776601683793
2024-06-12T19:45:00Z,San Francisco Giants,1499.9644948502598,31.622776601683793
2024-06-12T19:45:00Z,Houston Astros,1499.875876465128,31.622776601683793
2024-06-12T20:10:00Z,San Diego Padres,1500.0231328557654,31.622776601683793
2024-06-12T20:10:00Z,Oakland Athletics,1499.5772937457486,31.622776601683793
2024-06-12T22:35:00Z,Baltimore Orioles,1500.5619146056404,31.622776601683793
2024-06-12T22:35:00Z,Atlanta Braves,1500.1531917453729,31.622776601683793
2024-06-12T22:40:00Z,Detroit Tigers,1499.928932770953,31.622776601683793
2024-06-12T22:40:00Z,Washington Nationals,1499.9526076752518,31.622776601683793
2024-06-12T22:50:00Z,Tampa Bay Rays,1499.8690825957951,31.622776601683793
2024-06-12T22:50:00Z,Chicago Cubs,1499.9692245777835,31.622776601683793
2024-06-12T23:10:00Z,Cincinnati Reds,1499.9328078925907,31.622776601683793
2024-06-12T23:10:00Z,Cleveland Guardians,1500.480086297887,31.622776601683793
2024-06-12T23:10:00Z,Boston Red Sox,1499.9865746611033,31.622776601683793
2024-06-12T23:10:00Z,Philadelphia Phillies,1500.600399204284,31.622776601683793
2024-06-12T23:10:00Z,New York Mets,1499.7968185290665,31.622776601683793
2024-06-12T23:10:00Z,Miami Marlins,1499.4833450338483,31.622776601683793
2024-06-12T23:45:00Z,St. Louis Cardinals,1499.9596541535466,31.622776601683793
2024-06-12T23:45:00Z,Pittsburgh Pirates,1499.896409077225,31.622776601683793
2024-06-13T00:10:00Z,Kansas City Royals,1500.175285462092,31.622776601683793
2024-06-13T00:10:00Z,New York Yankees,1500.667678237137,31.622776601683793
2024-06-13T01:40:00Z,Arizona Diamondbacks,1499.9585437385083,31.622776601683793
2024-06-13T01:40:00Z,Los Angeles Angels,1499.6248143266534,31.622776601683793
2024-06-13T01:40:00Z,Seattle Mariners,1500.2622150646757,31.622776601683793
2024-06-13T01:40:00Z,Chicago White Sox,1499.1309546585173,31.622776601683793
2024-06-13T02:10:00Z,Los Angeles Dodgers,1500.3586171686745,31.622776601683793
2024-06-13T02:10:00Z,Texas Rangers,1499.9537763433254,31.622776601683793
2024-06-13T17:05:00Z,Baltimore Orioles,1500.5322094481119,31.622776601683793
2024-06-13T17:05:00Z,Atlanta Braves,1500.1828969029013,31.622776601683793
2024-06-13T17:10:00Z,Detroit Tigers,1499.9494152986235,31.622776601683793
2024-06-13T17:10:00Z,Washington Nationals,1499.9321251475812,31.622776601683793
2024-06-13T18:10:00Z,Kansas City Royals,1500.195971908183,31.622776601683793
2024-06-13T18:10:00Z,New York Yankees,1500.6469917910458,31.622776601683793
2024-06-13T18:15:00Z,St. Louis Cardinals,1499.9800989191447,31.622776601683793
2024-06-13T18:15:00Z,Pittsburgh Pirates,1499.8759643116268,31.622776601683793
2024-06-13T22:50:00Z,Tampa Bay Rays,1499.889598358183,31.622776601683793
2024-06-13T22:50:00Z,Chicago Cubs,1499.9487088153955,31.622776601683793
2024-06-13T23:10:00Z,Boston Red Sox,1500.0073140137104,31.622776601683793
2024-06-13T23:10:00Z,Philadelphia Phillies,1500.579659851677,31.622776601683793
2024-06-13T23:10:00Z,New York Mets,1499.8171546786873,31.622776601683793
2024-06-13T23:10:00Z,Miami Marlins,1499.4630088842275,31.622776601683793
2024-06-13T23:40:00Z,Minnesota Twins,1500.0809528920208,31.622776601683793
2024-06-13T23:40:00Z,Oakland Athletics,1499.5570312727127,31.622776601683793
2024-06-14T01:40:00Z,Arizona Diamondbacks,1499.9788711019253,31.622776601683793
2024-06-14T01:40:00Z,Los Angeles Angels,1499.6044869632365,31.622776601683793
2024-06-14T01:40:00Z,Seattle Mariners,1500.232197256185,31.622776601683793
2024-06-14T01:40:00Z,Chicago White Sox,1499.1609724670082,31.622776601683793
2024-06-14T02:10:00Z,Los Angeles Dodgers,1500.3289136942744,31.622776601683793
2024-06-14T02:10:00Z,Texas Rangers,1499.9834798177255,31.622776601683793
2024-06-14T18:20:00Z,Chicago Cubs,1499.9191946957192,31.622776601683793
2024-06-14T18:20:00Z,St. Louis Cardinals,1500.009613038821,31.622776601683793
2024-06-14T22:30:00Z,Boston Red Sox,1499.9780646343,31.622776601683793
2024-06-14T22:30:00Z,New York Yankees,1500.6762411704563,31.622776601683793
2024-06-14T22:45:00Z,Washington Nationals,1499.9523938098575,31.622776601683793
2024-06-14T22:45:00Z,Miami Marlins,1499.4427402219512,31.622776601683793
2024-06-14T23:05:00Z,Baltimore Orioles,1500.5027023078892,31.622776601683793
2024-06-14T23:05:00Z,Philadelphia Phillies,1500.6091669918997,31.622776601683793
2024-06-14T23:07:00Z,Toronto Blue Jays,1499.9499561800449,31.622776601683793
2024-06-14T23:07:00Z,Cleveland Guardians,1500.509396181049,31.622776601683793
2024-06-14T23:10:00Z,New York Mets,1499.8377164616695,31.622776601683793
2024-06-14T23:10:00Z,San Diego Padres,1500.0025710727832,31.622776601683793
2024-06-14T23:20:00Z,Atlanta Braves,1500.2032418045396,31.622776601683793
2024-06-14T23:20:00Z,Tampa Bay Rays,1499.8692534565448,31.622776601683793
2024-06-15T00:10:00Z,Houston Astros,1499.8963806635816,31.622776601683793
2024-06-15T00:10:00Z,Detroit Tigers,1499.92891110017,31.622776601683793
2024-06-15T00:10:00Z,Minnesota Twins,1500.1011978038134,31.622776601683793
2024-06-15T00:10:00Z,Oakland Athletics,1499.5367863609201,31.622776601683793
2024-06-15T00:10:00Z,Milwaukee Brewers,1500.2893836581964,31.622776601683793
2024-06-15T00:10:00Z,Cincinnati Reds,1499.9625033152984,31.622776601683793
2024-06-15T00:40:00Z,Colorado Rockies,1499.5004846268923,31.622776601683793
2024-06-15T00:40:00Z,Pittsburgh Pirates,1499.9053415610601,31.622776601683793
2024-06-15T01:40:00Z,Arizona Diamondbacks,1499.9989887360393,31.622776601683793
2024-06-15T01:40:00Z,Chicago White Sox,1499.140854832894,31.622776601683793
2024-06-15T02:10:00Z,Los Angeles Dodgers,1500.349328192594,31.622776601683793
2024-06-15T02:10:00Z,Kansas City Royals,1500.1755574098636,31.622776601683793
2024-06-15T02:10:00Z,Seattle Mariners,1500.2525615006768,31.622776601683793
2024-06-15T02:10:00Z,Texas Rangers,1499.9631155732336,31.622776601683793
2024-06-15T02:15:00Z,San Francisco Giants,1499.9348108165311,31.622776601683793
2024-06-15T02:15:00Z,Los Angeles Angels,1499.6341709969652,31.622776601683793
2024-06-15T18:20:00Z,Chicago Cubs,1499.9397062312262,31.622776601683793
2024-06-15T18:20:00Z,St. Louis Cardinals,1499.989101503314,31.622776601683793
2024-06-15T19:07:00Z,Toronto Blue Jays,1499.970671834045,31.622776601683793
2024-06-15T19:07:00Z,Cleveland Guardians,1500.4886805270487,31.622776601683793
2024-06-15T20:05:00Z,San Francisco Giants,1499.9051525333716,31.622776601683793
2024-06-15T20:05:00Z,Los Angeles Angels,1499.6638292801247,31.622776601683793
2024-06-15T20:05:00Z,Baltimore Orioles,1500.5232208188772,31.622776601683793
2024-06-15T20:05:00Z,Philadelphia Phillies,1500.5886484809116,31.622776601683793
2024-06-15T20:05:00Z,Washington Nationals,1499.9726449041802,31.622776601683793
2024-06-15T20:05:00Z,Miami Marlins,1499.4224891276285,31.622776601683793
2024-06-15T20:10:00Z,Houston Astros,1499.8668670394497,31.622776601683793
2024-06-15T20:10:00Z,Detroit Tigers,1499.9584247243017,31.622776601683793
2024-06-15T20:10:00Z,New York Mets,1499.8582603600362,31.622776601683793
2024-06-15T20:10:00Z,San Diego Padres,1499.9820271744165,31.622776601683793
2024-06-15T20:10:00Z,Atlanta Braves,1500.2235690556465,31.622776601683793
2024-06-15T20:10:00Z,Tampa Bay Rays,1499.848926205438,31.622776601683793
2024-06-15T20:10:00Z,Milwaukee Brewers,1500.3097139923595,31.622776601683793
2024-06-15T20:10:00Z,Cincinnati Reds,1499.9421729811352,31.622776601683793
2024-06-15T23:15:00Z,Seattle Mariners,1500.2729080737101,31.622776601683793
2024-06-15T23:15:00Z,Texas Rangers,1499.9427690002003,31.622776601683793
2024-06-15T23:15:00Z,Boston Red Sox,1499.9988407563915,31.622776601683793
2024-06-15T23:15:00Z,New York Yankees,1500.6554650483647,31.622776601683793
2024-06-16T01:10:00Z,Los Angeles Dodgers,1500.3197249651298,31.622776601683793
2024-06-16T01:10:00Z,Kansas City Royals,1500.2051606373277,31.622776601683793
2024-06-16T01:10:00Z,Colorado Rockies,1499.5211329539525,31.622776601683793
2024-06-16T01:10:00Z,Pittsburgh Pirates,1499.884693234,31.622776601683793
2024-06-16T02:10:00Z,Arizona Diamondbacks,1499.9690889662147,31.622776601683793
2024-06-16T02:10:00Z,Chicago White Sox,1499.1707546027187,31.622776601683793
2024-06-16T17:05:00Z,Chicago Cubs,1499.9101999362395,31.622776601683793
2024-06-16T17:05:00Z,St. Louis Cardinals,1500.0186077983008,31.622776601683793
2024-06-16T17:35:00Z,Baltimore Orioles,1500.543721491854,31.622776601683793
2024-06-16T17:35:00Z,Philadelphia Phillies,1500.5681478079348,31.622776601683793
2024-06-16T17:35:00Z,Atlanta Braves,1500.193878675327,31.622776601683793
2024-06-16T17:35:00Z,Tampa Bay Rays,1499.8786165857575,31.622776601683793
2024-06-16T17:35:00Z,Washington Nationals,1499.9928784495987,31.622776601683793
2024-06-16T17:35:00Z,Miami Marlins,1499.40225558221,31.622776601683793
2024-06-16T17:37:00Z,Toronto Blue Jays,1499.9913694381235,31.622776601683793
2024-06-16T17:37:00Z,Cleveland Guardians,1500.4679829229704,31.622776601683793
2024-06-16T17:40:00Z,New York Mets,1499.878786393043,31.622776601683793
2024-06-16T17:40:00Z,San Diego Padres,1499.9615011414098,31.622776601683793
2024-06-16T18:10:00Z,Houston Astros,1499.8873790702196,31.622776601683793
2024-06-16T18:10:00Z,Detroit Tigers,1499.9379126935319,31.622776601683793
2024-06-16T18:10:00Z,Minnesota Twins,1500.1214251734075,31.622776601683793
2024-06-16T18:10:00Z,Oakland Athletics,1499.516558991326,31.622776601683793
2024-06-16T18:10:00Z,Milwaukee Brewers,1500.3300266917583,31.622776601683793
2024-06-16T18:10:00Z,Cincinnati Reds,1499.9218602817364,31.622776601683793
2024-06-16T19:10:00Z,Colorado Rockies,1499.4917633033408,31.622776601683793
2024-06-16T19:10:00Z,Pittsburgh Pirates,1499.9140628846117,31.622776601683793
2024-06-16T20:05:00Z,San Francisco Giants,1499.9255199864908,31.622776601683793
2024-06-16T20:05:00Z,Los Angeles Angels,1499.6434618270055,31.622776601683793
2024-06-16T20:10:00Z,Los Angeles Dodgers,1500.3401474431923,31.622776601683793
2024-06-16T20:10:00Z,Kansas City Royals,1500.1847381592652,31.622776601683793
2024-06-16T20:10:00Z,Seattle Mariners,1500.2932369944033,31.622776601683793
2024-06-16T20:10:00Z,Texas Rangers,1499.9224400795072,31.622776601683793
2024-06-16T20:10:00Z,Arizona Diamondbacks,1499.9892150643384,31.622776601683793
2024-06-16T20:10:00Z,Chicago White Sox,1499.150628504595,31.622776601683793
2024-06-16T23:10:00Z,Boston Red Sox,1500.0195987637803,31.622776601683793
2024-06-16T23:10:00Z,New York Yankees,1500.6347070409759,31.622776601683793
2024-06-16T23:40:00Z,Minnesota Twins,1500.141635019835,31.622776601683793
2024-06-16T23:40:00Z,Oakland Athletics,1499.4963491448987,31.622776601683793
2024-06-17T22:40:00Z,Pittsburgh Pirates,1499.9345385131005,31.622776601683793
2024-06-17T22:40:00Z,Cincinnati Reds,1499.9013846532475,31.622776601683793
2024-06-17T22:40:00Z,Philadelphia Phillies,1500.588356883225,31.622776601683793
2024-06-17T22:40:00Z,San Diego Padres,1499.9412920661196,31.622776601683793
2024-06-17T22:40:00Z,Miami Marlins,1499.372996036427,31.622776601683793
2024-06-17T22:40:00Z,St. Louis Cardinals,1500.047867344084,31.622776601683793
2024-06-17T23:07:00Z,Toronto Blue Jays,1499.9618539449095,31.622776601683793
2024-06-17T23:07:00Z,Boston Red Sox,1500.0491142569942,31.622776601683793
2024-06-17T23:20:00Z,Atlanta Braves,1500.214239774512,31.622776601683793
2024-06-17T23:20:00Z,Detroit Tigers,1499.9175515943468,31.622776601683793
2024-06-18T00:05:00Z,Chicago Cubs,1499.8806788334432,31.622776601683793
2024-06-18T00:05:00Z,San Francisco Giants,1499.955041089287,31.622776601683793
2024-06-18T00:05:00Z,Texas Rangers,1499.892893355043,31.622776601683793
2024-06-18T00:05:00Z,New York Mets,1499.908333117507,31.622776601683793
2024-06-18T00:40:00Z,Colorado Rockies,1499.4626049382925,31.622776601683793
2024-06-18T00:40:00Z,Los Angeles Dodgers,1500.3693058082406,31.622776601683793
2024-06-18T01:38:00Z,Los Angeles Angels,1499.6642328866262,31.622776601683793
2024-06-18T01:38:00Z,Milwaukee Brewers,1500.3092556321376,31.622776601683793
2024-06-18T22:10:00Z,Miami Marlins,1499.39376199816,31.622776601683793
2024-06-18T22:10:00Z,St. Louis Cardinals,1500.0271013823508,31.622776601683793
2024-06-18T22:40:00Z,Pittsburgh Pirates,1499.9049963498128,31.622776601683793
2024-06-18T22:40:00Z,Cincinnati Reds,1499.9309268165352,31.622776601683793
2024-06-18T22:40:00Z,Cleveland Guardians,1500.4383792721958,31.622776601683793
2024-06-18T22:40:00Z,Seattle Mariners,1500.3228406451778,31.622776601683793
2024-06-18T22:40:00Z,Philadelphia Phillies,1500.608548455205,31.622776601683793
2024-06-18T22:40:00Z,San Diego Padres,1499.9211004941396,31.622776601683793
2024-06-18T22:45:00Z,Washington Nationals,1499.9633490984336,31.622776601683793
2024-06-18T22:45:00Z,Arizona Diamondbacks,1500.0187444155035,31.622776601683793
2024-06-18T23:05:00Z,New York Yankees,1500.6551397583776,31.622776601683793
2024-06-18T23:05:00Z,Baltimore Orioles,1500.5232887744523,31.622776601683793
2024-06-18T23:07:00Z,Toronto Blue Jays,1499.9323641076605,31.622776601683793
2024-06-18T23:07:00Z,Boston Red Sox,1500.0786040942432,31.622776601683793
2024-06-18T23:20:00Z,Atlanta Braves,1500.2345832056405,31.622776601683793
2024-06-18T23:20:00Z,Detroit Tigers,1499.8972081632182,31.622776601683793
2024-06-18T23:40:00Z,Minnesota Twins,1500.161993058916,31.622776601683793
2024-06-18T23:40:00Z,Tampa Bay Rays,1499.8582585466763,31.622776601683793
2024-06-19T00:05:00Z,Chicago Cubs,1499.901183389801,31.622776601683793
2024-06-19T00:05:00Z,San Francisco Giants,1499.9345365329293,31.622776601683793
2024-06-19T00:05:00Z,Texas Rangers,1499.8633723042647,31.622776601683793
2024-06-19T00:05:00Z,New York Mets,1499.9378541682854,31.622776601683793
2024-06-19T00:10:00Z,Chicago White Sox,1499.1714214462513,31.622776601683793
2024-06-19T00:10:00Z,Houston Astros,1499.8665861285633,31.622776601683793
2024-06-19T00:40:00Z,Colorado Rockies,1499.4334720205097,31.622776601683793
2024-06-19T00:40:00Z,Los Angeles Dodgers,1500.3984387260234,31.622776601683793
2024-06-19T01:38:00Z,Los Angeles Angels,1499.6349858369638,31.622776601683793
2024-06-19T01:38:00Z,Milwaukee Brewers,1500.3385026818,31.622776601683793
2024-06-19T01:40:00Z,Oakland Athletics,1499.517120999796,31.622776601683793
2024-06-19T01:40:00Z,Kansas City Royals,1500.163966304368,31.622776601683793
2024-06-19T16:20:00Z,Atlanta Braves,1500.2549089878291,31.622776601683793
2024-06-19T16:20:00Z,Detroit Tigers,1499.8768823810296,31.622776601683793
2024-06-19T16:35:00Z,Pittsburgh Pirates,1499.9254798576283,31.622776601683793
2024-06-19T16:35:00Z,Cincinnati Reds,1499.9104433087198,31.622776601683793
2024-06-19T16:40:00Z,Miami Marlins,1499.4145098560682,31.622776601683793
2024-06-19T16:40:00Z,St. Louis Cardinals,1500.0063535244426,31.622776601683793
2024-06-19T17:05:00Z,Philadelphia Phillies,1500.5787225428799,31.622776601683793
2024-06-19T17:05:00Z,San Diego Padres,1499.9509264064648,31.622776601683793
2024-06-19T18:20:00Z,Chicago Cubs,1499.9216701231876,31.622776601683793
2024-06-19T18:20:00Z,San Francisco Giants,1499.9140497995427,31.622776601683793
2024-06-19T20:05:00Z,Washington Nationals,1499.9838454111073,31.622776601683793
2024-06-19T20:05:00Z,Arizona Diamondbacks,1499.9982481028298,31.622776601683793
2024-06-19T22:40:00Z,Cleveland Guardians,1500.4588013271853,31.622776601683793
2024-06-19T22:40:00Z,Seattle Mariners,1500.3024185901884,31.622776601683793
2024-06-19T23:05:00Z,New York Yankees,1500.625554730317,31.622776601683793
2024-06-19T23:05:00Z,Baltimore Orioles,1500.552873802513,31.622776601683793
2024-06-19T23:07:00Z,Toronto Blue Jays,1499.9028999117545,31.622776601683793
2024-06-19T23:07:00Z,Boston Red Sox,1500.1080682901493,31.622776601683793
2024-06-19T23:40:00Z,Minnesota Twins,1500.1323334332515,31.622776601683793
2024-06-19T23:40:00Z,Tampa Bay Rays,1499.887918172341,31.622776601683793
2024-06-20T00:05:00Z,Texas Rangers,1499.8838769126107,31.622776601683793
2024-06-20T00:05:00Z,New York Mets,1499.9173495599393,31.622776601683793
2024-06-20T00:10:00Z,Chicago White Sox,1499.1421962552042,31.622776601683793
2024-06-20T00:10:00Z,Houston Astros,1499.8958113196104,31.622776601683793
2024-06-20T00:40:00Z,Colorado Rockies,1499.454364534701,31.622776601683793
2024-06-20T00:40:00Z,Los Angeles Dodgers,1500.3775462118322,31.622776601683793
2024-06-20T01:38:00Z,Los Angeles Angels,1499.6057642874239,31.622776601683793
2024-06-20T01:38:00Z,Milwaukee Brewers,1500.36772423134,31.622776601683793
2024-06-20T01:40:00Z,Oakland Athletics,1499.5378747445586,31.622776601683793
2024-06-20T01:40:00Z,Kansas City Royals,1500.1432125596052,31.622776601683793
2024-06-20T17:05:00Z,Washington Nationals,1499.954323909697,31.622776601683793
2024-06-20T17:05:00Z,Arizona Diamondbacks,1500.0277696042401,31.622776601683793
2024-06-20T17:10:00Z,Cleveland Guardians,1500.479205648228,31.622776601683793
2024-06-20T17:10:00Z,Seattle Mariners,1500.2820142691457,31.622776601683793
2024-06-20T17:10:00Z,Minnesota Twins,1500.102699544612,31.622776601683793
2024-06-20T17:10:00Z,Tampa Bay Rays,1499.9175520609804,31.622776601683793
2024-06-20T18:10:00Z,Chicago White Sox,1499.1129965513144,31.622776601683793
2024-06-20T18:10:00Z,Houston Astros,1499.9250110235002,31.622776601683793
2024-06-20T19:10:00Z,Colorado Rockies,1499.4252388097902,31.622776601683793
2024-06-20T19:10:00Z,Los Angeles Dodgers,1500.406671936743,31.622776601683793
2024-06-20T19:37:00Z,Oakland Athletics,1499.5086103985798,31.622776601683793
2024-06-20T19:37:00Z,Kansas City Royals,1500.172476905584,31.622776601683793
2024-06-20T20:05:00Z,New York Yankees,1500.595995397558,31.622776601683793
2024-06-20T20:05:00Z,Baltimore Orioles,1500.582433135272,31.622776601683793
2024-06-20T23:15:00Z,St. Louis Cardinals,1500.0267856693793,31.622776601683793
2024-06-20T23:15:00Z,San Francisco Giants,1499.893617654606,31.622776601683793
2024-06-21T01:40:00Z,San Diego Padres,1499.971579932434,31.622776601683793
2024-06-21T01:40:00Z,Milwaukee Brewers,1500.3470707053707,31.622776601683793
2024-06-21T18:20:00Z,Chicago Cubs,1499.8921404864907,31.622776601683793
2024-06-21T18:20:00Z,New York Mets,1499.9468791966362,31.622776601683793
2024-06-21T22:40:00Z,Pittsburgh Pirates,1499.895948653672,31.622776601683793
2024-06-21T22:40:00Z,Tampa Bay Rays,1499.9470832649367,31.622776601683793
2024-06-21T22:40:00Z,Philadelphia Phillies,1500.54895574294,31.622776601683793
2024-06-21T22:40:00Z,Arizona Diamondbacks,1500.05753640418,31.622776601683793
2024-06-21T22:40:00Z,Detroit Tigers,1499.8970233847006,31.622776601683793
2024-06-21T22:40:00Z,Chicago White Sox,1499.0928555476435,31.622776601683793
2024-06-21T23:05:00Z,New York Yankees,1500.5663195700374,31.622776601683793
2024-06-21T23:05:00Z,Atlanta Braves,1500.2845848153497,31.622776601683793
2024-06-21T23:10:00Z,Cincinnati Reds,1499.9310014586029,31.622776601683793
2024-06-21T23:10:00Z,Boston Red Sox,1500.0875101402662,31.622776601683793
2024-06-21T23:10:00Z,Cleveland Guardians,1500.4994278653528,31.622776601683793
2024-06-21T23:10:00Z,Toronto Blue Jays,1499.8826776946296,31.622776601683793
2024-06-21T23:10:00Z,Miami Marlins,1499.4353598336347,31.622776601683793
2024-06-21T23:10:00Z,Seattle Mariners,1500.2611642915792,31.622776601683793
2024-06-22T00:05:00Z,Texas Rangers,1499.9044746389147,31.622776601683793
2024-06-22T00:05:00Z,Kansas City Royals,1500.15187917928,31.622776601683793
2024-06-22T00:10:00Z,Houston Astros,1499.9457693786649,31.622776601683793
2024-06-22T00:10:00Z,Baltimore Orioles,1500.5616747801073,31.622776601683793
2024-06-22T00:40:00Z,Colorado Rockies,1499.3959412390495,31.622776601683793
2024-06-22T00:40:00Z,Washington Nationals,1499.9836214804377,31.622776601683793
2024-06-22T01:40:00Z,Oakland Athletics,1499.5293411505718,31.622776601683793
2024-06-22T01:40:00Z,Minnesota Twins,1500.08196879262,31.622776601683793
2024-06-22T01:40:00Z,San Diego Padres,1499.9922154751478,31.622776601683793
2024-06-22T01:40:00Z,Milwaukee Brewers,1500.326435162657,31.622776601683793
2024-06-22T02:10:00Z,Los Angeles Dodgers,1500.3767969215444,31.622776601683793
2024-06-22T02:10:00Z,Los Angeles Angels,1499.6356393026224,31.622776601683793
2024-06-22T17:10:00Z,Detroit Tigers,1499.867146959017,31.622776601683793
2024-06-22T17:10:00Z,Chicago White Sox,1499.122731973327,31.622776601683793
2024-06-22T18:15:00Z,St. Louis Cardinals,1500.0472000694717,31.622776601683793
2024-06-22T18:15:00Z,San Francisco Giants,1499.8732032545136,31.622776601683793
2024-06-22T18:20:00Z,Chicago Cubs,1499.9126365137945,31.622776601683793
2024-06-22T18:20:00Z,New York Mets,1499.9263831693324,31.622776601683793
2024-06-22T20:05:00Z,Pittsburgh Pirates,1499.9164431146055,31.622776601683793
2024-06-22T20:05:00Z,Tampa Bay Rays,1499.9265888040031,31.622776601683793
2024-06-22T20:05:00Z,Texas Rangers,1499.9250544419301,31.622776601683793
2024-06-22T20:05:00Z,Kansas City Royals,1500.1312993762647,31.622776601683793
2024-06-22T20:05:00Z,Philadelphia Phillies,1500.5692147390985,31.622776601683793
2024-06-22T20:05:00Z,Arizona Diamondbacks,1500.0372774080215,31.622776601683793
2024-06-22T20:07:00Z,Oakland Athletics,1499.5000538364575,31.622776601683793
2024-06-22T20:07:00Z,Minnesota Twins,1500.1112561067343,31.622776601683793
2024-06-22T20:10:00Z,Cincinnati Reds,1499.9015417277813,31.622776601683793
2024-06-22T20:10:00Z,Boston Red Sox,1500.1169698710878,31.622776601683793
2024-06-22T20:10:00Z,Houston Astros,1499.9665096381502,31.622776601683793
2024-06-22T20:10:00Z,Baltimore Orioles,1500.540934520622,31.622776601683793
2024-06-22T20:10:00Z,Cleveland Guardians,1500.5196325649028,31.622776601683793
2024-06-22T20:10:00Z,Toronto Blue Jays,1499.8624729950795,31.622776601683793
2024-06-22T20:10:00Z,Miami Marlins,1499.4061916175167,31.622776601683793
2024-06-22T20:10:00Z,Seattle Mariners,1500.2903325076973,31.622776601683793
2024-06-22T23:15:00Z,New York Yankees,1500.5866694885383,31.622776601683793
2024-06-22T23:15:00Z,Atlanta Braves,1500.2642348968488,31.622776601683793
2024-06-22T23:15:00Z,San Diego Padres,1500.012833053923,31.622776601683793
2024-06-22T23:15:00Z,Milwaukee Brewers,1500.3058175838817,31.622776601683793
2024-06-23T01:10:00Z,Colorado Rockies,1499.4166691982398,31.622776601683793
2024-06-23T01:10:00Z,Washington Nationals,1499.9628935212475,31.622776601683793
2024-06-23T02:10:00Z,Los Angeles Dodgers,1500.3969477610397,31.622776601683793
2024-06-23T02:10:00Z,Los Angeles Angels,1499.6154884631271,31.622776601683793
2024-06-23T15:35:00Z,Philadelphia Phillies,1500.5894561777834,31.622776601683793
2024-06-23T15:35:00Z,Arizona Diamondbacks,1500.0170359693366,31.622776601683793
2024-06-23T17:35:00Z,Pittsburgh Pirates,1499.886919763452,31.622776601683793
2024-06-23T17:35:00Z,Tampa Bay Rays,1499.9561121551567,31.622776601683793
2024-06-23T17:35:00Z,New York Yankees,1500.557001751079,31.622776601683793
2024-06-23T17:35:00Z,Atlanta Braves,1500.293902634308,31.622776601683793
2024-06-23T17:40:00Z,Cincinnati Reds,1499.8721076210704,31.622776601683793
2024-06-23T17:40:00Z,Boston Red Sox,1500.1464039777986,31.622776601683793
2024-06-23T17:40:00Z,Cleveland Guardians,1500.539819765893,31.622776601683793
2024-06-23T17:40:00Z,Toronto Blue Jays,1499.8422857940893,31.622776601683793
2024-06-23T17:40:00Z,Detroit Tigers,1499.887296388784,31.622776601683793
2024-06-23T17:40:00Z,Chicago White Sox,1499.10258254356,31.622776601683793
2024-06-23T17:40:00Z,Miami Marlins,1499.4270488545687,31.622776601683793
2024-06-23T17:40:00Z,Seattle Mariners,1500.2694752706452,31.622776601683793
2024-06-23T18:10:00Z,Houston Astros,1499.9872318213409,31.622776601683793
2024-06-23T18:10:00Z,Baltimore Orioles,1500.5202123374313,31.622776601683793
2024-06-23T18:15:00Z,St. Louis Cardinals,1500.067596743887,31.622776601683793
2024-06-23T18:15:00Z,San Francisco Giants,1499.8528065800983,31.622776601683793
2024-06-23T18:35:00Z,Texas Rangers,1499.945616340937,31.622776601683793
2024-06-23T18:35:00Z,Kansas City Royals,1500.1107374772578,31.622776601683793
2024-06-23T19:10:00Z,Colorado Rockies,1499.387379094317,31.622776601683793
2024-06-23T19:10:00Z,Washington Nationals,1499.9921836251701,31.622776601683793
2024-06-23T20:07:00Z,Oakland Athletics,1499.4707920462404,31.622776601683793
2024-06-23T20:07:00Z,Minnesota Twins,1500.1405178969515,31.622776601683793
2024-06-23T20:10:00Z,San Diego Padres,1499.9834326880648,31.622776601683793
2024-06-23T20:10:00Z,Milwaukee Brewers,1500.33521794974,31.622776601683793
2024-06-23T23:10:00Z,Chicago Cubs,1499.8831147273222,31.622776601683793
2024-06-23T23:10:00Z,New York Mets,1499.9559049558047,31.622776601683793
2024-06-24T22:35:00Z,Baltimore Orioles,1500.4906930976265,31.622776601683793
2024-06-24T22:35:00Z,Cleveland Guardians,1500.5693390056979,31.622776601683793
2024-06-24T22:40:00Z,Detroit Tigers,1499.8580742475638,31.622776601683793
2024-06-24T22:40:00Z,Philadelphia Phillies,1500.6186783190037,31.622776601683793
2024-06-24T22:50:00Z,Tampa Bay Rays,1499.9767206571516,31.622776601683793
2024-06-24T22:50:00Z,Seattle Mariners,1500.2488667686503,31.622776601683793
2024-06-24T23:10:00Z,Cincinnati Reds,1499.892586297576,31.622776601683793
2024-06-24T23:10:00Z,Pittsburgh Pirates,1499.8664410869465,31.622776601683793
2024-06-24T23:10:00Z,Boston Red Sox,1500.1667441856953,31.622776601683793
2024-06-24T23:10:00Z,Toronto Blue Jays,1499.8219455861927,31.622776601683793
2024-06-24T23:45:00Z,St. Louis Cardinals,1500.088167368744,31.622776601683793
2024-06-24T23:45:00Z,Atlanta Braves,1500.273332009451,31.622776601683793
2024-06-25T00:10:00Z,Chicago White Sox,1499.0736189622432,31.622776601683793
2024-06-25T00:10:00Z,Los Angeles Dodgers,1500.4259113423564,31.622776601683793
2024-06-25T00:10:00Z,Kansas City Royals,1500.130913192415,31.622776601683793
2024-06-25T00:10:00Z,Miami Marlins,1499.4068731394116,31.622776601683793
2024-06-25T00:10:00Z,Milwaukee Brewers,1500.3555210829218,31.622776601683793
2024-06-25T00:10:00Z,Texas Rangers,1499.9253132077552,31.622776601683793
2024-06-25T01:38:00Z,Los Angeles Angels,1499.6358978578241,31.622776601683793
2024-06-25T01:38:00Z,Oakland Athletics,1499.4503826515434,31.622776601683793
2024-06-25T01:40:00Z,San Diego Padres,1500.0039087308753,31.622776601683793
2024-06-25T01:40:00Z,Washington Nationals,1499.9717075823596,31.622776601683793
2024-06-25T01:45:00Z,San Francisco Giants,1499.873291990248,31.622776601683793
2024-06-25T01:45:00Z,Chicago Cubs,1499.8626293171726,31.622776601683793
2024-06-25T22:35:00Z,Baltimore Orioles,1500.461199515917,31.622776601683793
2024-06-25T22:35:00Z,Cleveland Guardians,1500.5988325874073,31.622776601683793
2024-06-25T22:40:00Z,Detroit Tigers,1499.8788775916885,31.622776601683793
2024-06-25T22:40:00Z,Philadelphia Phillies,1500.597874974879,31.622776601683793
2024-06-25T22:50:00Z,Tampa Bay Rays,1499.997311224271,31.622776601683793
2024-06-25T22:50:00Z,Seattle Mariners,1500.228276201531,31.622776601683793
2024-06-25T23:10:00Z,Cincinnati Reds,1499.863047179017,31.622776601683793
2024-06-25T23:10:00Z,Pittsburgh Pirates,1499.8959802055053,31.622776601683793
2024-06-25T23:10:00Z,Boston Red Sox,1500.1370667481403,31.622776601683793
2024-06-25T23:10:00Z,Toronto Blue Jays,1499.8516230237476,31.622776601683793
2024-06-25T23:10:00Z,New York Mets,1499.9766387616114,31.622776601683793
2024-06-25T23:10:00Z,New York Yankees,1500.5362679452724,31.622776601683793
2024-06-26T00:10:00Z,Houston Astros,1500.0074438391623,31.622776601683793
2024-06-26T00:10:00Z,Colorado Rockies,1499.3671670764957,31.622776601683793
2024-06-26T00:10:00Z,Chicago White Sox,1499.0446807097453,31.622776601683793
2024-06-26T00:10:00Z,Los Angeles Dodgers,1500.4548495948543,31.622776601683793
2024-06-26T00:10:00Z,Kansas City Royals,1500.1010714404913,31.622776601683793
2024-06-26T00:10:00Z,Miami Marlins,1499.4367148913352,31.622776601683793
2024-06-26T00:10:00Z,Milwaukee Brewers,1500.3758066107948,31.622776601683793
2024-06-26T00:10:00Z,Texas Rangers,1499.905027679882,31.622776601683793
2024-06-26T01:38:00Z,Los Angeles Angels,1499.6562895322518,31.622776601683793
2024-06-26T01:38:00Z,Oakland Athletics,1499.4299909771157,31.622776601683793
2024-06-26T01:40:00Z,San Diego Padres,1500.0243669814622,31.622776601683793
2024-06-26T01:40:00Z,Washington Nationals,1499.9512493317727,31.622776601683793
2024-06-26T01:40:00Z,Arizona Diamondbacks,1500.037561878485,31.622776601683793
2024-06-26T01:40:00Z,Minnesota Twins,1500.1199919878031,31.622776601683793
2024-06-26T01:45:00Z,San Francisco Giants,1499.8937595980703,31.622776601683793
2024-06-26T01:45:00Z,Chicago Cubs,1499.8421617093502,31.622776601683793
2024-06-26T16:10:00Z,Tampa Bay Rays,1499.9678838758018,31.622776601683793
2024-06-26T16:10:00Z,Seattle Mariners,1500.25770355,31.622776601683793
2024-06-26T17:10:00Z,Cincinnati Reds,1499.833533729836,31.622776601683793
2024-06-26T17:10:00Z,Pittsburgh Pirates,1499.9254936546863,31.622776601683793
2024-06-26T17:10:00Z,Detroit Tigers,1499.8496627919808,31.622776601683793
2024-06-26T17:10:00Z,Philadelphia Phillies,1500.6270897745867,31.622776601683793
2024-06-26T17:45:00Z,St. Louis Cardinals,1500.058720099469,31.622776601683793
2024-06-26T17:45:00Z,Atlanta Braves,1500.3027792787261,31.622776601683793
2024-06-26T18:10:00Z,Houston Astros,1500.027638350479,31.622776601683793
2024-06-26T18:10:00Z,Colorado Rockies,1499.346972565179,31.622776601683793
2024-06-26T18:10:00Z,Kansas City Royals,1500.1212555253633,31.622776601683793
2024-06-26T18:10:00Z,Miami Marlins,1499.4165308064632,31.622776601683793
2024-06-26T18:10:00Z,Milwaukee Brewers,1500.3960745524337,31.622776601683793
2024-06-26T18:10:00Z,Texas Rangers,1499.8847597382432,31.622776601683793
2024-06-26T20:07:00Z,Los Angeles Angels,1499.6766635055606,31.622776601683793
2024-06-26T20:07:00Z,Oakland Athletics,1499.409617003807,31.622776601683793
2024-06-26T20:10:00Z,San Diego Padres,1500.0448074590229,31.622776601683793
2024-06-26T20:10:00Z,Washington Nationals,1499.930808854212,31.622776601683793
2024-06-26T22:35:00Z,Baltimore Orioles,1500.4817315776884,31.622776601683793
2024-06-26T22:35:00Z,Cleveland Guardians,1500.578300525636,31.622776601683793
2024-06-26T23:10:00Z,Boston Red Sox,1500.1074150574996,31.622776601683793
2024-06-26T23:10:00Z,Toronto Blue Jays,1499.8812747143884,31.622776601683793
2024-06-26T23:10:00Z,New York Mets,1499.997354498039,31.622776601683793
2024-06-26T23:10:00Z,New York Yankees,1500.5155522088448,31.622776601683793
2024-06-26T23:15:00Z,St. Louis Cardinals,1500.0792984471489,31.622776601683793
2024-06-26T23:15:00Z,Atlanta Braves,1500.2822009310462,31.622776601683793
2024-06-27T00:10:00Z,Chicago White Sox,1499.015767770428,31.622776601683793
2024-06-27T00:10:00Z,Los Angeles Dodgers,1500.4837625341715,31.622776601683793
2024-06-27T01:40:00Z,Arizona Diamondbacks,1500.0080699416505,31.622776601683793
2024-06-27T01:40:00Z,Minnesota Twins,1500.1494839246375,31.622776601683793
2024-06-27T01:45:00Z,San Francisco Giants,1499.914209422769,31.622776601683793
2024-06-27T01:45:00Z,Chicago Cubs,1499.8217118846514,31.622776601683793
2024-06-27T19:40:00Z,Arizona Diamondbacks,1499.9786036473579,31.622776601683793
2024-06-27T19:40:00Z,Minnesota Twins,1500.1789502189301,31.622776601683793
2024-06-27T19:45:00Z,San Francisco Giants,1499.8846414835357,31.622776601683793
2024-06-27T19:45:00Z,Chicago Cubs,1499.8512798238849,31.622776601683793
2024-06-27T20:10:00Z,Chicago White Sox,1499.0367919780815,31.622776601683793
2024-06-27T20:10:00Z,Atlanta Braves,1500.2611767233927,31.622776601683793
2024-06-27T22:20:00Z,Philadelphia Phillies,1500.5970377293024,31.622776601683793
2024-06-27T22:20:00Z,Miami Marlins,1499.4465828517475,31.622776601683793
2024-06-27T22:35:00Z,Baltimore Orioles,1500.5019448432872,31.622776601683793
2024-06-27T22:35:00Z,Texas Rangers,1499.8645464726444,31.622776601683793
2024-06-27T23:07:00Z,Toronto Blue Jays,1499.9020229811804,31.622776601683793
2024-06-27T23:07:00Z,New York Yankees,1500.4948039420528,31.622776601683793
2024-06-27T23:45:00Z,St. Louis Cardinals,1500.0496639729274,31.622776601683793
2024-06-27T23:45:00Z,Cincinnati Reds,1499.8631682040575,31.622776601683793
2024-06-28T00:10:00Z,Kansas City Royals,1500.1419265766745,31.622776601683793
2024-06-28T00:10:00Z,Cleveland Guardians,1500.5576294743248,31.622776601683793
2024-06-28T01:38:00Z,Los Angeles Angels,1499.697210945748,31.622776601683793
2024-06-28T01:38:00Z,Detroit Tigers,1499.8291153517932,31.622776601683793
2024-06-28T22:20:00Z,Philadelphia Phillies,1500.6170116322658,31.622776601683793
2024-06-28T22:20:00Z,Miami Marlins,1499.4266089487842,31.622776601683793
2024-06-28T22:50:00Z,Tampa Bay Rays,1499.9883400091132,31.622776601683793
2024-06-28T22:50:00Z,Washington Nationals,1499.9103527209006,31.622776601683793
2024-06-28T23:05:00Z,Baltimore Orioles,1500.5221406010269,31.622776601683793
2024-06-28T23:05:00Z,Texas Rangers,1499.8443507149047,31.622776601683793
2024-06-28T23:07:00Z,Toronto Blue Jays,1499.8727531630989,31.622776601683793
2024-06-28T23:07:00Z,New York Yankees,1500.5240737601343,31.622776601683793
2024-06-28T23:10:00Z,New York Mets,1500.017839897631,31.622776601683793
2024-06-28T23:10:00Z,Houston Astros,1500.007152950887,31.622776601683793
2024-06-28T23:10:00Z,Boston Red Sox,1500.077860099986,31.622776601683793
2024-06-28T23:10:00Z,San Diego Padres,1500.0743624165364,31.622776601683793
2024-06-28T23:10:00Z,Chicago White Sox,1499.0573990951227,31.622776601683793
2024-06-28T23:10:00Z,Colorado Rockies,1499.3263654481377,31.622776601683793
2024-06-28T23:20:00Z,Atlanta Braves,1500.2815032394415,31.622776601683793
2024-06-28T23:20:00Z,Pittsburgh Pirates,1499.9051671386376,31.622776601683793
2024-06-29T00:10:00Z,Kansas City Royals,1500.1625796259138,31.622776601683793
2024-06-29T00:10:00Z,Cleveland Guardians,1500.5369764250854,31.622776601683793
2024-06-29T00:10:00Z,Milwaukee Brewers,1500.4163104204824,31.622776601683793
2024-06-29T00:10:00Z,Chicago Cubs,1499.831043955836,31.622776601683793
2024-06-29T00:15:00Z,St. Louis Cardinals,1500.0700552217193,31.622776601683793
2024-06-29T00:15:00Z,Cincinnati Reds,1499.8427769552657,31.622776601683793
2024-06-29T01:38:00Z,Los Angeles Angels,1499.7177405167618,31.622776601683793
2024-06-29T01:38:00Z,Detroit Tigers,1499.8085857807796,31.622776601683793
2024-06-29T01:40:00Z,Arizona Diamondbacks,1499.9488290349893,31.622776601683793
2024-06-29T01:40:00Z,Oakland Athletics,1499.4393916161755,31.622776601683793
2024-06-29T01:40:00Z,Seattle Mariners,1500.2781415798659,31.622776601683793
2024-06-29T01:40:00Z,Minnesota Twins,1500.1585121890644,31.622776601683793
2024-06-29T02:15:00Z,San Francisco Giants,1499.9053744283358,31.622776601683793
2024-06-29T02:15:00Z,Los Angeles Dodgers,1500.4630295893714,31.622776601683793
2024-06-29T18:10:00Z,Chicago White Sox,1499.0779882787774,31.622776601683793
2024-06-29T18:10:00Z,Colorado Rockies,1499.305776264483,31.622776601683793
2024-06-29T18:15:00Z,St. Louis Cardinals,1500.0404287698523,31.622776601683793
2024-06-29T18:15:00Z,Cincinnati Reds,1499.8724034071327,31.622776601683793
2024-06-29T19:07:00Z,Toronto Blue Jays,1499.893508858601,31.622776601683793
2024-06-29T19:07:00Z,New York Yankees,1500.5033180646321,31.622776601683793
2024-06-29T20:05:00Z,Philadelphia Phillies,1500.5869682878968,31.622776601683793
2024-06-29T20:05:00Z,Miami Marlins,1499.4566522931532,31.622776601683793
2024-06-29T20:10:00Z,Kansas City Royals,1500.1332146924096,31.622776601683793
2024-06-29T20:10:00Z,Cleveland Guardians,1500.5663413585896,31.622776601683793
2024-06-29T20:10:00Z,New York Mets,1499.988307494907,31.622776601683793
2024-06-29T20:10:00Z,Houston Astros,1500.036685353611,31.622776601683793
2024-06-29T20:10:00Z,Arizona Diamondbacks,1499.9690802229845,31.622776601683793
2024-06-29T20:10:00Z,Oakland Athletics,1499.4191404281803,31.622776601683793
2024-06-29T20:10:00Z,Boston Red Sox,1500.0483308208156,31.622776601683793
2024-06-29T20:10:00Z,San Diego Padres,1500.1038916957068,31.622776601683793
2024-06-29T20:10:00Z,Tampa Bay Rays,1499.9587783716834,31.622776601683793
2024-06-29T20:10:00Z,Washington Nationals,1499.9399143583305,31.622776601683793
2024-06-29T20:10:00Z,Atlanta Braves,1500.3018121248595,31.622776601683793
2024-06-29T20:10:00Z,Pittsburgh Pirates,1499.8848582532196,31.622776601683793
2024-06-29T20:10:00Z,Milwaukee Brewers,1500.3865287561434,31.622776601683793
2024-06-29T20:10:00Z,Chicago Cubs,1499.860825620175,31.622776601683793
2024-06-29T23:15:00Z,San Francisco Giants,1499.8760893046797,31.622776601683793
2024-06-29T23:15:00Z,Los Angeles Dodgers,1500.4923147130276,31.622776601683793
2024-06-29T23:15:00Z,Baltimore Orioles,1500.542318869916,31.622776601683793
2024-06-29T23:15:00Z,Texas Rangers,1499.8241724460156,31.622776601683793
2024-06-30T02:07:00Z,Los Angeles Angels,1499.7382522378475,31.622776601683793
2024-06-30T02:07:00Z,Detroit Tigers,1499.7880740596938,31.622776601683793
2024-06-30T02:10:00Z,Seattle Mariners,1500.248561858533,31.622776601683793
2024-06-30T02:10:00Z,Minnesota Twins,1500.1880919103971,31.622776601683793
2024-06-30T15:35:00Z,Atlanta Braves,1500.272103398738,31.622776601683793
2024-06-30T15:35:00Z,Pittsburgh Pirates,1499.914566979341,31.622776601683793
2024-06-30T17:35:00Z,Boston Red Sox,1500.0688272054429,31.622776601683793
2024-06-30T17:35:00Z,San Diego Padres,1500.0833953110796,31.622776601683793
2024-06-30T17:35:00Z,Philadelphia Phillies,1500.6069508872447,31.622776601683793
2024-06-30T17:35:00Z,Miami Marlins,1499.4366696938052,31.622776601683793
2024-06-30T17:37:00Z,Toronto Blue Jays,1499.8642464612724,31.622776601683793
2024-06-30T17:37:00Z,New York Yankees,1500.5325804619608,31.622776601683793
2024-06-30T17:40:00Z,New York Mets,1499.9588007577536,31.622776601683793
2024-06-30T17:40:00Z,Houston Astros,1500.0661920907644,31.622776601683793
2024-06-30T17:40:00Z,Tampa Bay Rays,1499.9792424163707,31.622776601683793
2024-06-30T17:40:00Z,Washington Nationals,1499.9194503136432,31.622776601683793
2024-06-30T18:10:00Z,Kansas City Royals,1500.153875328238,31.622776601683793
2024-06-30T18:10:00Z,Cleveland Guardians,1500.5456807227613,31.622776601683793
2024-06-30T18:10:00Z,Chicago White Sox,1499.0485595483317,31.622776601683793
2024-06-30T18:10:00Z,Colorado Rockies,1499.3352049949287,31.622776601683793
2024-06-30T18:10:00Z,Milwaukee Brewers,1500.4067728960142,31.622776601683793
2024-06-30T18:10:00Z,Chicago Cubs,1499.8405814803043,31.622776601683793
2024-06-30T18:15:00Z,St. Louis Cardinals,1500.060828036517,31.622776601683793
2024-06-30T18:15:00Z,Cincinnati Reds,1499.852004140468,31.622776601683793
2024-06-30T20:05:00Z,San Francisco Giants,1499.896829703631,31.622776601683793
2024-06-30T20:05:00Z,Los Angeles Dodgers,1500.4715743140762,31.622776601683793
2024-06-30T20:07:00Z,Los Angeles Angels,1499.7087461282397,31.622776601683793
2024-06-30T20:07:00Z,Detroit Tigers,1499.8175801693017,31.622776601683793
2024-06-30T20:10:00Z,Arizona Diamondbacks,1499.9893138619739,31.622776601683793
2024-06-30T20:10:00Z,Oakland Athletics,1499.398906789191,31.622776601683793
2024-06-30T20:10:00Z,Seattle Mariners,1500.219007829515,31.622776601683793
2024-06-30T20:10:00Z,Minnesota Twins,1500.2176459394152,31.622776601683793
2024-06-30T23:10:00Z,Baltimore Orioles,1500.51247966895,31.622776601683793
2024-06-30T23:10:00Z,Texas Rangers,1499.8540116469817,31.622776601683793
2024-07-01T19:07:00Z,Toronto Blue Jays,1499.8348064903387,31.622776601683793
2024-07-01T19:07:00Z,Houston Astros,1500.095632061698,31.622776601683793
2024-07-01T22:45:00Z,Washington Nationals,1499.8899396532845,31.622776601683793
2024-07-01T22:45:00Z,New York Mets,1499.9883114181123,31.622776601683793
2024-07-02T00:40:00Z,Colorado Rockies,1499.3561440563574,31.622776601683793
2024-07-02T00:40:00Z,Milwaukee Brewers,1500.3858338345856,31.622776601683793
2024-07-02T22:40:00Z,Pittsburgh Pirates,1499.8851027925969,31.622776601683793
2024-07-02T22:40:00Z,St. Louis Cardinals,1500.0902922232613,31.622776601683793
2024-07-02T22:40:00Z,Cleveland Guardians,1500.5655050858252,31.622776601683793
2024-07-02T22:40:00Z,Chicago White Sox,1499.0287351852678,31.622776601683793
2024-07-02T22:40:00Z,Miami Marlins,1499.4074170365861,31.622776601683793
2024-07-02T22:40:00Z,Boston Red Sox,1500.098079862662,31.622776601683793
2024-07-02T22:45:00Z,Washington Nationals,1499.8604546461406,31.622776601683793
2024-07-02T22:45:00Z,New York Mets,1500.0177964252562,31.622776601683793
2024-07-02T23:05:00Z,New York Yankees,1500.502757524512,31.622776601683793
2024-07-02T23:05:00Z,Cincinnati Reds,1499.8818270779168,31.622776601683793
2024-07-02T23:07:00Z,Toronto Blue Jays,1499.8553921321625,31.622776601683793
2024-07-02T23:07:00Z,Houston Astros,1500.0750464198743,31.622776601683793
2024-07-02T23:20:00Z,Atlanta Braves,1500.2424127448576,31.622776601683793
2024-07-02T23:20:00Z,San Francisco Giants,1499.9265203575114,31.622776601683793
2024-07-02T23:40:00Z,Minnesota Twins,1500.237944535377,31.622776601683793
2024-07-02T23:40:00Z,Detroit Tigers,1499.79728157334,31.622776601683793
2024-07-03T00:05:00Z,Texas Rangers,1499.874583610646,31.622776601683793
2024-07-03T00:05:00Z,San Diego Padres,1500.0628233474154,31.622776601683793
2024-07-03T00:05:00Z,Chicago Cubs,1499.8113873388575,31.622776601683793
2024-07-03T00:05:00Z,Philadelphia Phillies,1500.6361450286915,31.622776601683793
2024-07-03T00:10:00Z,Kansas City Royals,1500.1242717265236,31.622776601683793
2024-07-03T00:10:00Z,Tampa Bay Rays,1500.008846018085,31.622776601683793
2024-07-03T00:40:00Z,Colorado Rockies,1499.327064829045,31.622776601683793
2024-07-03T00:40:00Z,Milwaukee Brewers,1500.414913061898,31.622776601683793
2024-07-03T01:40:00Z,Oakland Athletics,1499.419513757731,31.622776601683793
2024-07-03T01:40:00Z,Los Angeles Angels,1499.6881391596996,31.622776601683793
2024-07-03T01:40:00Z,Seattle Mariners,1500.1896076757018,31.622776601683793
2024-07-03T01:40:00Z,Baltimore Orioles,1500.5418798227631,31.622776601683793
2024-07-03T02:10:00Z,Los Angeles Dodgers,1500.4918372795419,31.622776601683793
2024-07-03T02:10:00Z,Arizona Diamondbacks,1499.9690508965082,31.622776601683793
2024-07-03T22:40:00Z,Pittsburgh Pirates,1499.905664232519,31.622776601683793
2024-07-03T22:40:00Z,St. Louis Cardinals,1500.069730783339,31.622776601683793
2024-07-03T22:40:00Z,Cleveland Guardians,1500.5353123650045,31.622776601683793
2024-07-03T22:40:00Z,Chicago White Sox,1499.0589279060885,31.622776601683793
2024-07-03T22:40:00Z,Miami Marlins,1499.378189882809,31.622776601683793
2024-07-03T22:40:00Z,Boston Red Sox,1500.127307016439,31.622776601683793
2024-07-03T22:45:00Z,Washington Nationals,1499.8809952775807,31.622776601683793
2024-07-03T22:45:00Z,New York Mets,1499.997255793816,31.622776601683793
2024-07-03T23:05:00Z,New York Yankees,1500.4729604136908,31.622776601683793
2024-07-03T23:05:00Z,Cincinnati Reds,1499.911624188738,31.622776601683793
2024-07-03T23:07:00Z,Toronto Blue Jays,1499.825959863696,31.622776601683793
2024-07-03T23:07:00Z,Houston Astros,1500.1044786883408,31.622776601683793
2024-07-03T23:20:00Z,Atlanta Braves,1500.2627478452107,31.622776601683793
2024-07-03T23:20:00Z,San Francisco Giants,1499.9061852571583,31.622776601683793
2024-07-04T00:05:00Z,Texas Rangers,1499.845137678737,31.622776601683793
2024-07-04T00:05:00Z,San Diego Padres,1500.0922692793242,31.622776601683793
2024-07-04T00:05:00Z,Chicago Cubs,1499.7822186660806,31.622776601683793
2024-07-04T00:05:00Z,Philadelphia Phillies,1500.6653137014684,31.622776601683793
2024-07-04T00:10:00Z,Kansas City Royals,1500.144693830546,31.622776601683793
2024-07-04T00:10:00Z,Tampa Bay Rays,1499.9884239140627,31.622776601683793
2024-07-04T00:10:00Z,Minnesota Twins,1500.2082255309451,31.622776601683793
2024-07-04T00:10:00Z,Detroit Tigers,1499.8270005777717,31.622776601683793
2024-07-04T00:40:00Z,Colorado Rockies,1499.298011001263,31.622776601683793
2024-07-04T00:40:00Z,Milwaukee Brewers,1500.44396688968,31.622776601683793
2024-07-04T01:40:00Z,Oakland Athletics,1499.4401027930442,31.622776601683793
2024-07-04T01:40:00Z,Los Angeles Angels,1499.6675501243865,31.622776601683793
2024-07-04T02:10:00Z,Los Angeles Dodgers,1500.4620826832302,31.622776601683793
2024-07-04T02:10:00Z,Arizona Diamondbacks,1499.9988054928199,31.622776601683793
2024-07-04T02:10:00Z,Seattle Mariners,1500.1602331116649,31.622776601683793
2024-07-04T02:10:00Z,Baltimore Orioles,1500.5712543868,31.622776601683793
2024-07-04T15:05:00Z,Washington Nationals,1499.9015180471793,31.622776601683793
2024-07-04T15:05:00Z,New York Mets,1499.9767330242175,31.622776601683793
2024-07-04T16:35:00Z,Pittsburgh Pirates,1499.8762077881947,31.622776601683793
2024-07-04T16:35:00Z,St. Louis Cardinals,1500.0991872276634,31.622776601683793
2024-07-04T17:05:00Z,New York Yankees,1500.4431891154873,31.622776601683793
2024-07-04T17:05:00Z,Cincinnati Reds,1499.9413954869415,31.622776601683793
2024-07-04T17:07:00Z,Toronto Blue Jays,1499.7965532035523,31.622776601683793
2024-07-04T17:07:00Z,Houston Astros,1500.1338853484845,31.622776601683793
2024-07-04T17:10:00Z,Cleveland Guardians,1500.5551456647102,31.622776601683793
2024-07-04T17:10:00Z,Chicago White Sox,1499.0390946063828,31.622776601683793
2024-07-04T17:10:00Z,Miami Marlins,1499.348988217355,31.622776601683793
2024-07-04T17:10:00Z,Boston Red Sox,1500.156508681893,31.622776601683793
2024-07-04T18:20:00Z,Chicago Cubs,1499.8030754467472,31.622776601683793
2024-07-04T18:20:00Z,Philadelphia Phillies,1500.6444569208018,31.622776601683793
2024-07-04T18:35:00Z,Texas Rangers,1499.8157173630143,31.622776601683793
2024-07-04T18:35:00Z,San Diego Padres,1500.121689595047,31.622776601683793
2024-07-04T20:07:00Z,Oakland Athletics,1499.4606739144167,31.622776601683793
2024-07-04T20:07:00Z,Los Angeles Angels,1499.646979003014,31.622776601683793
2024-07-04T20:10:00Z,Seattle Mariners,1500.180884122561,31.622776601683793
2024-07-04T20:10:00Z,Baltimore Orioles,1500.5506033759038,31.622776601683793
2024-07-04T23:20:00Z,Atlanta Braves,1500.2330653056401,31.622776601683793
2024-07-04T23:20:00Z,San Francisco Giants,1499.9358677967289,31.622776601683793
2024-07-05T00:10:00Z,Kansas City Royals,1500.1150982005686,31.622776601683793
2024-07-05T00:10:00Z,Tampa Bay Rays,1500.01801954404,31.622776601683793
2024-07-05T00:10:00Z,Colorado Rockies,1499.3189825575776,31.622776601683793
2024-07-05T00:10:00Z,Milwaukee Brewers,1500.4229953333654,31.622776601683793
2024-07-05T01:10:00Z,Los Angeles Dodgers,1500.4323538763424,31.622776601683793
2024-07-05T01:10:00Z,Arizona Diamondbacks,1500.0285342997076,31.622776601683793
2024-07-05T18:20:00Z,Chicago Cubs,1499.8234798920814,31.622776601683793
2024-07-05T18:20:00Z,Los Angeles Angels,1499.6265745576798,31.622776601683793
2024-07-05T22:40:00Z,Pittsburgh Pirates,1499.896723717188,31.622776601683793
2024-07-05T22:40:00Z,New York Mets,1499.9562170952242,31.622776601683793
2024-07-05T22:45:00Z,Washington Nationals,1499.8720762162857,31.622776601683793
2024-07-05T22:45:00Z,St. Louis Cardinals,1500.128629058557,31.622776601683793
2024-07-05T23:05:00Z,New York Yankees,1500.4135368883055,31.622776601683793
2024-07-05T23:05:00Z,Boston Red Sox,1500.1861609090747,31.622776601683793
2024-07-05T23:10:00Z,Cincinnati Reds,1499.9118180385713,31.622776601683793
2024-07-05T23:10:00Z,Detroit Tigers,1499.856578026142,31.622776601683793
2024-07-05T23:10:00Z,Cleveland Guardians,1500.5253492695738,31.622776601683793
2024-07-05T23:10:00Z,San Francisco Giants,1499.9656641918652,31.622776601683793
2024-07-05T23:10:00Z,Miami Marlins,1499.3193259198838,31.622776601683793
2024-07-05T23:10:00Z,Chicago White Sox,1499.0687569038541,31.622776601683793
2024-07-05T23:20:00Z,Atlanta Braves,1500.2037164777778,31.622776601683793
2024-07-05T23:20:00Z,Philadelphia Phillies,1500.673805748664,31.622776601683793
2024-07-06T00:05:00Z,Texas Rangers,1499.8362775471576,31.622776601683793
2024-07-06T00:05:00Z,Tampa Bay Rays,1499.9974593598968,31.622776601683793
2024-07-06T00:10:00Z,Colorado Rockies,1499.339801390409,31.622776601683793
2024-07-06T00:10:00Z,Kansas City Royals,1500.094279367737,31.622776601683793
2024-07-06T00:10:00Z,Minnesota Twins,1500.178665477528,31.622776601683793
2024-07-06T00:10:00Z,Houston Astros,1500.1634454019015,31.622776601683793
2024-07-06T01:40:00Z,Oakland Athletics,1499.4316209956946,31.622776601683793
2024-07-06T01:40:00Z,Baltimore Orioles,1500.579656294626,31.622776601683793
2024-07-06T01:40:00Z,San Diego Padres,1500.1421213701608,31.622776601683793
2024-07-06T01:40:00Z,Arizona Diamondbacks,1500.0081025245938,31.622776601683793
2024-07-06T01:40:00Z,Seattle Mariners,1500.2011895411895,31.622776601683793
2024-07-06T01:40:00Z,Toronto Blue Jays,1499.776247784924,31.622776601683793
2024-07-06T02:10:00Z,Los Angeles Dodgers,1500.4528220507677,31.622776601683793
2024-07-06T02:10:00Z,Milwaukee Brewers,1500.40252715894,31.622776601683793
2024-07-06T17:05:00Z,New York Yankees,1500.433910394033,31.622776601683793
2024-07-06T17:05:00Z,Boston Red Sox,1500.1657874033472,31.622776601683793
2024-07-06T18:10:00Z,Minnesota Twins,1500.1991311053334,31.622776601683793
2024-07-06T18:10:00Z,Houston Astros,1500.1429797740961,31.622776601683793
2024-07-06T18:20:00Z,Chicago Cubs,1499.7938666224943,31.622776601683793
2024-07-06T18:20:00Z,Los Angeles Angels,1499.6561878272669,31.622776601683793
2024-07-06T20:05:00Z,Pittsburgh Pirates,1499.8672218109525,31.622776601683793
2024-07-06T20:05:00Z,New York Mets,1499.9857190014598,31.622776601683793
2024-07-06T20:05:00Z,Washington Nationals,1499.8926599992199,31.622776601683793
2024-07-06T20:05:00Z,St. Louis Cardinals,1500.1080452756228,31.622776601683793
2024-07-06T20:05:00Z,Texas Rangers,1499.8568198484063,31.622776601683793
2024-07-06T20:05:00Z,Tampa Bay Rays,1499.976917058648,31.622776601683793
2024-07-06T20:07:00Z,Oakland Athletics,1499.452593460516,31.622776601683793
2024-07-06T20:07:00Z,Baltimore Orioles,1500.5586838298045,31.622776601683793
2024-07-06T20:10:00Z,Cincinnati Reds,1499.8822662812356,31.622776601683793
2024-07-06T20:10:00Z,Detroit Tigers,1499.8861297834776,31.622776601683793
2024-07-06T20:10:00Z,Cleveland Guardians,1500.545578686666,31.622776601683793
2024-07-06T20:10:00Z,San Francisco Giants,1499.945434774773,31.622776601683793
2024-07-06T20:10:00Z,Seattle Mariners,1500.1714773520334,31.622776601683793
2024-07-06T20:10:00Z,Toronto Blue Jays,1499.80595997408,31.622776601683793
2024-07-06T20:10:00Z,Miami Marlins,1499.3396893609229,31.622776601683793
2024-07-06T20:10:00Z,Chicago White Sox,1499.048393462815,31.622776601683793
2024-07-06T23:15:00Z,Atlanta Braves,1500.2243932098634,31.622776601683793
2024-07-06T23:15:00Z,Philadelphia Phillies,1500.6531290165785,31.622776601683793
2024-07-06T23:15:00Z,Los Angeles Dodgers,1500.4732724414582,31.622776601683793
2024-07-06T23:15:00Z,Milwaukee Brewers,1500.3820767682496,31.622776601683793
2024-07-07T01:10:00Z,Colorado Rockies,1499.3606020628436,31.622776601683793
2024-07-07T01:10:00Z,Kansas City Royals,1500.0734786953026,31.622776601683793
2024-07-07T01:40:00Z,San Diego Padres,1500.11253540083,31.622776601683793
2024-07-07T01:40:00Z,Arizona Diamondbacks,1500.0376884939246,31.622776601683793
2024-07-07T17:35:00Z,Pittsburgh Pirates,1499.8377455529455,31.622776601683793
2024-07-07T17:35:00Z,New York Mets,1500.0151952594667,31.622776601683793
2024-07-07T17:35:00Z,Washington Nationals,1499.8632258738635,31.622776601683793
2024-07-07T17:35:00Z,St. Louis Cardinals,1500.1374794009791,31.622776601683793
2024-07-07T17:35:00Z,Atlanta Braves,1500.2450519337797,31.622776601683793
2024-07-07T17:35:00Z,Philadelphia Phillies,1500.6324702926622,31.622776601683793
2024-07-07T17:40:00Z,Cincinnati Reds,1499.8527402004336,31.622776601683793
2024-07-07T17:40:00Z,Detroit Tigers,1499.9156558642796,31.622776601683793
2024-07-07T17:40:00Z,Cleveland Guardians,1500.5657905783698,31.622776601683793
2024-07-07T17:40:00Z,San Francisco Giants,1499.9252228830692,31.622776601683793
2024-07-07T17:40:00Z,Miami Marlins,1499.3600351313723,31.622776601683793
2024-07-07T17:40:00Z,Chicago White Sox,1499.0280476923656,31.622776601683793
2024-07-07T18:10:00Z,Minnesota Twins,1500.2195789521518,31.622776601683793
2024-07-07T18:10:00Z,Houston Astros,1500.1225319272778,31.622776601683793
2024-07-07T18:20:00Z,Chicago Cubs,1499.814279064063,31.622776601683793
2024-07-07T18:20:00Z,Los Angeles Angels,1499.6357753856983,31.622776601683793
2024-07-07T18:35:00Z,Texas Rangers,1499.8773442860152,31.622776601683793
2024-07-07T18:35:00Z,Tampa Bay Rays,1499.9563926210392,31.622776601683793
2024-07-07T19:10:00Z,Colorado Rockies,1499.3313845943037,31.622776601683793
2024-07-07T19:10:00Z,Kansas City Royals,1500.1026961638424,31.622776601683793
2024-07-07T20:07:00Z,Oakland Athletics,1499.4235476010133,31.622776601683793
2024-07-07T20:07:00Z,Baltimore Orioles,1500.5877296893073,31.622776601683793
2024-07-07T20:10:00Z,San Diego Padres,1500.0829751273304,31.622776601683793
2024-07-07T20:10:00Z,Arizona Diamondbacks,1500.0672487674242,31.622776601683793
2024-07-07T20:10:00Z,Seattle Mariners,1500.1417909290037,31.622776601683793
2024-07-07T20:10:00Z,Toronto Blue Jays,1499.8356463971097,31.622776601683793
2024-07-07T20:10:00Z,Los Angeles Dodgers,1500.4437050676056,31.622776601683793
2024-07-07T20:10:00Z,Milwaukee Brewers,1500.4116441421022,31.622776601683793
2024-07-07T23:10:00Z,New York Yankees,1500.4042662182856,31.622776601683793
2024-07-07T23:10:00Z,Boston Red Sox,1500.1954315790947,31.622776601683793
2024-07-08T16:35:00Z,Pittsburgh Pirates,1499.8582949285192,31.622776601683793
2024-07-08T16:35:00Z,New York Mets,1499.994645883893,31.622776601683793
2024-07-08T20:05:00Z,Washington Nationals,1499.8338173578995,31.622776601683793
2024-07-08T20:05:00Z,St. Louis Cardinals,1500.166887916943,31.622776601683793
2024-07-08T22:40:00Z,Detroit Tigers,1499.9364110428621,31.622776601683793
2024-07-08T22:40:00Z,Cleveland Guardians,1500.5450353997874,31.622776601683793
2024-07-08T23:10:00Z,Cincinnati Reds,1499.872986224079,31.622776601683793
2024-07-08T23:10:00Z,Colorado Rockies,1499.3111385706582,31.622776601683793
2024-07-09T00:10:00Z,Chicago White Sox,1498.9990391627946,31.622776601683793
2024-07-09T00:10:00Z,Minnesota Twins,1500.2485874817228,31.622776601683793
2024-07-09T01:38:00Z,Los Angeles Angels,1499.6063526500454,31.622776601683793
2024-07-09T01:38:00Z,Texas Rangers,1499.906767021668,31.622776601683793
2024-07-09T01:40:00Z,Arizona Diamondbacks,1500.0377982967113,31.622776601683793
2024-07-09T01:40:00Z,Atlanta Braves,1500.2745024044925,31.622776601683793
2024-07-09T22:35:00Z,Baltimore Orioles,1500.5578665541,31.622776601683793
2024-07-09T22:35:00Z,Chicago Cubs,1499.8441421992702,31.622776601683793
2024-07-09T22:40:00Z,Detroit Tigers,1499.9071481291674,31.622776601683793
2024-07-09T22:40:00Z,Cleveland Guardians,1500.5742983134821,31.622776601683793
2024-07-09T22:40:00Z,Philadelphia Phillies,1500.6528605563522,31.622776601683793
2024-07-09T22:40:00Z,Los Angeles Dodgers,1500.4233148039157,31.622776601683793
2024-07-09T22:50:00Z,Tampa Bay Rays,1499.9770596784251,31.622776601683793
2024-07-09T22:50:00Z,New York Yankees,1500.3835991608996,31.622776601683793
2024-07-09T23:10:00Z,Cincinnati Reds,1499.8932147043201,31.622776601683793
2024-07-09T23:10:00Z,Colorado Rockies,1499.2909100904171,31.622776601683793
2024-07-09T23:10:00Z,New York Mets,1500.0150482748627,31.622776601683793
2024-07-09T23:10:00Z,Washington Nationals,1499.81341496693,31.622776601683793
2024-07-09T23:10:00Z,Boston Red Sox,1500.215569121792,31.622776601683793
2024-07-09T23:10:00Z,Oakland Athletics,1499.403410058316,31.622776601683793
2024-07-10T00:10:00Z,Houston Astros,1500.1426735320294,31.622776601683793
2024-07-10T00:10:00Z,Miami Marlins,1499.3398935266207,31.622776601683793
2024-07-10T00:10:00Z,Milwaukee Brewers,1500.381876304022,31.622776601683793
2024-07-10T00:10:00Z,Pittsburgh Pirates,1499.8880627665994,31.622776601683793
2024-07-10T01:38:00Z,Los Angeles Angels,1499.5769555172196,31.622776601683793
2024-07-10T01:38:00Z,Texas Rangers,1499.9361641544938,31.622776601683793
2024-07-10T01:40:00Z,San Diego Padres,1500.0534729266055,31.622776601683793
2024-07-10T01:40:00Z,Seattle Mariners,1500.1712931297286,31.622776601683793
2024-07-10T01:40:00Z,Arizona Diamondbacks,1500.008373444793,31.622776601683793
2024-07-10T01:40:00Z,Atlanta Braves,1500.3039272564108,31.622776601683793
2024-07-10T01:45:00Z,San Francisco Giants,1499.9456562124112,31.622776601683793
2024-07-10T01:45:00Z,Toronto Blue Jays,1499.8152130677677,31.622776601683793
2024-07-10T17:45:00Z,St. Louis Cardinals,1500.1373322713537,31.622776601683793
2024-07-10T17:45:00Z,Kansas City Royals,1500.1322518094319,31.622776601683793
2024-07-10T18:10:00Z,Chicago White Sox,1499.02005598966,31.622776601683793
2024-07-10T18:10:00Z,Minnesota Twins,1500.2275706548573,31.622776601683793
2024-07-10T18:15:00Z,Chicago White Sox,1498.9910544449963,31.622776601683793
2024-07-10T18:15:00Z,Minnesota Twins,1500.256572199521,31.622776601683793
2024-07-10T22:35:00Z,Baltimore Orioles,1500.5280292672057,31.622776601683793
2024-07-10T22:35:00Z,Chicago Cubs,1499.8739794861644,31.622776601683793
2024-07-10T22:40:00Z,Detroit Tigers,1499.927910724979,31.622776601683793
2024-07-10T22:40:00Z,Cleveland Guardians,1500.5535357176705,31.622776601683793
2024-07-10T22:40:00Z,San Diego Padres,1500.023996374277,31.622776601683793
2024-07-10T22:40:00Z,Seattle Mariners,1500.2007696820572,31.622776601683793
2024-07-10T22:50:00Z,Tampa Bay Rays,1499.9477087380267,31.622776601683793
2024-07-10T22:50:00Z,New York Yankees,1500.412950101298,31.622776601683793
2024-07-10T23:05:00Z,Philadelphia Phillies,1500.6732331204482,31.622776601683793
2024-07-10T23:05:00Z,Los Angeles Dodgers,1500.4029422398196,31.622776601683793
2024-07-10T23:10:00Z,Cincinnati Reds,1499.8634256601895,31.622776601683793
2024-07-10T23:10:00Z,Colorado Rockies,1499.3206991345478,31.622776601683793
2024-07-10T23:10:00Z,New York Mets,1500.035432953131,31.622776601683793
2024-07-10T23:10:00Z,Washington Nationals,1499.7930302886616,31.622776601683793
2024-07-10T23:10:00Z,Boston Red Sox,1500.1856892388982,31.622776601683793
2024-07-10T23:10:00Z,Oakland Athletics,1499.4332899412098,31.622776601683793
2024-07-10T23:45:00Z,St. Louis Cardinals,1500.107802304496,31.622776601683793
2024-07-10T23:45:00Z,Kansas City Royals,1500.1617817762894,31.622776601683793
2024-07-11T00:10:00Z,Houston Astros,1500.1627977067733,31.622776601683793
2024-07-11T00:10:00Z,Miami Marlins,1499.3197693518769,31.622776601683793
2024-07-11T00:10:00Z,Milwaukee Brewers,1500.402134262607,31.622776601683793
2024-07-11T00:10:00Z,Pittsburgh Pirates,1499.8678048080144,31.622776601683793
2024-07-11T01:38:00Z,Los Angeles Angels,1499.5975839724206,31.622776601683793
2024-07-11T01:38:00Z,Texas Rangers,1499.9155356992928,31.622776601683793
2024-07-11T01:40:00Z,Arizona Diamondbacks,1500.0289741969225,31.622776601683793
2024-07-11T01:40:00Z,Atlanta Braves,1500.2833265042814,31.622776601683793
2024-07-11T01:45:00Z,San Francisco Giants,1499.9160717956302,31.622776601683793
2024-07-11T01:45:00Z,Toronto Blue Jays,1499.8447974845487,31.622776601683793
2024-07-11T17:10:00Z,Cincinnati Reds,1499.883662424288,31.622776601683793
2024-07-11T17:10:00Z,Colorado Rockies,1499.3004623704492,31.622776601683793
2024-07-11T17:10:00Z,Detroit Tigers,1499.9486552205701,31.622776601683793
2024-07-11T17:10:00Z,Cleveland Guardians,1500.5327912220794,31.622776601683793
2024-07-11T17:10:00Z,New York Mets,1500.0557999378436,31.622776601683793
2024-07-11T17:10:00Z,Washington Nationals,1499.772663303949,31.622776601683793
2024-07-11T18:10:00Z,Milwaukee Brewers,1500.3723746648438,31.622776601683793
2024-07-11T18:10:00Z,Pittsburgh Pirates,1499.8975644057775,31.622776601683793
2024-07-11T19:45:00Z,San Francisco Giants,1499.886513073807,31.622776601683793
2024-07-11T19:45:00Z,Toronto Blue Jays,1499.8743562063719,31.622776601683793
2024-07-11T22:05:00Z,Philadelphia Phillies,1500.6935880040876,31.622776601683793
2024-07-11T22:05:00Z,Los Angeles Dodgers,1500.3825873561802,31.622776601683793
2024-07-11T22:35:00Z,Baltimore Orioles,1500.498217814697,31.622776601683793
2024-07-11T22:35:00Z,Chicago Cubs,1499.9037909386732,31.622776601683793
2024-07-11T22:50:00Z,Tampa Bay Rays,1499.9683833588083,31.622776601683793
2024-07-11T22:50:00Z,New York Yankees,1500.3922754805164,31.622776601683793
2024-07-11T23:10:00Z,Boston Red Sox,1500.205835213309,31.622776601683793
2024-07-11T23:10:00Z,Oakland Athletics,1499.413143966799,31.622776601683793
2024-07-12T00:10:00Z,Houston Astros,1500.1829044704639,31.622776601683793
2024-07-12T00:10:00Z,Miami Marlins,1499.2996625881863,31.622776601683793
2024-07-12T01:38:00Z,Los Angeles Angels,1499.5683186885606,31.622776601683793
2024-07-12T01:38:00Z,Seattle Mariners,1500.2300349659172,31.622776601683793
2024-07-12T01:40:00Z,Arizona Diamondbacks,1500.0495570225094,31.622776601683793
2024-07-12T01:40:00Z,Atlanta Braves,1500.2627436786945,31.622776601683793
2024-07-12T22:40:00Z,Detroit Tigers,1499.9193162071285,31.622776601683793
2024-07-12T22:40:00Z,Los Angeles Dodgers,1500.4119263696218,31.622776601683793
2024-07-12T22:40:00Z,Philadelphia Phillies,1500.6635057991218,31.622776601683793
2024-07-12T22:40:00Z,Oakland Athletics,1499.4432261717648,31.622776601683793
2024-07-12T22:50:00Z,Tampa Bay Rays,1499.9891011773457,31.622776601683793
2024-07-12T22:50:00Z,Cleveland Guardians,1500.512073403542,31.622776601683793
2024-07-12T23:05:00Z,Baltimore Orioles,1500.4686440368084,31.622776601683793
2024-07-12T23:05:00Z,New York Yankees,1500.421849258405,31.622776601683793
2024-07-12T23:10:00Z,Boston Red Sox,1500.176288315196,31.622776601683793
2024-07-12T23:10:00Z,Kansas City Royals,1500.1913286744025,31.622776601683793
2024-07-12T23:10:00Z,New York Mets,1500.0759446407028,31.622776601683793
2024-07-12T23:10:00Z,Colorado Rockies,1499.28031766759,31.622776601683793
2024-07-12T23:10:00Z,Cincinnati Reds,1499.9038813085956,31.622776601683793
2024-07-12T23:10:00Z,Miami Marlins,1499.2794437038788,31.622776601683793
2024-07-13T00:10:00Z,Houston Astros,1500.203260621963,31.622776601683793
2024-07-13T00:10:00Z,Texas Rangers,1499.8951795477938,31.622776601683793
2024-07-13T00:10:00Z,Chicago White Sox,1498.9619214438965,31.622776601683793
2024-07-13T00:10:00Z,Pittsburgh Pirates,1499.9266974068773,31.622776601683793
2024-07-13T00:10:00Z,Milwaukee Brewers,1500.3425867438937,31.622776601683793
2024-07-13T00:10:00Z,Washington Nationals,1499.8024512248992,31.622776601683793
2024-07-13T00:15:00Z,St. Louis Cardinals,1500.0781859506037,31.622776601683793
2024-07-13T00:15:00Z,Chicago Cubs,1499.9334072925656,31.622776601683793
2024-07-13T01:38:00Z,Los Angeles Angels,1499.5890789156072,31.622776601683793
2024-07-13T01:38:00Z,Seattle Mariners,1500.2092747388706,31.622776601683793
2024-07-13T01:40:00Z,Arizona Diamondbacks,1500.069953174269,31.622776601683793
2024-07-13T01:40:00Z,Toronto Blue Jays,1499.8539600546123,31.622776601683793
2024-07-13T01:40:00Z,San Diego Padres,1499.994572411177,31.622776601683793
2024-07-13T01:40:00Z,Atlanta Braves,1500.2921676417945,31.622776601683793
2024-07-13T02:15:00Z,San Francisco Giants,1499.9071462520951,31.622776601683793
2024-07-13T02:15:00Z,Minnesota Twins,1500.235939021233,31.622776601683793
2024-07-13T17:10:00Z,Detroit Tigers,1499.940002747905,31.622776601683793
2024-07-13T17:10:00Z,Los Angeles Dodgers,1500.3912398288453,31.622776601683793
2024-07-13T18:10:00Z,Chicago White Sox,1498.932813874821,31.622776601683793
2024-07-13T18:10:00Z,Pittsburgh Pirates,1499.9558049759528,31.622776601683793
2024-07-13T18:15:00Z,St. Louis Cardinals,1500.0985953095944,31.622776601683793
2024-07-13T18:15:00Z,Chicago Cubs,1499.9129979335748,31.622776601683793
2024-07-13T20:05:00Z,Philadelphia Phillies,1500.6834495580545,31.622776601683793
2024-07-13T20:05:00Z,Oakland Athletics,1499.4232824128321,31.622776601683793
2024-07-13T20:05:00Z,Baltimore Orioles,1500.4390959478862,31.622776601683793
2024-07-13T20:05:00Z,New York Yankees,1500.4513973473272,31.622776601683793
2024-07-13T20:10:00Z,Boston Red Sox,1500.196767090867,31.622776601683793
2024-07-13T20:10:00Z,Kansas City Royals,1500.1708498987314,31.622776601683793
2024-07-13T20:10:00Z,New York Mets,1500.0960719101856,31.622776601683793
2024-07-13T20:10:00Z,Colorado Rockies,1499.2601903981072,31.622776601683793
2024-07-13T20:10:00Z,Tampa Bay Rays,1499.9598009436406,31.622776601683793
2024-07-13T20:10:00Z,Cleveland Guardians,1500.541373637247,31.622776601683793
2024-07-13T20:10:00Z,Houston Astros,1500.173599110758,31.622776601683793
2024-07-13T20:10:00Z,Texas Rangers,1499.9248410589987,31.622776601683793
2024-07-13T20:10:00Z,Cincinnati Reds,1499.924082678945,31.622776601683793
2024-07-13T20:10:00Z,Miami Marlins,1499.2592423335293,31.622776601683793
2024-07-13T20:10:00Z,Milwaukee Brewers,1500.3128246305614,31.622776601683793
2024-07-13T20:10:00Z,Washington Nationals,1499.8322133382314,31.622776601683793
2024-07-13T23:15:00Z,San Francisco Giants,1499.8777614689852,31.622776601683793
2024-07-13T23:15:00Z,Minnesota Twins,1500.2653238043429,31.622776601683793
2024-07-13T23:15:00Z,San Diego Padres,1500.015174051612,31.622776601683793
2024-07-13T23:15:00Z,Atlanta Braves,1500.2715660013596,31.622776601683793
2024-07-14T00:15:00Z,St. Louis Cardinals,1500.1189869483544,31.622776601683793
2024-07-14T00:15:00Z,Chicago Cubs,1499.8926062948149,31.622776601683793
2024-07-14T01:38:00Z,Los Angeles Angels,1499.6098210449697,31.622776601683793
2024-07-14T01:38:00Z,Seattle Mariners,1500.188532609508,31.622776601683793
2024-07-14T02:10:00Z,Arizona Diamondbacks,1500.09033162007,31.622776601683793
2024-07-14T02:10:00Z,Toronto Blue Jays,1499.8335816088113,31.622776601683793
2024-07-14T15:35:00Z,Baltimore Orioles,1500.4595735334221,31.622776601683793
2024-07-14T15:35:00Z,New York Yankees,1500.4309197617913,31.622776601683793
2024-07-14T17:35:00Z,Boston Red Sox,1500.2172280713667,31.622776601683793
2024-07-14T17:35:00Z,Kansas City Royals,1500.1503889182318,31.622776601683793
2024-07-14T17:35:00Z,Philadelphia Phillies,1500.6533761025607,31.622776601683793
2024-07-14T17:35:00Z,Oakland Athletics,1499.4533558683258,31.622776601683793
2024-07-14T17:40:00Z,Detroit Tigers,1499.9606712699863,31.622776601683793
2024-07-14T17:40:00Z,Los Angeles Dodgers,1500.370571306764,31.622776601683793
2024-07-14T17:40:00Z,New York Mets,1500.0661817652492,31.622776601683793
2024-07-14T17:40:00Z,Colorado Rockies,1499.2900805430436,31.622776601683793
2024-07-14T17:40:00Z,Tampa Bay Rays,1499.9805262414316,31.622776601683793
2024-07-14T17:40:00Z,Cleveland Guardians,1500.520648339456,31.622776601683793
2024-07-14T17:40:00Z,Cincinnati Reds,1499.8942665543495,31.622776601683793
2024-07-14T17:40:00Z,Miami Marlins,1499.2890584581248,31.622776601683793
2024-07-14T18:10:00Z,Houston Astros,1500.1439633376265,31.622776601683793
2024-07-14T18:10:00Z,Texas Rangers,1499.9544768321302,31.622776601683793
2024-07-14T18:10:00Z,Chicago White Sox,1498.9037317224327,31.622776601683793
2024-07-14T18:10:00Z,Pittsburgh Pirates,1499.9848871283411,31.622776601683793
2024-07-14T18:10:00Z,Milwaukee Brewers,1500.3330883107658,31.622776601683793
2024-07-14T18:10:00Z,Washington Nationals,1499.811949658027,31.622776601683793
2024-07-14T18:15:00Z,St. Louis Cardinals,1500.089360886034,31.622776601683793
2024-07-14T18:15:00Z,Chicago Cubs,1499.9222323571353,31.622776601683793
2024-07-14T20:05:00Z,San Francisco Giants,1499.8984022667428,31.622776601683793
2024-07-14T20:05:00Z,Minnesota Twins,1500.2446830065853,31.622776601683793
2024-07-14T20:07:00Z,Los Angeles Angels,1499.6305450960342,31.622776601683793
2024-07-14T20:07:00Z,Seattle Mariners,1500.1678085584435,31.622776601683793
2024-07-14T20:10:00Z,Arizona Diamondbacks,1500.060692379054,31.622776601683793
2024-07-14T20:10:00Z,Toronto Blue Jays,1499.8632208498273,31.622776601683793
2024-07-14T20:10:00Z,San Diego Padres,1499.9857577645491,31.622776601683793
2024-07-14T20:10:00Z,Atlanta Braves,1500.3009822884223,31.622776601683793
2024-07-19T18:20:00Z,Chicago Cubs,1499.892764778461,31.622776601683793
2024-07-19T18:20:00Z,Arizona Diamondbacks,1500.0901599577282,31.622776601683793
2024-07-19T22:40:00Z,Pittsburgh Pirates,1500.0056503077717,31.622776601683793
2024-07-19T22:40:00Z,Philadelphia Phillies,1500.6326129231302,31.622776601683793
2024-07-19T22:45:00Z,Washington Nationals,1499.832457671982,31.622776601683793
2024-07-19T22:45:00Z,Cincinnati Reds,1499.8737585403946,31.622776601683793
2024-07-19T23:05:00Z,New York Yankees,1500.4511965393665,31.622776601683793
2024-07-19T23:05:00Z,Tampa Bay Rays,1499.9602494638564,31.622776601683793
2024-07-19T23:07:00Z,Toronto Blue Jays,1499.8337354421683,31.622776601683793
2024-07-19T23:07:00Z,Detroit Tigers,1499.9901566776452,31.622776601683793
2024-07-19T23:10:00Z,Cleveland Guardians,1500.5408884985752,31.622776601683793
2024-07-19T23:10:00Z,San Diego Padres,1499.96551760543,31.622776601683793
2024-07-19T23:10:00Z,Miami Marlins,1499.3098690069464,31.622776601683793
2024-07-19T23:10:00Z,New York Mets,1500.0453712164276,31.622776601683793
2024-07-20T00:05:00Z,Texas Rangers,1499.9251688117256,31.622776601683793
2024-07-20T00:05:00Z,Baltimore Orioles,1500.4888815538268,31.622776601683793
2024-07-20T00:10:00Z,Kansas City Royals,1500.170321292843,31.622776601683793
2024-07-20T00:10:00Z,Chicago White Sox,1498.8837993478214,31.622776601683793
2024-07-20T00:40:00Z,Colorado Rockies,1499.3108174974595,31.622776601683793
2024-07-20T00:40:00Z,San Francisco Giants,1499.8776653123268,31.622776601683793
2024-07-20T01:40:00Z,Oakland Athletics,1499.473905130622,31.622776601683793
2024-07-20T01:40:00Z,Los Angeles Angels,1499.6099958337381,31.622776601683793
2024-07-20T02:10:00Z,Los Angeles Dodgers,1500.390976947387,31.622776601683793
2024-07-20T02:10:00Z,Boston Red Sox,1500.1968224307439,31.622776601683793
2024-07-20T02:10:00Z,Seattle Mariners,1500.1382704390803,31.622776601683793
2024-07-20T02:10:00Z,Houston Astros,1500.1735014569897,31.622776601683793
2024-07-20T17:05:00Z,New York Yankees,1500.421455740191,31.622776601683793
2024-07-20T17:05:00Z,Tampa Bay Rays,1499.9899902630318,31.622776601683793
2024-07-20T17:07:00Z,Atlanta Braves,1500.3213626315933,31.622776601683793
2024-07-20T17:07:00Z,St. Louis Cardinals,1500.068980542863,31.622776601683793
2024-07-20T19:07:00Z,Toronto Blue Jays,1499.8042756733219,31.622776601683793
2024-07-20T19:07:00Z,Detroit Tigers,1500.0196164464917,31.622776601683793
2024-07-20T20:07:00Z,Oakland Athletics,1499.494436521782,31.622776601683793
2024-07-20T20:07:00Z,Los Angeles Angels,1499.589464442578,31.622776601683793
2024-07-20T20:10:00Z,Miami Marlins,1499.2806614042295,31.622776601683793
2024-07-20T20:10:00Z,New York Mets,1500.0745788191446,31.622776601683793
2024-07-20T22:40:00Z,Pittsburgh Pirates,1500.0263953863566,31.622776601683793
2024-07-20T22:40:00Z,Philadelphia Phillies,1500.6118678445453,31.622776601683793
2024-07-20T22:45:00Z,Washington Nationals,1499.8529478592386,31.622776601683793
2024-07-20T22:45:00Z,Cincinnati Reds,1499.853268353138,31.622776601683793
2024-07-20T23:05:00Z,Texas Rangers,1499.89588632739,31.622776601683793
2024-07-20T23:05:00Z,Baltimore Orioles,1500.5181640381625,31.622776601683793
2024-07-20T23:10:00Z,Cleveland Guardians,1500.5111111206513,31.622776601683793
2024-07-20T23:10:00Z,San Diego Padres,1499.995294983354,31.622776601683793
2024-07-20T23:10:00Z,Kansas City Royals,1500.190236465461,31.622776601683793
2024-07-20T23:10:00Z,Chicago White Sox,1498.8638841752033,31.622776601683793
2024-07-20T23:10:00Z,Minnesota Twins,1500.2151936670473,31.622776601683793
2024-07-20T23:10:00Z,Milwaukee Brewers,1500.3625776503038,31.622776601683793
2024-07-20T23:15:00Z,Chicago Cubs,1499.8633228283973,31.622776601683793
2024-07-20T23:15:00Z,Arizona Diamondbacks,1500.119601907792,31.622776601683793
2024-07-20T23:15:00Z,Los Angeles Dodgers,1500.4113648717966,31.622776601683793
2024-07-20T23:15:00Z,Boston Red Sox,1500.176434506334,31.622776601683793
2024-07-20T23:20:00Z,Atlanta Braves,1500.2917252858956,31.622776601683793
2024-07-20T23:20:00Z,St. Louis Cardinals,1500.0986178885607,31.622776601683793
2024-07-21T00:10:00Z,Colorado Rockies,1499.3315363791223,31.622776601683793
2024-07-21T00:10:00Z,San Francisco Giants,1499.856946430664,31.622776601683793
2024-07-21T01:40:00Z,Seattle Mariners,1500.1087579885289,31.622776601683793
2024-07-21T01:40:00Z,Houston Astros,1500.2030139075412,31.622776601683793
2024-07-21T17:05:00Z,Minnesota Twins,1500.185729968568,31.622776601683793
2024-07-21T17:05:00Z,Milwaukee Brewers,1500.392041348783,31.622776601683793
2024-07-21T17:35:00Z,Washington Nationals,1499.8734202390165,31.622776601683793
2024-07-21T17:35:00Z,Cincinnati Reds,1499.8327959733601,31.622776601683793
2024-07-21T17:35:00Z,Pittsburgh Pirates,1499.9971223834837,31.622776601683793
2024-07-21T17:35:00Z,Philadelphia Phillies,1500.6411408474182,31.622776601683793
2024-07-21T17:35:00Z,Atlanta Braves,1500.2621136648136,31.622776601683793
2024-07-21T17:35:00Z,St. Louis Cardinals,1500.1282295096428,31.622776601683793
2024-07-21T17:35:00Z,New York Yankees,1500.3917407228773,31.622776601683793
2024-07-21T17:35:00Z,Tampa Bay Rays,1500.0197052803455,31.622776601683793
2024-07-21T17:37:00Z,Toronto Blue Jays,1499.8248415286082,31.622776601683793
2024-07-21T17:37:00Z,Detroit Tigers,1499.9990505912053,31.622776601683793
2024-07-21T17:40:00Z,Cleveland Guardians,1500.4813595446,31.622776601683793
2024-07-21T17:40:00Z,San Diego Padres,1500.0250465594052,31.622776601683793
2024-07-21T17:40:00Z,Miami Marlins,1499.3014792782076,31.622776601683793
2024-07-21T17:40:00Z,New York Mets,1500.0537609451665,31.622776601683793
2024-07-21T18:10:00Z,Kansas City Royals,1500.210134454878,31.622776601683793
2024-07-21T18:10:00Z,Chicago White Sox,1498.8439861857864,31.622776601683793
2024-07-21T18:20:00Z,Chicago Cubs,1499.8839064922297,31.622776601683793
2024-07-21T18:20:00Z,Arizona Diamondbacks,1500.0990182439596,31.622776601683793
2024-07-21T18:35:00Z,Texas Rangers,1499.9166293641072,31.622776601683793
2024-07-21T18:35:00Z,Baltimore Orioles,1500.4974210014452,31.622776601683793
2024-07-21T19:10:00Z,Colorado Rockies,1499.3022372074029,31.622776601683793
2024-07-21T19:10:00Z,San Francisco Giants,1499.8862456023835,31.622776601683793
2024-07-21T20:07:00Z,Oakland Athletics,1499.4649500610537,31.622776601683793
2024-07-21T20:07:00Z,Los Angeles Angels,1499.6189509033063,31.622776601683793
2024-07-21T20:10:00Z,Seattle Mariners,1500.1292711922113,31.622776601683793
2024-07-21T20:10:00Z,Houston Astros,1500.1825007038588,31.622776601683793
2024-07-21T23:10:00Z,Los Angeles Dodgers,1500.4317350991412,31.622776601683793
2024-07-21T23:10:00Z,Boston Red Sox,1500.1560642789896,31.622776601683793
2024-07-22T17:05:00Z,New York Yankees,1500.4120514732488,31.622776601683793
2024-07-22T17:05:00Z,Tampa Bay Rays,1499.999394529974,31.622776601683793
2024-07-22T22:40:00Z,Cleveland Guardians,1500.4516224890456,31.622776601683793
2024-07-22T22:40:00Z,Detroit Tigers,1500.0287876467598,31.622776601683793
2024-07-22T22:40:00Z,Pittsburgh Pirates,1500.017651607855,31.622776601683793
2024-07-22T22:40:00Z,St. Louis Cardinals,1500.1077002852714,31.622776601683793
2024-07-22T22:40:00Z,Miami Marlins,1499.2722789928139,31.622776601683793
2024-07-22T22:40:00Z,New York Mets,1500.0829612305602,31.622776601683793
2024-07-22T23:20:00Z,Atlanta Braves,1500.232399578595,31.622776601683793
2024-07-22T23:20:00Z,Cincinnati Reds,1499.8625100595787,31.622776601683793
2024-07-22T23:40:00Z,Minnesota Twins,1500.2064003082455,31.622776601683793
2024-07-22T23:40:00Z,Philadelphia Phillies,1500.6204705077407,31.622776601683793
2024-07-23T00:05:00Z,Texas Rangers,1499.9366368732683,31.622776601683793
2024-07-23T00:05:00Z,Chicago White Sox,1498.8239786766253,31.622776601683793
2024-07-23T00:05:00Z,Chicago Cubs,1499.9045997952182,31.622776601683793
2024-07-23T00:05:00Z,Milwaukee Brewers,1500.3713480457945,31.622776601683793
2024-07-23T00:10:00Z,Kansas City Royals,1500.2305584302444,31.622776601683793
2024-07-23T00:10:00Z,Arizona Diamondbacks,1500.0785942685932,31.622776601683793
2024-07-23T00:40:00Z,Colorado Rockies,1499.3230812171546,31.622776601683793
2024-07-23T00:40:00Z,Boston Red Sox,1500.1352202692378,31.622776601683793
2024-07-23T01:40:00Z,Oakland Athletics,1499.4857346305166,31.622776601683793
2024-07-23T01:40:00Z,Houston Astros,1500.1617161343959,31.622776601683793
2024-07-23T01:40:00Z,Seattle Mariners,1500.0995219976328,31.622776601683793
2024-07-23T01:40:00Z,Los Angeles Angels,1499.6487000978848,31.622776601683793
2024-07-23T02:10:00Z,Los Angeles Dodgers,1500.4519706661836,31.622776601683793
2024-07-23T02:10:00Z,San Francisco Giants,1499.866010035341,31.622776601683793
2024-07-23T22:40:00Z,Cleveland Guardians,1500.471911213298,31.622776601683793
2024-07-23T22:40:00Z,Detroit Tigers,1500.0084989225074,31.622776601683793
2024-07-23T22:40:00Z,Pittsburgh Pirates,1499.9881629826718,31.622776601683793
2024-07-23T22:40:00Z,St. Louis Cardinals,1500.1371889104546,31.622776601683793
2024-07-23T22:40:00Z,Miami Marlins,1499.2932851520593,31.622776601683793
2024-07-23T22:40:00Z,Baltimore Orioles,1500.4764148421998,31.622776601683793
2024-07-23T22:45:00Z,Washington Nationals,1499.8439583851937,31.622776601683793
2024-07-23T22:45:00Z,San Diego Padres,1500.054508413228,31.622776601683793
2024-07-23T23:05:00Z,New York Yankees,1500.3823808488683,31.622776601683793
2024-07-23T23:05:00Z,New York Mets,1500.1126318549407,31.622776601683793
2024-07-23T23:07:00Z,Toronto Blue Jays,1499.795389644466,31.622776601683793
2024-07-23T23:07:00Z,Tampa Bay Rays,1500.0288464141163,31.622776601683793
2024-07-23T23:40:00Z,Minnesota Twins,1500.177052646615,31.622776601683793
2024-07-23T23:40:00Z,Philadelphia Phillies,1500.6498181693712,31.622776601683793
2024-07-24T00:05:00Z,Texas Rangers,1499.9566270984365,31.622776601683793
2024-07-24T00:05:00Z,Chicago White Sox,1498.8039884514571,31.622776601683793
2024-07-24T00:05:00Z,Chicago Cubs,1499.8752750722565,31.622776601683793
2024-07-24T00:05:00Z,Milwaukee Brewers,1500.4006727687563,31.622776601683793
2024-07-24T00:10:00Z,Kansas City Royals,1500.20096466959,31.622776601683793
2024-07-24T00:10:00Z,Arizona Diamondbacks,1500.1081880292477,31.622776601683793
2024-07-24T00:40:00Z,Colorado Rockies,1499.293907039598,31.622776601683793
2024-07-24T00:40:00Z,Boston Red Sox,1500.1643944467944,31.622776601683793
2024-07-24T01:40:00Z,Oakland Athletics,1499.506501076235,31.622776601683793
2024-07-24T01:40:00Z,Houston Astros,1500.1409496886774,31.622776601683793
2024-07-24T01:40:00Z,Seattle Mariners,1500.0697985895197,31.622776601683793
2024-07-24T01:40:00Z,Los Angeles Angels,1499.678423505998,31.622776601683793
2024-07-24T02:10:00Z,Los Angeles Dodgers,1500.4721887011647,31.622776601683793
2024-07-24T02:10:00Z,San Francisco Giants,1499.84579200036,31.622776601683793
2024-07-24T16:20:00Z,Atlanta Braves,1500.2027112595486,31.622776601683793
2024-07-24T16:20:00Z,Cincinnati Reds,1499.8921983786252,31.622776601683793
2024-07-24T16:35:00Z,Pittsburgh Pirates,1500.0086999981395,31.622776601683793
2024-07-24T16:35:00Z,St. Louis Cardinals,1500.116651894987,31.622776601683793
2024-07-24T17:10:00Z,Minnesota Twins,1500.1977305442522,31.622776601683793
2024-07-24T17:10:00Z,Philadelphia Phillies,1500.629140271734,31.622776601683793
2024-07-24T18:20:00Z,Chicago Cubs,1499.8459758951549,31.622776601683793
2024-07-24T18:20:00Z,Milwaukee Brewers,1500.429971945858,31.622776601683793
2024-07-24T19:10:00Z,Colorado Rockies,1499.3147583187808,31.622776601683793
2024-07-24T19:10:00Z,Boston Red Sox,1500.1435431676116,31.622776601683793
2024-07-24T19:37:00Z,Oakland Athletics,1499.4772494176104,31.622776601683793
2024-07-24T19:37:00Z,Houston Astros,1500.170201347302,31.622776601683793
2024-07-24T19:40:00Z,Seattle Mariners,1500.040100953712,31.622776601683793
2024-07-24T19:40:00Z,Los Angeles Angels,1499.7081211418056,31.622776601683793
2024-07-24T22:40:00Z,Cleveland Guardians,1500.4921823478526,31.622776601683793
2024-07-24T22:40:00Z,Detroit Tigers,1499.9882277879528,31.622776601683793
2024-07-24T22:40:00Z,Miami Marlins,1499.3142729511214,31.622776601683793
2024-07-24T22:40:00Z,Baltimore Orioles,1500.4554270431377,31.622776601683793
2024-07-24T22:45:00Z,Washington Nationals,1499.8145221566997,31.622776601683793
2024-07-24T22:45:00Z,San Diego Padres,1500.083944641722,31.622776601683793
2024-07-24T23:05:00Z,New York Yankees,1500.3527359676227,31.622776601683793
2024-07-24T23:05:00Z,New York Mets,1500.1422767361862,31.622776601683793
2024-07-24T23:07:00Z,Toronto Blue Jays,1499.8159633799303,31.622776601683793
2024-07-24T23:07:00Z,Tampa Bay Rays,1500.008272678652,31.622776601683793
2024-07-25T00:05:00Z,Texas Rangers,1499.9766000584632,31.622776601683793
2024-07-25T00:05:00Z,Chicago White Sox,1498.7840154914304,31.622776601683793
2024-07-25T00:10:00Z,Kansas City Royals,1500.171396609147,31.622776601683793
2024-07-25T00:10:00Z,Arizona Diamondbacks,1500.1377560896906,31.622776601683793
2024-07-25T02:10:00Z,Los Angeles Dodgers,1500.4423892231098,31.622776601683793
2024-07-25T02:10:00Z,San Francisco Giants,1499.875591478415,31.622776601683793
2024-07-25T16:05:00Z,Washington Nationals,1499.7851115388091,31.622776601683793
2024-07-25T16:05:00Z,San Diego Padres,1500.1133552596125,31.622776601683793
2024-07-25T16:10:00Z,Miami Marlins,1499.2852424095358,31.622776601683793
2024-07-25T16:10:00Z,Baltimore Orioles,1500.4844575847233,31.622776601683793
2024-07-25T17:10:00Z,Cleveland Guardians,1500.4624359117734,31.622776601683793
2024-07-25T17:10:00Z,Detroit Tigers,1500.017974224032,31.622776601683793
2024-07-25T18:35:00Z,Texas Rangers,1499.9965557721864,31.622776601683793
2024-07-25T18:35:00Z,Chicago White Sox,1498.7640597777072,31.622776601683793
2024-07-25T19:07:00Z,Toronto Blue Jays,1499.786519217915,31.622776601683793
2024-07-25T19:07:00Z,Tampa Bay Rays,1500.0377168406674,31.622776601683793
2024-07-25T20:10:00Z,Los Angeles Dodgers,1500.4626155589592,31.622776601683793
2024-07-25T20:10:00Z,San Francisco Giants,1499.8553651425655,31.622776601683793
2024-07-25T23:10:00Z,New York Mets,1500.1627752389945,31.622776601683793
2024-07-25T23:10:00Z,Atlanta Braves,1500.1822127567402,31.622776601683793
2024-07-26T01:38:00Z,Los Angeles Angels,1499.6784931304658,31.622776601683793
2024-07-26T01:38:00Z,Oakland Athletics,1499.5068774289502,31.622776601683793
2024-07-26T22:40:00Z,Detroit Tigers,1499.9885246027163,31.622776601683793
2024-07-26T22:40:00Z,Minnesota Twins,1500.227180165568,31.622776601683793
2024-07-26T22:40:00Z,Philadelphia Phillies,1500.5995401118664,31.622776601683793
2024-07-26T22:40:00Z,Cleveland Guardians,1500.492036071641,31.622776601683793
2024-07-26T22:50:00Z,Tampa Bay Rays,1500.0081258784608,31.622776601683793
2024-07-26T22:50:00Z,Cincinnati Reds,1499.9217893408318,31.622776601683793
2024-07-26T23:05:00Z,Baltimore Orioles,1500.4547687397408,31.622776601683793
2024-07-26T23:05:00Z,San Diego Padres,1500.143044104595,31.622776601683793
2024-07-26T23:07:00Z,Toronto Blue Jays,1499.8070827660836,31.622776601683793
2024-07-26T23:07:00Z,Texas Rangers,1499.9759922240178,31.622776601683793
2024-07-26T23:10:00Z,New York Mets,1500.1832559253578,31.622776601683793
2024-07-26T23:10:00Z,Atlanta Braves,1500.161732070377,31.622776601683793
2024-07-26T23:10:00Z,Boston Red Sox,1500.1641063487873,31.622776601683793
2024-07-26T23:10:00Z,New York Yankees,1500.332172786447,31.622776601683793
2024-07-27T00:10:00Z,Kansas City Royals,1500.19172757643,31.622776601683793
2024-07-27T00:10:00Z,Chicago Cubs,1499.825644927872,31.622776601683793
2024-07-27T00:10:00Z,Houston Astros,1500.1908007332797,31.622776601683793
2024-07-27T00:10:00Z,Los Angeles Dodgers,1500.4420161729815,31.622776601683793
2024-07-27T00:10:00Z,Chicago White Sox,1498.7350881855148,31.622776601683793
2024-07-27T00:10:00Z,Seattle Mariners,1500.0690725459044,31.622776601683793
2024-07-27T00:10:00Z,Milwaukee Brewers,1500.3999483210403,31.622776601683793
2024-07-27T00:10:00Z,Miami Marlins,1499.3152660343535,31.622776601683793
2024-07-27T00:15:00Z,St. Louis Cardinals,1500.0869802078832,31.622776601683793
2024-07-27T00:15:00Z,Washington Nationals,1499.8147832259128,31.622776601683793
2024-07-27T01:38:00Z,Los Angeles Angels,1499.6488908385295,31.622776601683793
2024-07-27T01:38:00Z,Oakland Athletics,1499.5364797208865,31.622776601683793
2024-07-27T01:40:00Z,Arizona Diamondbacks,1500.1581722751682,31.622776601683793
2024-07-27T01:40:00Z,Pittsburgh Pirates,1499.9882838126618,31.622776601683793
2024-07-27T02:15:00Z,San Francisco Giants,1499.8756028250366,31.622776601683793
2024-07-27T02:15:00Z,Colorado Rockies,1499.2945206363097,31.622776601683793
2024-07-27T19:07:00Z,Toronto Blue Jays,1499.8276284277365,31.622776601683793
2024-07-27T19:07:00Z,Texas Rangers,1499.9554465623648,31.622776601683793
2024-07-27T20:05:00Z,Baltimore Orioles,1500.425105647991,31.622776601683793
2024-07-27T20:05:00Z,San Diego Padres,1500.1727071963448,31.622776601683793
2024-07-27T20:10:00Z,Tampa Bay Rays,1500.0285606148932,31.622776601683793
2024-07-27T20:10:00Z,Cincinnati Reds,1499.9013546043993,31.622776601683793
2024-07-27T20:10:00Z,New York Mets,1500.1537188144887,31.622776601683793
2024-07-27T20:10:00Z,Atlanta Braves,1500.191269181246,31.622776601683793
2024-07-27T22:05:00Z,Philadelphia Phillies,1500.619965655804,31.622776601683793
2024-07-27T22:05:00Z,Cleveland Guardians,1500.4716105277034,31.622776601683793
2024-07-27T22:10:00Z,Detroit Tigers,1500.0091005997072,31.622776601683793
2024-07-27T22:10:00Z,Minnesota Twins,1500.206604168577,31.622776601683793
2024-07-27T23:05:00Z,San Francisco Giants,1499.8958229731516,31.622776601683793
2024-07-27T23:05:00Z,Colorado Rockies,1499.2743004881947,31.622776601683793
2024-07-27T23:10:00Z,San Francisco Giants,1499.916025605937,31.622776601683793
2024-07-27T23:10:00Z,Colorado Rockies,1499.2540978554093,31.622776601683793
2024-07-27T23:10:00Z,Kansas City Royals,1500.1620409082632,31.622776601683793
2024-07-27T23:10:00Z,Chicago Cubs,1499.8553315960387,31.622776601683793
2024-07-27T23:10:00Z,Houston Astros,1500.211382194184,31.622776601683793
2024-07-27T23:10:00Z,Los Angeles Dodgers,1500.4214347120774,31.622776601683793
2024-07-27T23:10:00Z,Milwaukee Brewers,1500.369950629645,31.622776601683793
2024-07-27T23:10:00Z,Miami Marlins,1499.3452637257487,31.622776601683793
2024-07-27T23:15:00Z,St. Louis Cardinals,1500.0573342645043,31.622776601683793
2024-07-27T23:15:00Z,Washington Nationals,1499.8444291692917,31.622776601683793
2024-07-27T23:15:00Z,Chicago White Sox,1498.7061419270756,31.622776601683793
2024-07-27T23:15:00Z,Seattle Mariners,1500.0980188043436,31.622776601683793
2024-07-27T23:15:00Z,Boston Red Sox,1500.1346516438423,31.622776601683793
2024-07-27T23:15:00Z,New York Yankees,1500.361627491392,31.622776601683793
2024-07-28T00:10:00Z,Arizona Diamondbacks,1500.1785707330396,31.622776601683793
2024-07-28T00:10:00Z,Pittsburgh Pirates,1499.9678853547905,31.622776601683793
2024-07-28T01:38:00Z,Los Angeles Angels,1499.619314251595,31.622776601683793
2024-07-28T01:38:00Z,Oakland Athletics,1499.566056307821,31.622776601683793
2024-07-28T15:35:00Z,Tampa Bay Rays,1500.048977603683,31.622776601683793
2024-07-28T15:35:00Z,Cincinnati Reds,1499.8809376156096,31.622776601683793
2024-07-28T17:35:00Z,Baltimore Orioles,1500.445468295193,31.622776601683793
2024-07-28T17:35:00Z,San Diego Padres,1500.1523445491428,31.622776601683793
2024-07-28T17:35:00Z,Philadelphia Phillies,1500.5903734620265,31.622776601683793
2024-07-28T17:35:00Z,Cleveland Guardians,1500.501202721481,31.622776601683793
2024-07-28T17:37:00Z,Toronto Blue Jays,1499.8481562221307,31.622776601683793
2024-07-28T17:37:00Z,Texas Rangers,1499.9349187679707,31.622776601683793
2024-07-28T17:40:00Z,Detroit Tigers,1499.9796586967848,31.622776601683793
2024-07-28T17:40:00Z,Minnesota Twins,1500.2360460714995,31.622776601683793
2024-07-28T17:40:00Z,New York Mets,1500.1242073718597,31.622776601683793
2024-07-28T17:40:00Z,Atlanta Braves,1500.220780623875,31.622776601683793
2024-07-28T18:10:00Z,Kansas City Royals,1500.1323799921245,31.622776601683793
2024-07-28T18:10:00Z,Chicago Cubs,1499.8849925121774,31.622776601683793
2024-07-28T18:10:00Z,Houston Astros,1500.181945749296,31.622776601683793
2024-07-28T18:10:00Z,Los Angeles Dodgers,1500.4508711569654,31.622776601683793
2024-07-28T18:10:00Z,Chicago White Sox,1498.6772209867659,31.622776601683793
2024-07-28T18:10:00Z,Seattle Mariners,1500.1269397446533,31.622776601683793
2024-07-28T18:10:00Z,Milwaukee Brewers,1500.3899788580795,31.622776601683793
2024-07-28T18:10:00Z,Miami Marlins,1499.3252354973142,31.622776601683793
2024-07-28T18:15:00Z,St. Louis Cardinals,1500.077714050535,31.622776601683793
2024-07-28T18:15:00Z,Washington Nationals,1499.8240493832611,31.622776601683793
2024-07-28T20:05:00Z,San Francisco Giants,1499.9362107424065,31.622776601683793
2024-07-28T20:05:00Z,Colorado Rockies,1499.2339127189398,31.622776601683793
2024-07-28T20:07:00Z,Los Angeles Angels,1499.6397633552097,31.622776601683793
2024-07-28T20:07:00Z,Oakland Athletics,1499.5456072042064,31.622776601683793
2024-07-28T20:10:00Z,Arizona Diamondbacks,1500.1489514824602,31.622776601683793
2024-07-28T20:10:00Z,Pittsburgh Pirates,1499.9975046053698,31.622776601683793
2024-07-28T23:10:00Z,Boston Red Sox,1500.1052225601238,31.622776601683793
2024-07-28T23:10:00Z,New York Yankees,1500.3910565751105,31.622776601683793
2024-07-29T19:05:00Z,Baltimore Orioles,1500.465681413428,31.622776601683793
2024-07-29T19:05:00Z,Toronto Blue Jays,1499.8279431038957,31.622776601683793
2024-07-29T19:10:00Z,Baltimore Orioles,1500.435877023964,31.622776601683793
2024-07-29T19:10:00Z,Toronto Blue Jays,1499.8577474933597,31.622776601683793
2024-07-29T22:40:00Z,Detroit Tigers,1499.9503578409206,31.622776601683793
2024-07-29T22:40:00Z,Cleveland Guardians,1500.5305035773451,31.622776601683793
2024-07-29T22:40:00Z,Philadelphia Phillies,1500.560759145715,31.622776601683793
2024-07-29T22:40:00Z,New York Yankees,1500.4206708914219,31.622776601683793
2024-07-29T23:10:00Z,Cincinnati Reds,1499.901411617968,31.622776601683793
2024-07-29T23:10:00Z,Chicago Cubs,1499.864518509819,31.622776601683793
2024-07-29T23:10:00Z,Boston Red Sox,1500.125704237085,31.622776601683793
2024-07-29T23:10:00Z,Seattle Mariners,1500.106458067692,31.622776601683793
2024-07-29T23:10:00Z,New York Mets,1500.1447282191048,31.622776601683793
2024-07-29T23:10:00Z,Minnesota Twins,1500.2155252242544,31.622776601683793
2024-07-29T23:45:00Z,St. Louis Cardinals,1500.0481242706448,31.622776601683793
2024-07-29T23:45:00Z,Texas Rangers,1499.9645085478608,31.622776601683793
2024-07-30T00:10:00Z,Houston Astros,1500.1523378899476,31.622776601683793
2024-07-30T00:10:00Z,Pittsburgh Pirates,1500.0271124647181,31.622776601683793
2024-07-30T00:10:00Z,Chicago White Sox,1498.6483277290415,31.622776601683793
2024-07-30T00:10:00Z,Kansas City Royals,1500.1612732498488,31.622776601683793
2024-07-30T00:10:00Z,Milwaukee Brewers,1500.4103776155862,31.622776601683793
2024-07-30T00:10:00Z,Atlanta Braves,1500.2003818663684,31.622776601683793
2024-07-30T01:40:00Z,Arizona Diamondbacks,1500.1692826746958,31.622776601683793
2024-07-30T01:40:00Z,Washington Nationals,1499.8037181910256,31.622776601683793
2024-07-30T17:10:00Z,Detroit Tigers,1499.921082516918,31.622776601683793
2024-07-30T17:10:00Z,Cleveland Guardians,1500.5597789013477,31.622776601683793
2024-07-30T22:35:00Z,Baltimore Orioles,1500.456098451072,31.622776601683793
2024-07-30T22:35:00Z,Toronto Blue Jays,1499.8375260662517,31.622776601683793
2024-07-30T22:40:00Z,Philadelphia Phillies,1500.531170541146,31.622776601683793
2024-07-30T22:40:00Z,New York Yankees,1500.450259495991,31.622776601683793
2024-07-30T22:50:00Z,Tampa Bay Rays,1500.0691359807186,31.622776601683793
2024-07-30T22:50:00Z,Miami Marlins,1499.3050771202786,31.622776601683793
2024-07-30T23:10:00Z,Cincinnati Reds,1499.921867830304,31.622776601683793
2024-07-30T23:10:00Z,Chicago Cubs,1499.8440622974829,31.622776601683793
2024-07-30T23:10:00Z,Boston Red Sox,1500.0961681157453,31.622776601683793
2024-07-30T23:10:00Z,Seattle Mariners,1500.1359941890319,31.622776601683793
2024-07-30T23:10:00Z,New York Mets,1500.1652312258213,31.622776601683793
2024-07-30T23:10:00Z,Minnesota Twins,1500.1950222175378,31.622776601683793
2024-07-30T23:45:00Z,St. Louis Cardinals,1500.0685601887292,31.622776601683793
2024-07-30T23:45:00Z,Texas Rangers,1499.9440726297764,31.622776601683793
2024-07-31T00:10:00Z,Houston Astros,1500.1227557387235,31.622776601683793
2024-07-31T00:10:00Z,Pittsburgh Pirates,1500.0566946159422,31.622776601683793
2024-07-31T00:10:00Z,Chicago White Sox,1498.6194597565861,31.622776601683793
2024-07-31T00:10:00Z,Kansas City Royals,1500.1901412223042,31.622776601683793
2024-07-31T00:10:00Z,Milwaukee Brewers,1500.3807586643181,31.622776601683793
2024-07-31T00:10:00Z,Atlanta Braves,1500.2300008176364,31.622776601683793
2024-07-31T01:38:00Z,Los Angeles Angels,1499.660059442984,31.622776601683793
2024-07-31T01:38:00Z,Colorado Rockies,1499.2136166311655,31.622776601683793
2024-07-31T01:40:00Z,Arizona Diamondbacks,1500.189596231238,31.622776601683793
2024-07-31T01:40:00Z,Washington Nationals,1499.7834046344833,31.622776601683793
2024-07-31T01:40:00Z,San Diego Padres,1500.1729465948613,31.622776601683793
2024-07-31T01:40:00Z,Los Angeles Dodgers,1500.4302691112468,31.622776601683793
2024-07-31T01:45:00Z,San Francisco Giants,1499.9065134411446,31.622776601683793
2024-07-31T01:45:00Z,Oakland Athletics,1499.5753045054682,31.622776601683793
2024-07-31T16:10:00Z,Tampa Bay Rays,1500.0392769095138,31.622776601683793
2024-07-31T16:10:00Z,Miami Marlins,1499.3349361914834,31.622776601683793
2024-07-31T16:35:00Z,Baltimore Orioles,1500.4763023614623,31.622776601683793
2024-07-31T16:35:00Z,Toronto Blue Jays,1499.8173221558613,31.622776601683793
2024-07-31T16:35:00Z,Philadelphia Phillies,1500.50160763389,31.622776601683793
2024-07-31T16:35:00Z,New York Yankees,1500.479822403247,31.622776601683793
2024-07-31T17:10:00Z,New York Mets,1500.1357164112371,31.622776601683793
2024-07-31T17:10:00Z,Minnesota Twins,1500.224537032122,31.622776601683793
2024-07-31T18:10:00Z,Chicago White Sox,1498.5906170536402,31.622776601683793
2024-07-31T18:10:00Z,Kansas City Royals,1500.21898392525,31.622776601683793
2024-07-31T18:10:00Z,Milwaukee Brewers,1500.351165427387,31.622776601683793
2024-07-31T18:10:00Z,Atlanta Braves,1500.2595940545675,31.622776601683793
2024-07-31T18:15:00Z,St. Louis Cardinals,1500.088978357895,31.622776601683793
2024-07-31T18:15:00Z,Texas Rangers,1499.9236544606106,31.622776601683793
2024-07-31T19:40:00Z,Arizona Diamondbacks,1500.209892171182,31.622776601683793
2024-07-31T19:40:00Z,Washington Nationals,1499.7631086945394,31.622776601683793
2024-07-31T20:10:00Z,Boston Red Sox,1500.1166576620847,31.622776601683793
2024-07-31T20:10:00Z,Seattle Mariners,1500.1155046426925,31.622776601683793
2024-07-31T23:10:00Z,Cincinnati Reds,1499.8923062718136,31.622776601683793
2024-07-31T23:10:00Z,Chicago Cubs,1499.8736238559734,31.622776601683793
2024-08-01T00:10:00Z,Houston Astros,1500.1431992811822,31.622776601683793
2024-08-01T00:10:00Z,Pittsburgh Pirates,1500.0362510734835,31.622776601683793
2024-08-01T00:40:00Z,San Diego Padres,1500.1935307126462,31.622776601683793
2024-08-01T00:40:00Z,Los Angeles Dodgers,1500.409684993462,31.622776601683793
2024-08-01T01:38:00Z,Los Angeles Angels,1499.630337933082,31.622776601683793
2024-08-01T01:38:00Z,Colorado Rockies,1499.2433381410674,31.622776601683793
2024-08-01T01:45:00Z,San Francisco Giants,1499.9268418977917,31.622776601683793
2024-08-01T01:45:00Z,Oakland Athletics,1499.5549760488211,31.622776601683793
2024-08-01T22:40:00Z,Cleveland Guardians,1500.5802148798796,31.622776601683793
2024-08-01T22:40:00Z,Baltimore Orioles,1500.4558663829305,31.622776601683793
2024-08-01T22:40:00Z,Detroit Tigers,1499.8916842905842,31.622776601683793
2024-08-01T22:40:00Z,Kansas City Royals,1500.2483821515839,31.622776601683793
2024-08-01T23:20:00Z,Atlanta Braves,1500.2796655180466,31.622776601683793
2024-08-01T23:20:00Z,Miami Marlins,1499.3148647280043,31.622776601683793
2024-08-02T00:05:00Z,Chicago Cubs,1499.8941897172313,31.622776601683793
2024-08-02T00:05:00Z,St. Louis Cardinals,1500.0684124966372,31.622776601683793
2024-08-02T01:38:00Z,Los Angeles Angels,1499.600642194441,31.622776601683793
2024-08-02T01:38:00Z,Colorado Rockies,1499.2730338797085,31.622776601683793
2024-08-02T18:20:00Z,Chicago Cubs,1499.9147376894837,31.622776601683793
2024-08-02T18:20:00Z,St. Louis Cardinals,1500.0478645243847,31.622776601683793
2024-08-02T22:40:00Z,Detroit Tigers,1499.8623116529106,31.622776601683793
2024-08-02T22:40:00Z,Kansas City Royals,1500.2777547892574,31.622776601683793
2024-08-02T22:40:00Z,Pittsburgh Pirates,1500.0067987927775,31.622776601683793
2024-08-02T22:40:00Z,Arizona Diamondbacks,1500.239344451888,31.622776601683793
2024-08-02T22:45:00Z,Washington Nationals,1499.7338368177905,31.622776601683793
2024-08-02T22:45:00Z,Milwaukee Brewers,1500.380437304136,31.622776601683793
2024-08-02T23:05:00Z,New York Yankees,1500.450007291841,31.622776601683793
2024-08-02T23:05:00Z,Toronto Blue Jays,1499.8471372672673,31.622776601683793
2024-08-02T23:10:00Z,Cleveland Guardians,1500.6006331094277,31.622776601683793
2024-08-02T23:10:00Z,Baltimore Orioles,1500.4354481533824,31.622776601683793
2024-08-02T23:10:00Z,Cincinnati Reds,1499.862793519067,31.622776601683793
2024-08-02T23:10:00Z,San Francisco Giants,1499.9563546505383,31.622776601683793
2024-08-02T23:20:00Z,Atlanta Braves,1500.2997196278397,31.622776601683793
2024-08-02T23:20:00Z,Miami Marlins,1499.2948106182112,31.622776601683793
2024-08-03T00:05:00Z,Texas Rangers,1499.8942106003842,31.622776601683793
2024-08-03T00:05:00Z,Boston Red Sox,1500.146101522311,31.622776601683793
2024-08-03T00:10:00Z,Houston Astros,1500.1636263804744,31.622776601683793
2024-08-03T00:10:00Z,Tampa Bay Rays,1500.0188498102216,31.622776601683793
2024-08-03T00:10:00Z,Minnesota Twins,1500.2443024680576,31.622776601683793
2024-08-03T00:10:00Z,Chicago White Sox,1498.5708516177046,31.622776601683793
2024-08-03T01:38:00Z,Los Angeles Angels,1499.5713472328289,31.622776601683793
2024-08-03T01:38:00Z,New York Mets,1500.1650113728492,31.622776601683793
2024-08-03T01:40:00Z,Oakland Athletics,1499.5758204433478,31.622776601683793
2024-08-03T01:40:00Z,Los Angeles Dodgers,1500.3888405989353,31.622776601683793
2024-08-03T01:40:00Z,San Diego Padres,1500.1636039751506,31.622776601683793
2024-08-03T01:40:00Z,Colorado Rockies,1499.302960617204,31.622776601683793
2024-08-03T01:40:00Z,Seattle Mariners,1500.1361448051455,31.622776601683793
2024-08-03T01:40:00Z,Philadelphia Phillies,1500.480967471437,31.622776601683793
2024-08-03T17:05:00Z,New York Yankees,1500.470218002824,31.622776601683793
2024-08-03T17:05:00Z,Toronto Blue Jays,1499.8269265562844,31.622776601683793
2024-08-03T18:20:00Z,Chicago Cubs,1499.8852677919892,31.622776601683793
2024-08-03T18:20:00Z,St. Louis Cardinals,1500.0773344218792,31.622776601683793
2024-08-03T20:05:00Z,Washington Nationals,1499.7545904558403,31.622776601683793
2024-08-03T20:05:00Z,Milwaukee Brewers,1500.359683666086,31.622776601683793
2024-08-03T22:10:00Z,Detroit Tigers,1499.8829645890507,31.622776601683793
2024-08-03T22:10:00Z,Kansas City Royals,1500.2571018531173,31.622776601683793
2024-08-03T22:40:00Z,Pittsburgh Pirates,1500.0273721319058,31.622776601683793
2024-08-03T22:40:00Z,Arizona Diamondbacks,1500.2187711127597,31.622776601683793
2024-08-03T23:05:00Z,Texas Rangers,1499.9147923551527,31.622776601683793
2024-08-03T23:05:00Z,Boston Red Sox,1500.1255197675425,31.622776601683793
2024-08-03T23:10:00Z,Minnesota Twins,1500.2640508846557,31.622776601683793
2024-08-03T23:10:00Z,Chicago White Sox,1498.5511032011066,31.622776601683793
2024-08-03T23:15:00Z,Cleveland Guardians,1500.5710336091615,31.622776601683793
2024-08-03T23:15:00Z,Baltimore Orioles,1500.4650476536485,31.622776601683793
2024-08-03T23:15:00Z,Cincinnati Reds,1499.8833064207263,31.622776601683793
2024-08-03T23:15:00Z,San Francisco Giants,1499.935841748879,31.622776601683793
2024-08-03T23:15:00Z,Houston Astros,1500.1340357403717,31.622776601683793
2024-08-03T23:15:00Z,Tampa Bay Rays,1500.0484404503243,31.622776601683793
2024-08-03T23:20:00Z,Atlanta Braves,1500.269756402848,31.622776601683793
2024-08-03T23:20:00Z,Miami Marlins,1499.3247738432028,31.622776601683793
2024-08-04T00:40:00Z,San Diego Padres,1500.1837031199793,31.622776601683793
2024-08-04T00:40:00Z,Colorado Rockies,1499.2828614723753,31.622776601683793
2024-08-04T01:07:00Z,Oakland Athletics,1499.546646650155,31.622776601683793
2024-08-04T01:07:00Z,Los Angeles Dodgers,1500.418014392128,31.622776601683793
2024-08-04T01:38:00Z,Los Angeles Angels,1499.5920777996137,31.622776601683793
2024-08-04T01:38:00Z,New York Mets,1500.1442808060644,31.622776601683793
2024-08-04T01:40:00Z,Seattle Mariners,1500.1567669986969,31.622776601683793
2024-08-04T01:40:00Z,Philadelphia Phillies,1500.4603452778856,31.622776601683793
2024-08-04T16:05:00Z,Cincinnati Reds,1499.8538014904193,31.622776601683793
2024-08-04T16:05:00Z,San Francisco Giants,1499.965346679186,31.622776601683793
2024-08-04T17:35:00Z,Pittsburgh Pirates,1499.9979275739809,31.622776601683793
2024-08-04T17:35:00Z,Arizona Diamondbacks,1500.2482156706847,31.622776601683793
2024-08-04T17:35:00Z,Atlanta Braves,1500.2398190795252,31.622776601683793
2024-08-04T17:35:00Z,Miami Marlins,1499.3547111665257,31.622776601683793
2024-08-04T17:35:00Z,New York Yankees,1500.4904112087206,31.622776601683793
2024-08-04T17:35:00Z,Toronto Blue Jays,1499.8067333503877,31.622776601683793
2024-08-04T17:35:00Z,Washington Nationals,1499.775326003263,31.622776601683793
2024-08-04T17:35:00Z,Milwaukee Brewers,1500.3389481186634,31.622776601683793
2024-08-04T17:40:00Z,Cleveland Guardians,1500.5414598123302,31.622776601683793
2024-08-04T17:40:00Z,Baltimore Orioles,1500.4946214504798,31.622776601683793
2024-08-04T17:40:00Z,Detroit Tigers,1499.8535995425689,31.622776601683793
2024-08-04T17:40:00Z,Kansas City Royals,1500.2864668995992,31.622776601683793
2024-08-04T18:10:00Z,Houston Astros,1500.1044707987269,31.622776601683793
2024-08-04T18:10:00Z,Tampa Bay Rays,1500.078005391969,31.622776601683793
2024-08-04T18:10:00Z,Minnesota Twins,1500.2837823005727,31.622776601683793
2024-08-04T18:10:00Z,Chicago White Sox,1498.5313717851895,31.622776601683793
2024-08-04T18:35:00Z,Texas Rangers,1499.8853562038128,31.622776601683793
2024-08-04T18:35:00Z,Boston Red Sox,1500.1549559188825,31.622776601683793
2024-08-04T20:07:00Z,Los Angeles Angels,1499.6127903004908,31.622776601683793
2024-08-04T20:07:00Z,New York Mets,1500.1235683051873,31.622776601683793
2024-08-04T20:07:00Z,Oakland Athletics,1499.5174983134716,31.622776601683793
2024-08-04T20:07:00Z,Los Angeles Dodgers,1500.4471627288115,31.622776601683793
2024-08-04T20:10:00Z,San Diego Padres,1500.203784880987,31.622776601683793
2024-08-04T20:10:00Z,Colorado Rockies,1499.2627797113676,31.622776601683793
2024-08-04T20:10:00Z,Seattle Mariners,1500.1273712426546,31.622776601683793
2024-08-04T20:10:00Z,Philadelphia Phillies,1500.4897410339279,31.622776601683793
2024-08-04T23:10:00Z,Chicago Cubs,1499.9058235244338,31.622776601683793
2024-08-04T23:10:00Z,St. Louis Cardinals,1500.0567786894346,31.622776601683793
2024-08-05T21:15:00Z,St. Louis Cardinals,1500.027279954367,31.622776601683793
2024-08-05T21:15:00Z,New York Mets,1500.1530670402549,31.622776601683793
2024-08-05T22:40:00Z,Cleveland Guardians,1500.5118047375702,31.622776601683793
2024-08-05T22:40:00Z,Arizona Diamondbacks,1500.2778707454447,31.622776601683793
2024-08-05T22:40:00Z,Miami Marlins,1499.3254005298545,31.622776601683793
2024-08-05T22:40:00Z,Cincinnati Reds,1499.8831121270905,31.622776601683793
2024-08-05T22:45:00Z,Washington Nationals,1499.745880845898,31.622776601683793
2024-08-05T22:45:00Z,San Francisco Giants,1499.994791836551,31.622776601683793
2024-08-06T00:05:00Z,Texas Rangers,1499.9059237005943,31.622776601683793
2024-08-06T00:05:00Z,Houston Astros,1500.0839033019454,31.622776601683793
2024-08-06T00:05:00Z,Chicago Cubs,1499.8764601415037,31.622776601683793
2024-08-06T00:05:00Z,Minnesota Twins,1500.3131456835029,31.622776601683793
2024-08-06T00:10:00Z,Kansas City Royals,1500.2568820191666,31.622776601683793
2024-08-06T00:10:00Z,Boston Red Sox,1500.184540799315,31.622776601683793
2024-08-06T01:40:00Z,Oakland Athletics,1499.5375432057883,31.622776601683793
2024-08-06T01:40:00Z,Chicago White Sox,1498.5113268928728,31.622776601683793
2024-08-06T02:10:00Z,Los Angeles Dodgers,1500.4676534712214,31.622776601683793
2024-08-06T02:10:00Z,Philadelphia Phillies,1500.469250291518,31.622776601683793
2024-08-06T22:40:00Z,Pittsburgh Pirates,1499.9684893043914,31.622776601683793
2024-08-06T22:40:00Z,San Diego Padres,1500.2332231505766,31.622776601683793
2024-08-06T22:40:00Z,Miami Marlins,1499.2961154307875,31.622776601683793
2024-08-06T22:40:00Z,Cincinnati Reds,1499.9123972261575,31.622776601683793
2024-08-06T22:45:00Z,Washington Nationals,1499.766461304274,31.622776601683793
2024-08-06T22:45:00Z,San Francisco Giants,1499.9742113781751,31.622776601683793
2024-08-06T23:07:00Z,Toronto Blue Jays,1499.8275049869,31.622776601683793
2024-08-06T23:07:00Z,Baltimore Orioles,1500.4738498139675,31.622776601683793
2024-08-06T23:20:00Z,Atlanta Braves,1500.2103344015754,31.622776601683793
2024-08-06T23:20:00Z,Milwaukee Brewers,1500.3684327966132,31.622776601683793
2024-08-06T23:45:00Z,St. Louis Cardinals,1500.0477742374724,31.622776601683793
2024-08-06T23:45:00Z,Tampa Bay Rays,1500.0575111088638,31.622776601683793
2024-08-07T00:05:00Z,Texas Rangers,1499.87647330661,31.622776601683793
2024-08-07T00:05:00Z,Houston Astros,1500.1133536959296,31.622776601683793
2024-08-07T00:05:00Z,Chicago Cubs,1499.8971223270037,31.622776601683793
2024-08-07T00:05:00Z,Minnesota Twins,1500.2924834980029,31.622776601683793
2024-08-07T00:10:00Z,Kansas City Royals,1500.2273228339525,31.622776601683793
2024-08-07T00:10:00Z,Boston Red Sox,1500.2140999845292,31.622776601683793
2024-08-07T00:40:00Z,Colorado Rockies,1499.28363963062,31.622776601683793
2024-08-07T00:40:00Z,New York Mets,1500.1322071210025,31.622776601683793
2024-08-07T01:40:00Z,Seattle Mariners,1500.097724616044,31.622776601683793
2024-08-07T01:40:00Z,Detroit Tigers,1499.8832461691795,31.622776601683793
2024-08-07T01:40:00Z,Oakland Athletics,1499.5075707733627,31.622776601683793
2024-08-07T01:40:00Z,Chicago White Sox,1498.5412993252985,31.622776601683793
2024-08-07T02:10:00Z,Los Angeles Dodgers,1500.4381264055537,31.622776601683793
2024-08-07T02:10:00Z,Philadelphia Phillies,1500.4987773571856,31.622776601683793
2024-08-07T17:10:00Z,Cleveland Guardians,1500.4821753973042,31.622776601683793
2024-08-07T17:10:00Z,Arizona Diamondbacks,1500.3075000857107,31.622776601683793
2024-08-07T17:15:00Z,Cleveland Guardians,1500.4525717771842,31.622776601683793
2024-08-07T17:15:00Z,Arizona Diamondbacks,1500.3371037058307,31.622776601683793
2024-08-07T18:20:00Z,Chicago Cubs,1499.9177665199497,31.622776601683793
2024-08-07T18:20:00Z,Minnesota Twins,1500.2718393050568,31.622776601683793
2024-08-07T18:35:00Z,Texas Rangers,1499.8470485313762,31.622776601683793
2024-08-07T18:35:00Z,Houston Astros,1500.1427784711634,31.622776601683793
2024-08-07T19:37:00Z,Oakland Athletics,1499.527624247468,31.622776601683793
2024-08-07T19:37:00Z,Chicago White Sox,1498.521245851193,31.622776601683793
2024-08-07T20:05:00Z,New York Yankees,1500.510503011104,31.622776601683793
2024-08-07T20:05:00Z,Los Angeles Angels,1499.5926984981074,31.622776601683793
2024-08-07T20:10:00Z,New York Yankees,1500.480577437658,31.622776601683793
2024-08-07T20:10:00Z,Los Angeles Angels,1499.6226240715534,31.622776601683793
2024-08-07T22:40:00Z,Pittsburgh Pirates,1499.9390766465804,31.622776601683793
2024-08-07T22:40:00Z,San Diego Padres,1500.2626358083876,31.622776601683793
2024-08-07T22:40:00Z,Miami Marlins,1499.3168558543134,31.622776601683793
2024-08-07T22:40:00Z,Cincinnati Reds,1499.8916568026316,31.622776601683793
2024-08-07T22:45:00Z,Washington Nationals,1499.7370238579363,31.622776601683793
2024-08-07T22:45:00Z,San Francisco Giants,1500.0036488245128,31.622776601683793
2024-08-07T23:07:00Z,Toronto Blue Jays,1499.7982585135117,31.622776601683793
2024-08-07T23:07:00Z,Baltimore Orioles,1500.503096287356,31.622776601683793
2024-08-07T23:20:00Z,Atlanta Braves,1500.1808753620214,31.622776601683793
2024-08-07T23:20:00Z,Milwaukee Brewers,1500.3978918361672,31.622776601683793
2024-08-07T23:45:00Z,St. Louis Cardinals,1500.0682507086822,31.622776601683793
2024-08-07T23:45:00Z,Tampa Bay Rays,1500.037034637654,31.622776601683793
2024-08-08T00:10:00Z,Kansas City Royals,1500.2477893294706,31.622776601683793
2024-08-08T00:10:00Z,Boston Red Sox,1500.193633489011,31.622776601683793
2024-08-08T00:40:00Z,Colorado Rockies,1499.2544813455681,31.622776601683793
2024-08-08T00:40:00Z,New York Mets,1500.1613654060543,31.622776601683793
2024-08-08T01:40:00Z,Seattle Mariners,1500.0681037192235,31.622776601683793
2024-08-08T01:40:00Z,Detroit Tigers,1499.912867066,31.622776601683793
2024-08-08T02:10:00Z,Los Angeles Dodgers,1500.4086250024272,31.622776601683793
2024-08-08T02:10:00Z,Philadelphia Phillies,1500.528278760312,31.622776601683793
2024-08-08T16:05:00Z,Washington Nationals,1499.707612022903,31.622776601683793
2024-08-08T16:05:00Z,San Francisco Giants,1500.033060659546,31.622776601683793
2024-08-08T16:20:00Z,Atlanta Braves,1500.1514419461816,31.622776601683793
2024-08-08T16:20:00Z,Milwaukee Brewers,1500.427325252007,31.622776601683793
2024-08-08T16:35:00Z,Pittsburgh Pirates,1499.9096895857774,31.622776601683793
2024-08-08T16:35:00Z,San Diego Padres,1500.2920228691905,31.622776601683793
2024-08-08T19:10:00Z,Colorado Rockies,1499.2253485077338,31.622776601683793
2024-08-08T19:10:00Z,New York Mets,1500.1904982438887,31.622776601683793
2024-08-08T22:10:00Z,Miami Marlins,1499.2875782013691,31.622776601683793
2024-08-08T22:10:00Z,Cincinnati Reds,1499.920934455576,31.622776601683793
2024-08-08T23:05:00Z,New York Yankees,1500.450677745917,31.622776601683793
2024-08-08T23:05:00Z,Los Angeles Angels,1499.6525237632945,31.622776601683793
2024-08-08T23:07:00Z,Toronto Blue Jays,1499.8190375399045,31.622776601683793
2024-08-08T23:07:00Z,Baltimore Orioles,1500.482317260963,31.622776601683793
2024-08-08T23:15:00Z,St. Louis Cardinals,1500.0387093872064,31.622776601683793
2024-08-08T23:15:00Z,Tampa Bay Rays,1500.0665759591298,31.622776601683793
2024-08-09T01:40:00Z,Seattle Mariners,1500.0885085378286,31.622776601683793
2024-08-09T01:40:00Z,Detroit Tigers,1499.8924622473949,31.622776601683793
2024-08-09T01:40:00Z,Arizona Diamondbacks,1500.3076590505175,31.622776601683793
2024-08-09T01:40:00Z,Philadelphia Phillies,1500.5577234156253,31.622776601683793
2024-08-09T18:10:00Z,Minnesota Twins,1500.292390108258,31.622776601683793
2024-08-09T18:10:00Z,Cleveland Guardians,1500.432020973983,31.622776601683793
2024-08-09T22:45:00Z,Washington Nationals,1499.728060331484,31.622776601683793
2024-08-09T22:45:00Z,Los Angeles Angels,1499.6320754547137,31.622776601683793
2024-08-09T22:50:00Z,Tampa Bay Rays,1500.0372290250903,31.622776601683793
2024-08-09T22:50:00Z,Baltimore Orioles,1500.5116641950026,31.622776601683793
2024-08-09T23:07:00Z,Toronto Blue Jays,1499.8393832594245,31.622776601683793
2024-08-09T23:07:00Z,Oakland Athletics,1499.507278527948,31.622776601683793
2024-08-09T23:10:00Z,Boston Red Sox,1500.1640836363954,31.622776601683793
2024-08-09T23:10:00Z,Houston Astros,1500.172328323779,31.622776601683793
2024-08-09T23:10:00Z,Miami Marlins,1499.2584879508793,31.622776601683793
2024-08-09T23:10:00Z,San Diego Padres,1500.3211131196804,31.622776601683793
2024-08-10T00:10:00Z,Minnesota Twins,1500.312923038664,31.622776601683793
2024-08-10T00:10:00Z,Cleveland Guardians,1500.411488043577,31.622776601683793
2024-08-10T00:10:00Z,Kansas City Royals,1500.218170775681,31.622776601683793
2024-08-10T00:10:00Z,St. Louis Cardinals,1500.068327940996,31.622776601683793
2024-08-10T00:10:00Z,Chicago White Sox,1498.492326942034,31.622776601683793
2024-08-10T00:10:00Z,Chicago Cubs,1499.9466854291088,31.622776601683793
2024-08-10T00:10:00Z,Milwaukee Brewers,1500.4475777602077,31.622776601683793
2024-08-10T00:10:00Z,Cincinnati Reds,1499.9006819473752,31.622776601683793
2024-08-10T00:40:00Z,Colorado Rockies,1499.2462240536877,31.622776601683793
2024-08-10T00:40:00Z,Atlanta Braves,1500.1305664002277,31.622776601683793
2024-08-10T01:40:00Z,Arizona Diamondbacks,1500.3282400106564,31.622776601683793
2024-08-10T01:40:00Z,Philadelphia Phillies,1500.5371424554864,31.622776601683793
2024-08-10T02:10:00Z,Los Angeles Dodgers,1500.4288807413898,31.622776601683793
2024-08-10T02:10:00Z,Pittsburgh Pirates,1499.8894338468149,31.622776601683793
2024-08-10T02:10:00Z,Seattle Mariners,1500.1090251034486,31.622776601683793
2024-08-10T02:10:00Z,New York Mets,1500.1699816782686,31.622776601683793
2024-08-10T02:15:00Z,San Francisco Giants,1500.0534718334784,31.622776601683793
2024-08-10T02:15:00Z,Detroit Tigers,1499.8720510734624,31.622776601683793
2024-08-10T17:05:00Z,New York Yankees,1500.470888128086,31.622776601683793
2024-08-10T17:05:00Z,Texas Rangers,1499.826838149207,31.622776601683793
2024-08-10T17:10:00Z,New York Yankees,1500.441081005526,31.622776601683793
2024-08-10T17:10:00Z,Texas Rangers,1499.856645271767,31.622776601683793
2024-08-10T19:07:00Z,Toronto Blue Jays,1499.809711327528,31.622776601683793
2024-08-10T19:07:00Z,Oakland Athletics,1499.5369504598445,31.622776601683793
2024-08-10T20:05:00Z,San Francisco Giants,1500.0738652852187,31.622776601683793
2024-08-10T20:05:00Z,Detroit Tigers,1499.851657621722,31.622776601683793
2024-08-10T20:10:00Z,Boston Red Sox,1500.1345594592356,31.622776601683793
2024-08-10T20:10:00Z,Houston Astros,1500.201852500939,31.622776601683793
2024-08-10T20:10:00Z,Miami Marlins,1499.2294231066007,31.622776601683793
2024-08-10T20:10:00Z,San Diego Padres,1500.350177963959,31.622776601683793
2024-08-10T22:45:00Z,Washington Nationals,1499.7484908777692,31.622776601683793
2024-08-10T22:45:00Z,Los Angeles Angels,1499.6116449084284,31.622776601683793
2024-08-10T23:10:00Z,Kansas City Royals,1500.238577936006,31.622776601683793
2024-08-10T23:10:00Z,St. Louis Cardinals,1500.047920780671,31.622776601683793
2024-08-10T23:10:00Z,Minnesota Twins,1500.2834381155233,31.622776601683793
2024-08-10T23:10:00Z,Cleveland Guardians,1500.4409729667177,31.622776601683793
2024-08-10T23:10:00Z,Milwaukee Brewers,1500.4678127179707,31.622776601683793
2024-08-10T23:10:00Z,Cincinnati Reds,1499.8804469896122,31.622776601683793
2024-08-10T23:15:00Z,Tampa Bay Rays,1500.0079076498937,31.622776601683793
2024-08-10T23:15:00Z,Baltimore Orioles,1500.5409855701992,31.622776601683793
2024-08-10T23:15:00Z,Chicago White Sox,1498.463433334077,31.622776601683793
2024-08-10T23:15:00Z,Chicago Cubs,1499.9755790370657,31.622776601683793
2024-08-11T00:10:00Z,Arizona Diamondbacks,1500.3488030655417,31.622776601683793
2024-08-11T00:10:00Z,Philadelphia Phillies,1500.5165794006011,31.622776601683793
2024-08-11T00:10:00Z,Colorado Rockies,1499.2170813786506,31.622776601683793
2024-08-11T00:10:00Z,Atlanta Braves,1500.1597090752648,31.622776601683793
2024-08-11T01:10:00Z,Los Angeles Dodgers,1500.4491189264108,31.622776601683793
2024-08-11T01:10:00Z,Pittsburgh Pirates,1499.8691956617938,31.622776601683793
2024-08-11T01:40:00Z,Seattle Mariners,1500.1295238331538,31.622776601683793
2024-08-11T01:40:00Z,New York Mets,1500.1494829485634,31.622776601683793
2024-08-11T15:35:00Z,Washington Nationals,1499.7189036809368,31.622776601683793
2024-08-11T15:35:00Z,Los Angeles Angels,1499.6412321052608,31.622776601683793
2024-08-11T17:35:00Z,Boston Red Sox,1500.1050609429767,31.622776601683793
2024-08-11T17:35:00Z,Houston Astros,1500.2313510171978,31.622776601683793
2024-08-11T17:35:00Z,New York Yankees,1500.4612997010217,31.622776601683793
2024-08-11T17:35:00Z,Texas Rangers,1499.8364265762714,31.622776601683793
2024-08-11T17:37:00Z,Toronto Blue Jays,1499.780065139492,31.622776601683793
2024-08-11T17:37:00Z,Oakland Athletics,1499.5665966478805,31.622776601683793
2024-08-11T17:40:00Z,Tampa Bay Rays,1500.0286118185966,31.622776601683793
2024-08-11T17:40:00Z,Baltimore Orioles,1500.5202814014963,31.622776601683793
2024-08-11T17:40:00Z,Miami Marlins,1499.2503836531198,31.622776601683793
2024-08-11T17:40:00Z,San Diego Padres,1500.3292174174398,31.622776601683793
2024-08-11T18:10:00Z,Minnesota Twins,1500.2539788309184,31.622776601683793
2024-08-11T18:10:00Z,Cleveland Guardians,1500.4704322513226,31.622776601683793
2024-08-11T18:10:00Z,Milwaukee Brewers,1500.4380301443337,31.622776601683793
2024-08-11T18:10:00Z,Cincinnati Reds,1499.9102295632492,31.622776601683793
2024-08-11T19:10:00Z,Colorado Rockies,1499.2379641414575,31.622776601683793
2024-08-11T19:10:00Z,Atlanta Braves,1500.138826312458,31.622776601683793
2024-08-11T20:05:00Z,San Francisco Giants,1500.0442410339192,31.622776601683793
2024-08-11T20:05:00Z,Detroit Tigers,1499.8812818730216,31.622776601683793
2024-08-11T20:10:00Z,Los Angeles Dodgers,1500.4693395765305,31.622776601683793
2024-08-11T20:10:00Z,Pittsburgh Pirates,1499.8489750116742,31.622776601683793
2024-08-11T20:10:00Z,Arizona Diamondbacks,1500.3693482344422,31.622776601683793
2024-08-11T20:10:00Z,Philadelphia Phillies,1500.4960342317006,31.622776601683793
2024-08-11T23:10:00Z,Seattle Mariners,1500.1500047461693,31.622776601683793
2024-08-11T23:10:00Z,New York Mets,1500.129002035548,31.622776601683793
2024-08-12T22:40:00Z,Cleveland Guardians,1500.4906897593473,31.622776601683793
2024-08-12T22:40:00Z,Chicago Cubs,1499.955321529041,31.622776601683793
2024-08-12T22:40:00Z,Cincinnati Reds,1499.930761650302,31.622776601683793
2024-08-12T22:40:00Z,St. Louis Cardinals,1500.0273886936181,31.622776601683793
2024-08-12T22:50:00Z,Tampa Bay Rays,1499.999172192815,31.622776601683793
2024-08-12T22:50:00Z,Houston Astros,1500.2607906429794,31.622776601683793
2024-08-12T23:10:00Z,Boston Red Sox,1500.1254165453504,31.622776601683793
2024-08-12T23:10:00Z,Texas Rangers,1499.8160709738977,31.622776601683793
2024-08-12T23:40:00Z,Minnesota Twins,1500.2744443801657,31.622776601683793
2024-08-12T23:40:00Z,Kansas City Royals,1500.2181123867588,31.622776601683793
2024-08-13T00:10:00Z,Chicago White Sox,1498.484777792596,31.622776601683793
2024-08-13T00:10:00Z,New York Yankees,1500.4399552425027,31.622776601683793
2024-08-13T00:10:00Z,Milwaukee Brewers,1500.4085159896006,31.622776601683793
2024-08-13T00:10:00Z,Los Angeles Dodgers,1500.4988537312636,31.622776601683793
2024-08-13T01:38:00Z,Los Angeles Angels,1499.611764688771,31.622776601683793
2024-08-13T01:38:00Z,Toronto Blue Jays,1499.8095325559818,31.622776601683793
2024-08-13T01:40:00Z,Arizona Diamondbacks,1500.3893303725383,31.622776601683793
2024-08-13T01:40:00Z,Colorado Rockies,1499.2179820033614,31.622776601683793
2024-08-13T01:40:00Z,San Diego Padres,1500.349481257519,31.622776601683793
2024-08-13T01:40:00Z,Pittsburgh Pirates,1499.828711171595,31.622776601683793
2024-08-13T01:45:00Z,San Francisco Giants,1500.014754380774,31.622776601683793
2024-08-13T01:45:00Z,Atlanta Braves,1500.168312965603,31.622776601683793
2024-08-13T22:35:00Z,Baltimore Orioles,1500.490406182925,31.622776601683793
2024-08-13T22:35:00Z,Washington Nationals,1499.7487788995081,31.622776601683793
2024-08-13T22:40:00Z,Cleveland Guardians,1500.5109297115125,31.622776601683793
2024-08-13T22:40:00Z,Chicago Cubs,1499.9350815768757,31.622776601683793
2024-08-13T22:40:00Z,Detroit Tigers,1499.9018709507427,31.622776601683793
2024-08-13T22:40:00Z,Seattle Mariners,1500.1294156684482,31.622776601683793
2024-08-13T22:40:00Z,Cincinnati Reds,1499.9512758847166,31.622776601683793
2024-08-13T22:40:00Z,St. Louis Cardinals,1500.0068744592036,31.622776601683793
2024-08-13T22:40:00Z,Philadelphia Phillies,1500.4659670407273,31.622776601683793
2024-08-13T22:40:00Z,Miami Marlins,1499.2804508440931,31.622776601683793
2024-08-13T22:50:00Z,Tampa Bay Rays,1499.9697581795922,31.622776601683793
2024-08-13T22:50:00Z,Houston Astros,1500.2902046562021,31.622776601683793
2024-08-13T23:10:00Z,New York Mets,1500.0992302741743,31.622776601683793
2024-08-13T23:10:00Z,Oakland Athletics,1499.5963684092542,31.622776601683793
2024-08-13T23:10:00Z,Boston Red Sox,1500.1457544856141,31.622776601683793
2024-08-13T23:10:00Z,Texas Rangers,1499.795733033634,31.622776601683793
2024-08-13T23:40:00Z,Minnesota Twins,1500.2948921485106,31.622776601683793
2024-08-13T23:40:00Z,Kansas City Royals,1500.197664618414,31.622776601683793
2024-08-14T00:10:00Z,Chicago White Sox,1498.4561035328225,31.622776601683793
2024-08-14T00:10:00Z,New York Yankees,1500.4686295022764,31.622776601683793
2024-08-14T00:10:00Z,Milwaukee Brewers,1500.379027490071,31.622776601683793
2024-08-14T00:10:00Z,Los Angeles Dodgers,1500.5283422307932,31.622776601683793
2024-08-14T01:38:00Z,Los Angeles Angels,1499.582322900799,31.622776601683793
2024-08-14T01:38:00Z,Toronto Blue Jays,1499.8389743439539,31.622776601683793
2024-08-14T01:40:00Z,Arizona Diamondbacks,1500.4092952543158,31.622776601683793
2024-08-14T01:40:00Z,Colorado Rockies,1499.198017121584,31.622776601683793
2024-08-14T01:40:00Z,San Diego Padres,1500.3697275348727,31.622776601683793
2024-08-14T01:40:00Z,Pittsburgh Pirates,1499.8084648942413,31.622776601683793
2024-08-14T01:45:00Z,San Francisco Giants,1499.9852933671532,31.622776601683793
2024-08-14T01:45:00Z,Atlanta Braves,1500.197773979224,31.622776601683793
2024-08-14T17:10:00Z,Minnesota Twins,1500.2653221551432,31.622776601683793
2024-08-14T17:10:00Z,Kansas City Royals,1500.2272346117813,31.622776601683793
2024-08-14T19:40:00Z,Arizona Diamondbacks,1500.4292428986064,31.622776601683793
2024-08-14T19:40:00Z,Colorado Rockies,1499.1780694772933,31.622776601683793
2024-08-14T20:10:00Z,San Diego Padres,1500.3899562685465,31.622776601683793
2024-08-14T20:10:00Z,Pittsburgh Pirates,1499.7882361605675,31.622776601683793
2024-08-14T22:10:00Z,Boston Red Sox,1500.1160747828806,31.622776601683793
2024-08-14T22:10:00Z,Texas Rangers,1499.8254127363675,31.622776601683793
2024-08-14T22:35:00Z,Baltimore Orioles,1500.5105568191566,31.622776601683793
2024-08-14T22:35:00Z,Washington Nationals,1499.7286282632765,31.622776601683793
2024-08-14T22:40:00Z,Cleveland Guardians,1500.531152126859,31.622776601683793
2024-08-14T22:40:00Z,Chicago Cubs,1499.9148591615292,31.622776601683793
2024-08-14T22:40:00Z,Detroit Tigers,1499.9224421144775,31.622776601683793
2024-08-14T22:40:00Z,Seattle Mariners,1500.1088445047135,31.622776601683793
2024-08-14T22:40:00Z,Cincinnati Reds,1499.9717722857285,31.622776601683793
2024-08-14T22:40:00Z,St. Louis Cardinals,1499.9863780581916,31.622776601683793
2024-08-14T22:40:00Z,Philadelphia Phillies,1500.4859258058716,31.622776601683793
2024-08-14T22:40:00Z,Miami Marlins,1499.2604920789488,31.622776601683793
2024-08-14T22:50:00Z,Tampa Bay Rays,1499.9403697641608,31.622776601683793
2024-08-14T22:50:00Z,Houston Astros,1500.3195930716336,31.622776601683793
2024-08-14T23:10:00Z,New York Mets,1500.1194843116084,31.622776601683793
2024-08-14T23:10:00Z,Oakland Athletics,1499.57611437182,31.622776601683793
2024-08-15T00:10:00Z,Chicago White Sox,1498.427454420064,31.622776601683793
2024-08-15T00:10:00Z,New York Yankees,1500.497278615035,31.622776601683793
2024-08-15T00:10:00Z,Milwaukee Brewers,1500.3995646311203,31.622776601683793
2024-08-15T00:10:00Z,Los Angeles Dodgers,1500.507805089744,31.622776601683793
2024-08-15T01:38:00Z,Los Angeles Angels,1499.55290672663,31.622776601683793
2024-08-15T01:38:00Z,Toronto Blue Jays,1499.8683905181229,31.622776601683793
2024-08-15T01:45:00Z,San Francisco Giants,1499.955857978379,31.622776601683793
2024-08-15T01:45:00Z,Atlanta Braves,1500.227209367998,31.622776601683793
2024-08-15T17:10:00Z,New York Mets,1500.0897207969465,31.622776601683793
2024-08-15T17:10:00Z,Oakland Athletics,1499.605877886482,31.622776601683793
2024-08-15T17:10:00Z,Detroit Tigers,1499.9429953835,31.622776601683793
2024-08-15T17:10:00Z,Seattle Mariners,1500.088291235691,31.622776601683793
2024-08-15T18:10:00Z,Milwaukee Brewers,1500.4200839140874,31.622776601683793
2024-08-15T18:10:00Z,Los Angeles Dodgers,1500.4872858067768,31.622776601683793
2024-08-15T19:45:00Z,San Francisco Giants,1499.976448199725,31.622776601683793
2024-08-15T19:45:00Z,Atlanta Braves,1500.2066191466522,31.622776601683793
2024-08-15T22:35:00Z,Baltimore Orioles,1500.5308578361723,31.622776601683793
2024-08-15T22:35:00Z,Boston Red Sox,1500.0957737658648,31.622776601683793
2024-08-15T22:40:00Z,Philadelphia Phillies,1500.5060696605526,31.622776601683793
2024-08-15T22:40:00Z,Washington Nationals,1499.7084844085955,31.622776601683793
2024-08-16T00:05:00Z,Texas Rangers,1499.7960763256908,31.622776601683793
2024-08-16T00:05:00Z,Minnesota Twins,1500.2946585658199,31.622776601683793
2024-08-16T18:20:00Z,Chicago Cubs,1499.9353112142758,31.622776601683793
2024-08-16T18:20:00Z,Toronto Blue Jays,1499.8479384653763,31.622776601683793
2024-08-16T22:40:00Z,Cincinnati Reds,1499.94235559423,31.622776601683793
2024-08-16T22:40:00Z,Kansas City Royals,1500.2566513032798,31.622776601683793
2024-08-16T22:40:00Z,Pittsburgh Pirates,1499.808838871394,31.622776601683793
2024-08-16T22:40:00Z,Seattle Mariners,1500.0676885248645,31.622776601683793
2024-08-16T22:40:00Z,Philadelphia Phillies,1500.5261960827795,31.622776601683793
2024-08-16T22:40:00Z,Washington Nationals,1499.6883579863686,31.622776601683793
2024-08-16T22:40:00Z,Detroit Tigers,1499.9137087907095,31.622776601683793
2024-08-16T22:40:00Z,New York Yankees,1500.5265652078253,31.622776601683793
2024-08-16T22:50:00Z,Tampa Bay Rays,1499.9610546772471,31.622776601683793
2024-08-16T22:50:00Z,Arizona Diamondbacks,1500.40855798552,31.622776601683793
2024-08-16T23:05:00Z,Baltimore Orioles,1500.5011412501717,31.622776601683793
2024-08-16T23:05:00Z,Boston Red Sox,1500.1254903518654,31.622776601683793
2024-08-16T23:10:00Z,New York Mets,1500.109833529792,31.622776601683793
2024-08-16T23:10:00Z,Miami Marlins,1499.2403793461033,31.622776601683793
2024-08-17T00:05:00Z,Texas Rangers,1499.7667654677114,31.622776601683793
2024-08-17T00:05:00Z,Minnesota Twins,1500.3239694237993,31.622776601683793
2024-08-17T00:10:00Z,Houston Astros,1500.289247408694,31.622776601683793
2024-08-17T00:10:00Z,Chicago White Sox,1498.4578000830033,31.622776601683793
2024-08-17T00:10:00Z,Milwaukee Brewers,1500.4406044263733,31.622776601683793
2024-08-17T00:10:00Z,Cleveland Guardians,1500.5106316145732,31.622776601683793
2024-08-17T00:15:00Z,St. Louis Cardinals,1499.957068213149,31.622776601683793
2024-08-17T00:15:00Z,Los Angeles Dodgers,1500.5165956518194,31.622776601683793
2024-08-17T00:40:00Z,Colorado Rockies,1499.1990698433801,31.622776601683793
2024-08-17T00:40:00Z,San Diego Padres,1500.3689559024597,31.622776601683793
2024-08-17T01:38:00Z,Los Angeles Angels,1499.5736634647233,31.622776601683793
2024-08-17T01:38:00Z,Atlanta Braves,1500.185862408559,31.622776601683793
2024-08-17T17:05:00Z,Pittsburgh Pirates,1499.829423653572,31.622776601683793
2024-08-17T17:05:00Z,Seattle Mariners,1500.0471037426867,31.622776601683793
2024-08-17T17:10:00Z,Detroit Tigers,1499.9344477213917,31.622776601683793
2024-08-17T17:10:00Z,New York Yankees,1500.5058262771431,31.622776601683793
2024-08-17T18:20:00Z,Chicago Cubs,1499.9557455006852,31.622776601683793
2024-08-17T18:20:00Z,Toronto Blue Jays,1499.8275041789668,31.622776601683793
2024-08-17T20:10:00Z,Tampa Bay Rays,1499.981721573385,31.622776601683793
2024-08-17T20:10:00Z,Arizona Diamondbacks,1500.3878910893823,31.622776601683793
2024-08-17T20:10:00Z,New York Mets,1500.1299288640312,31.622776601683793
2024-08-17T20:10:00Z,Miami Marlins,1499.2202840118641,31.622776601683793
2024-08-17T22:05:00Z,Philadelphia Phillies,1500.5463050915087,31.622776601683793
2024-08-17T22:05:00Z,Washington Nationals,1499.6682489776395,31.622776601683793
2024-08-17T22:40:00Z,Cincinnati Reds,1499.9129645020696,31.622776601683793
2024-08-17T22:40:00Z,Kansas City Royals,1500.2860423954403,31.622776601683793
2024-08-17T23:05:00Z,Baltimore Orioles,1500.4714504327205,31.622776601683793
2024-08-17T23:05:00Z,Boston Red Sox,1500.1551811693166,31.622776601683793
2024-08-17T23:05:00Z,Texas Rangers,1499.737480147466,31.622776601683793
2024-08-17T23:05:00Z,Minnesota Twins,1500.3532547440448,31.622776601683793
2024-08-17T23:07:00Z,Oakland Athletics,1499.62651128729,31.622776601683793
2024-08-17T23:07:00Z,San Francisco Giants,1499.955814798917,31.622776601683793
2024-08-17T23:10:00Z,Houston Astros,1500.308927842761,31.622776601683793
2024-08-17T23:10:00Z,Chicago White Sox,1498.4381196489364,31.622776601683793
2024-08-17T23:15:00Z,St. Louis Cardinals,1499.9777839052458,31.622776601683793
2024-08-17T23:15:00Z,Los Angeles Dodgers,1500.4958799597225,31.622776601683793
2024-08-17T23:15:00Z,Milwaukee Brewers,1500.4611070984913,31.622776601683793
2024-08-17T23:15:00Z,Cleveland Guardians,1500.4901289424552,31.622776601683793
2024-08-18T00:10:00Z,Colorado Rockies,1499.1700518554464,31.622776601683793
2024-08-18T00:10:00Z,San Diego Padres,1500.3979738903934,31.622776601683793
2024-08-18T01:38:00Z,Los Angeles Angels,1499.5444021088692,31.622776601683793
2024-08-18T01:38:00Z,Atlanta Braves,1500.215123764413,31.622776601683793
2024-08-18T16:05:00Z,New York Mets,1500.1000068185967,31.622776601683793
2024-08-18T16:05:00Z,Miami Marlins,1499.2502060572986,31.622776601683793
2024-08-18T17:35:00Z,Baltimore Orioles,1500.4917853695933,31.622776601683793
2024-08-18T17:35:00Z,Boston Red Sox,1500.1348462324438,31.622776601683793
2024-08-18T17:35:00Z,Pittsburgh Pirates,1499.7999905263841,31.622776601683793
2024-08-18T17:35:00Z,Seattle Mariners,1500.0765368698744,31.622776601683793
2024-08-18T17:35:00Z,Philadelphia Phillies,1500.5163967056835,31.622776601683793
2024-08-18T17:35:00Z,Washington Nationals,1499.6981573634646,31.622776601683793
2024-08-18T17:40:00Z,Cincinnati Reds,1499.883598994436,31.622776601683793
2024-08-18T17:40:00Z,Kansas City Royals,1500.315407903074,31.622776601683793
2024-08-18T17:40:00Z,Tampa Bay Rays,1500.0023704719113,31.622776601683793
2024-08-18T17:40:00Z,Arizona Diamondbacks,1500.367242190856,31.622776601683793
2024-08-18T18:10:00Z,Houston Astros,1500.3285913507332,31.622776601683793
2024-08-18T18:10:00Z,Chicago White Sox,1498.4184561409643,31.622776601683793
2024-08-18T18:10:00Z,Milwaukee Brewers,1500.4815919496696,31.622776601683793
2024-08-18T18:10:00Z,Cleveland Guardians,1500.469644091277,31.622776601683793
2024-08-18T18:15:00Z,St. Louis Cardinals,1499.9484815473802,31.622776601683793
2024-08-18T18:15:00Z,Los Angeles Dodgers,1500.5251823175881,31.622776601683793
2024-08-18T18:20:00Z,Chicago Cubs,1499.9261620399382,31.622776601683793
2024-08-18T18:20:00Z,Toronto Blue Jays,1499.8570876397139,31.622776601683793
2024-08-18T18:35:00Z,Texas Rangers,1499.7582203499437,31.622776601683793
2024-08-18T18:35:00Z,Minnesota Twins,1500.332514541567,31.622776601683793
2024-08-18T19:10:00Z,Colorado Rockies,1499.191059229739,31.622776601683793
2024-08-18T19:10:00Z,San Diego Padres,1500.3769665161008,31.622776601683793
2024-08-18T20:07:00Z,Oakland Athletics,1499.5971267264608,31.622776601683793
2024-08-18T20:07:00Z,San Francisco Giants,1499.985199359746,31.622776601683793
2024-08-18T20:07:00Z,Los Angeles Angels,1499.515166261601,31.622776601683793
2024-08-18T20:07:00Z,Atlanta Braves,1500.2443596116811,31.622776601683793
2024-08-18T23:10:00Z,Detroit Tigers,1499.955168577203,31.622776601683793
2024-08-18T23:10:00Z,New York Yankees,1500.4851054213318,31.622776601683793
2024-08-19T22:40:00Z,Miami Marlins,1499.221164979293,31.622776601683793
2024-08-19T22:40:00Z,Arizona Diamondbacks,1500.3962832688615,31.622776601683793
2024-08-19T23:07:00Z,Toronto Blue Jays,1499.8275713999535,31.622776601683793
2024-08-19T23:07:00Z,Cincinnati Reds,1499.9131152341963,31.622776601683793
2024-08-19T23:10:00Z,New York Mets,1500.1206494518487,31.622776601683793
2024-08-19T23:10:00Z,Baltimore Orioles,1500.4711427363413,31.622776601683793
2024-08-20T00:05:00Z,Texas Rangers,1499.7787107411536,31.622776601683793
2024-08-20T00:05:00Z,Pittsburgh Pirates,1499.7795001351742,31.622776601683793
2024-08-20T00:10:00Z,Houston Astros,1500.3489794528443,31.622776601683793
2024-08-20T00:10:00Z,Boston Red Sox,1500.1144581303327,31.622776601683793
2024-08-20T00:10:00Z,Kansas City Royals,1500.3355331760197,31.622776601683793
2024-08-20T00:10:00Z,Los Angeles Angels,1499.4950409886553,31.622776601683793
2024-08-20T01:40:00Z,Oakland Athletics,1499.617775221929,31.622776601683793
2024-08-20T01:40:00Z,Tampa Bay Rays,1499.9817219764432,31.622776601683793
2024-08-20T01:40:00Z,San Diego Padres,1500.3974194448663,31.622776601683793
2024-08-20T01:40:00Z,Minnesota Twins,1500.3120616128015,31.622776601683793
2024-08-20T01:45:00Z,San Francisco Giants,1500.0049937266372,31.622776601683793
2024-08-20T01:45:00Z,Chicago White Sox,1498.3986617740732,31.622776601683793
2024-08-20T02:10:00Z,Los Angeles Dodgers,1500.5454598529,31.622776601683793
2024-08-20T02:10:00Z,Seattle Mariners,1500.0562593345626,31.622776601683793
2024-08-20T22:40:00Z,Miami Marlins,1499.1921492776164,31.622776601683793
2024-08-20T22:40:00Z,Arizona Diamondbacks,1500.425298970538,31.622776601683793
2024-08-20T22:45:00Z,Washington Nationals,1499.66840956515,31.622776601683793
2024-08-20T22:45:00Z,Colorado Rockies,1499.2208070280537,31.622776601683793
2024-08-20T23:05:00Z,New York Yankees,1500.4555709443227,31.622776601683793
2024-08-20T23:05:00Z,Cleveland Guardians,1500.499178568286,31.622776601683793
2024-08-20T23:07:00Z,Toronto Blue Jays,1499.8480808165825,31.622776601683793
2024-08-20T23:07:00Z,Cincinnati Reds,1499.8926058175673,31.622776601683793
2024-08-20T23:10:00Z,New York Mets,1500.0912741135448,31.622776601683793
2024-08-20T23:10:00Z,Baltimore Orioles,1500.5005180746452,31.622776601683793
2024-08-20T23:20:00Z,Atlanta Braves,1500.2649501313683,31.622776601683793
2024-08-20T23:20:00Z,Philadelphia Phillies,1500.4958061859963,31.622776601683793
2024-08-20T23:45:00Z,St. Louis Cardinals,1499.9191857302337,31.622776601683793
2024-08-20T23:45:00Z,Milwaukee Brewers,1500.510887766816,31.622776601683793
2024-08-21T00:05:00Z,Chicago Cubs,1499.9466468844648,31.622776601683793
2024-08-21T00:05:00Z,Detroit Tigers,1499.9346837326764,31.622776601683793
2024-08-21T00:05:00Z,Texas Rangers,1499.7491833246647,31.622776601683793
2024-08-21T00:05:00Z,Pittsburgh Pirates,1499.8090275516631,31.622776601683793
2024-08-21T00:10:00Z,Houston Astros,1500.3193498576984,31.622776601683793
2024-08-21T00:10:00Z,Boston Red Sox,1500.1440877254786,31.622776601683793
2024-08-21T00:10:00Z,Kansas City Royals,1500.3056410367178,31.622776601683793
2024-08-21T00:10:00Z,Los Angeles Angels,1499.5249331279572,31.622776601683793
2024-08-21T01:40:00Z,Oakland Athletics,1499.5884057395442,31.622776601683793
2024-08-21T01:40:00Z,Tampa Bay Rays,1500.0110914588279,31.622776601683793
2024-08-21T01:40:00Z,San Diego Padres,1500.4178546063492,31.622776601683793
2024-08-21T01:40:00Z,Minnesota Twins,1500.2916264513185,31.622776601683793
2024-08-21T01:45:00Z,San Francisco Giants,1500.024771042491,31.622776601683793
2024-08-21T01:45:00Z,Chicago White Sox,1498.3788844582193,31.622776601683793
2024-08-21T02:10:00Z,Los Angeles Dodgers,1500.5657198106398,31.622776601683793
2024-08-21T02:10:00Z,Seattle Mariners,1500.0359993768227,31.622776601683793
2024-08-21T17:10:00Z,New York Mets,1500.1119243506241,31.622776601683793
2024-08-21T17:10:00Z,Baltimore Orioles,1500.479867837566,31.622776601683793
2024-08-21T18:10:00Z,Houston Astros,1500.2897459828407,31.622776601683793
2024-08-21T18:10:00Z,Boston Red Sox,1500.1736916003363,31.622776601683793
2024-08-21T18:35:00Z,Texas Rangers,1499.7696815709162,31.622776601683793
2024-08-21T18:35:00Z,Pittsburgh Pirates,1499.7885293054117,31.622776601683793
2024-08-21T19:45:00Z,San Francisco Giants,1499.994531325988,31.622776601683793
2024-08-21T19:45:00Z,Chicago White Sox,1498.4091241747224,31.622776601683793
2024-08-21T22:40:00Z,San Diego Padres,1500.3882720197307,31.622776601683793
2024-08-21T22:40:00Z,Minnesota Twins,1500.321209037937,31.622776601683793
2024-08-21T22:40:00Z,Miami Marlins,1499.1631589367673,31.622776601683793
2024-08-21T22:40:00Z,Arizona Diamondbacks,1500.4542893113871,31.622776601683793
2024-08-21T22:45:00Z,Washington Nationals,1499.6886875525354,31.622776601683793
2024-08-21T22:45:00Z,Colorado Rockies,1499.2005290406682,31.622776601683793
2024-08-21T23:05:00Z,New York Yankees,1500.4760621340604,31.622776601683793
2024-08-21T23:05:00Z,Cleveland Guardians,1500.4786873785483,31.622776601683793
2024-08-21T23:07:00Z,Toronto Blue Jays,1499.8185724050015,31.622776601683793
2024-08-21T23:07:00Z,Cincinnati Reds,1499.9221142291483,31.622776601683793
2024-08-21T23:20:00Z,Atlanta Braves,1500.235522735518,31.622776601683793
2024-08-21T23:20:00Z,Philadelphia Phillies,1500.5252335818466,31.622776601683793
2024-08-21T23:45:00Z,St. Louis Cardinals,1499.9399154419873,31.622776601683793
2024-08-21T23:45:00Z,Milwaukee Brewers,1500.4901580550625,31.622776601683793
2024-08-22T00:05:00Z,Chicago Cubs,1499.9171139272742,31.622776601683793
2024-08-22T00:05:00Z,Detroit Tigers,1499.964216689867,31.622776601683793
2024-08-22T00:10:00Z,Kansas City Royals,1500.3257747612845,31.622776601683793
2024-08-22T00:10:00Z,Los Angeles Angels,1499.5047994033905,31.622776601683793
2024-08-22T01:40:00Z,Oakland Athletics,1499.5590618291385,31.622776601683793
2024-08-22T01:40:00Z,Tampa Bay Rays,1500.0404353692336,31.622776601683793
2024-08-22T02:10:00Z,Los Angeles Dodgers,1500.5859622098637,31.622776601683793
2024-08-22T02:10:00Z,Seattle Mariners,1500.0157569775988,31.622776601683793
2024-08-22T17:05:00Z,Washington Nationals,1499.708947961859,31.622776601683793
2024-08-22T17:05:00Z,Colorado Rockies,1499.1802686313447,31.622776601683793
2024-08-22T17:05:00Z,New York Yankees,1500.496535515238,31.622776601683793
2024-08-22T17:05:00Z,Cleveland Guardians,1500.4582139973706,31.622776601683793
2024-08-22T18:15:00Z,St. Louis Cardinals,1499.9606270887496,31.622776601683793
2024-08-22T18:15:00Z,Milwaukee Brewers,1500.4694464083002,31.622776601683793
2024-08-22T18:20:00Z,Chicago Cubs,1499.9376066359682,31.622776601683793
2024-08-22T18:20:00Z,Detroit Tigers,1499.943723981173,31.622776601683793
2024-08-22T19:37:00Z,Oakland Athletics,1499.5797434758108,31.622776601683793
2024-08-22T19:37:00Z,Tampa Bay Rays,1500.0197537225613,31.622776601683793
2024-08-22T22:40:00Z,Pittsburgh Pirates,1499.8090596070874,31.622776601683793
2024-08-22T22:40:00Z,Cincinnati Reds,1499.9015839274725,31.622776601683793
2024-08-22T23:07:00Z,Toronto Blue Jays,1499.8389084247017,31.622776601683793
2024-08-22T23:07:00Z,Los Angeles Angels,1499.4844633836904,31.622776601683793
2024-08-22T23:08:00Z,Baltimore Orioles,1500.45025751239,31.622776601683793
2024-08-22T23:08:00Z,Houston Astros,1500.3193563080167,31.622776601683793
2024-08-22T23:08:00Z,Atlanta Braves,1500.2561209451824,31.622776601683793
2024-08-22T23:08:00Z,Philadelphia Phillies,1500.5046353721823,31.622776601683793
2024-08-23T01:40:00Z,San Diego Padres,1500.358624275482,31.622776601683793
2024-08-23T01:40:00Z,New York Mets,1500.1415720948728,31.622776601683793
2024-08-23T22:40:00Z,Pittsburgh Pirates,1499.8295720580484,31.622776601683793
2024-08-23T22:40:00Z,Cincinnati Reds,1499.8810714765116,31.622776601683793
2024-08-23T23:05:00Z,Baltimore Orioles,1500.4706728967203,31.622776601683793
2024-08-23T23:05:00Z,Houston Astros,1500.2989409236864,31.622776601683793
2024-08-23T23:05:00Z,New York Yankees,1500.5164378552245,31.622776601683793
2024-08-23T23:05:00Z,Colorado Rockies,1499.1603662913583,31.622776601683793
2024-08-23T23:07:00Z,Toronto Blue Jays,1499.8592268034831,31.622776601683793
2024-08-23T23:07:00Z,Los Angeles Angels,1499.464145004909,31.622776601683793
2024-08-23T23:10:00Z,Boston Red Sox,1500.1442858447251,31.622776601683793
2024-08-23T23:10:00Z,Arizona Diamondbacks,1500.4836950669983,31.622776601683793
2024-08-23T23:10:00Z,Cleveland Guardians,1500.428387615568,31.622776601683793
2024-08-23T23:10:00Z,Texas Rangers,1499.7995079527188,31.622776601683793
2024-08-23T23:10:00Z,Miami Marlins,1499.1339683186113,31.622776601683793
2024-08-23T23:10:00Z,Chicago Cubs,1499.9667972541242,31.622776601683793
2024-08-23T23:20:00Z,Atlanta Braves,1500.2763557828632,31.622776601683793
2024-08-23T23:20:00Z,Washington Nationals,1499.688713124178,31.622776601683793
2024-08-24T00:10:00Z,Minnesota Twins,1500.2915247552514,31.622776601683793
2024-08-24T00:10:00Z,St. Louis Cardinals,1499.9903113714352,31.622776601683793
2024-08-24T00:10:00Z,Kansas City Royals,1500.3463247504374,31.622776601683793
2024-08-24T00:10:00Z,Philadelphia Phillies,1500.4840853830294,31.622776601683793
2024-08-24T00:10:00Z,Chicago White Sox,1498.3802656790363,31.622776601683793
2024-08-24T00:10:00Z,Detroit Tigers,1499.972582476859,31.622776601683793
2024-08-24T01:40:00Z,San Diego Padres,1500.3790022616465,31.622776601683793
2024-08-24T01:40:00Z,New York Mets,1500.1211941087083,31.622776601683793
2024-08-24T01:40:00Z,Oakland Athletics,1499.5506031400394,31.622776601683793
2024-08-24T01:40:00Z,Milwaukee Brewers,1500.4985867440716,31.622776601683793
2024-08-24T02:10:00Z,Seattle Mariners,1500.0362199962822,31.622776601683793
2024-08-24T02:10:00Z,San Francisco Giants,1499.9740683073046,31.622776601683793
2024-08-24T02:10:00Z,Los Angeles Dodgers,1500.6061888009779,31.622776601683793
2024-08-24T02:10:00Z,Tampa Bay Rays,1499.9995271314472,31.622776601683793
2024-08-24T18:05:00Z,New York Yankees,1500.4863230260332,31.622776601683793
2024-08-24T18:05:00Z,Colorado Rockies,1499.1904811205495,31.622776601683793
2024-08-24T19:07:00Z,Toronto Blue Jays,1499.8795275604443,31.622776601683793
2024-08-24T19:07:00Z,Los Angeles Angels,1499.4438442479477,31.622776601683793
2024-08-24T20:05:00Z,Baltimore Orioles,1500.49107055431,31.622776601683793
2024-08-24T20:05:00Z,Houston Astros,1500.2785432660967,31.622776601683793
2024-08-24T20:07:00Z,Oakland Athletics,1499.5214882407051,31.622776601683793
2024-08-24T20:07:00Z,Milwaukee Brewers,1500.5277016434059,31.622776601683793
2024-08-24T20:10:00Z,Boston Red Sox,1500.1149056821316,31.622776601683793
2024-08-24T20:10:00Z,Arizona Diamondbacks,1500.5130752295918,31.622776601683793
2024-08-24T20:10:00Z,Seattle Mariners,1500.0066652367937,31.622776601683793
2024-08-24T20:10:00Z,San Francisco Giants,1500.0036230667931,31.622776601683793
2024-08-24T20:10:00Z,Miami Marlins,1499.1048031670223,31.622776601683793
2024-08-24T20:10:00Z,Chicago Cubs,1499.9959624057133,31.622776601683793
2024-08-24T22:40:00Z,Pittsburgh Pirates,1499.8000666775288,31.622776601683793
2024-08-24T22:40:00Z,Cincinnati Reds,1499.9105768570312,31.622776601683793
2024-08-24T23:10:00Z,Cleveland Guardians,1500.4485870622568,31.622776601683793
2024-08-24T23:10:00Z,Texas Rangers,1499.77930850603,31.622776601683793
2024-08-24T23:10:00Z,Minnesota Twins,1500.311866223273,31.622776601683793
2024-08-24T23:10:00Z,St. Louis Cardinals,1499.9699699034136,31.622776601683793
2024-08-24T23:10:00Z,Kansas City Royals,1500.3168568676715,31.622776601683793
2024-08-24T23:10:00Z,Philadelphia Phillies,1500.5135532657953,31.622776601683793
2024-08-24T23:10:00Z,Chicago White Sox,1498.3514324469393,31.622776601683793
2024-08-24T23:10:00Z,Detroit Tigers,1500.001415708956,31.622776601683793
2024-08-24T23:20:00Z,Atlanta Braves,1500.2965730892745,31.622776601683793
2024-08-24T23:20:00Z,Washington Nationals,1499.6684958177668,31.622776601683793
2024-08-25T00:40:00Z,San Diego Padres,1500.3493625614908,31.622776601683793
2024-08-25T00:40:00Z,New York Mets,1500.150833808864,31.622776601683793
2024-08-25T01:10:00Z,Los Angeles Dodgers,1500.5763978697703,31.622776601683793
2024-08-25T01:10:00Z,Tampa Bay Rays,1500.0293180626547,31.622776601683793
2024-08-25T16:05:00Z,Atlanta Braves,1500.2667728834404,31.622776601683793
2024-08-25T16:05:00Z,Washington Nationals,1499.698296023601,31.622776601683793
2024-08-25T17:35:00Z,Boston Red Sox,1500.0855510977237,31.622776601683793
2024-08-25T17:35:00Z,Arizona Diamondbacks,1500.5424298139997,31.622776601683793
2024-08-25T17:35:00Z,Pittsburgh Pirates,1499.8205869472176,31.622776601683793
2024-08-25T17:35:00Z,Cincinnati Reds,1499.8900565873423,31.622776601683793
2024-08-25T17:35:00Z,New York Yankees,1500.5062341775752,31.622776601683793
2024-08-25T17:35:00Z,Colorado Rockies,1499.1705699690076,31.622776601683793
2024-08-25T17:37:00Z,Toronto Blue Jays,1499.8998107146708,31.622776601683793
2024-08-25T17:37:00Z,Los Angeles Angels,1499.4235610937212,31.622776601683793
2024-08-25T17:40:00Z,Cleveland Guardians,1500.4687690160893,31.622776601683793
2024-08-25T17:40:00Z,Texas Rangers,1499.7591265521976,31.622776601683793
2024-08-25T17:40:00Z,Miami Marlins,1499.1256634667673,31.622776601683793
2024-08-25T17:40:00Z,Chicago Cubs,1499.9751021059683,31.622776601683793
2024-08-25T18:10:00Z,Minnesota Twins,1500.282190044479,31.622776601683793
2024-08-25T18:10:00Z,St. Louis Cardinals,1499.9996460822076,31.622776601683793
2024-08-25T18:10:00Z,Kansas City Royals,1500.2874146136903,31.622776601683793
2024-08-25T18:10:00Z,Philadelphia Phillies,1500.5429955197765,31.622776601683793
2024-08-25T18:10:00Z,Chicago White Sox,1498.3226244626119,31.622776601683793
2024-08-25T18:10:00Z,Detroit Tigers,1500.0302236932835,31.622776601683793
2024-08-25T20:07:00Z,Oakland Athletics,1499.5423987624845,31.622776601683793
2024-08-25T20:07:00Z,Milwaukee Brewers,1500.5067911216265,31.622776601683793
2024-08-25T20:10:00Z,San Diego Padres,1500.3697485872644,31.622776601683793
2024-08-25T20:10:00Z,New York Mets,1500.1304477830904,31.622776601683793
2024-08-25T20:10:00Z,Seattle Mariners,1500.027136155536,31.622776601683793
2024-08-25T20:10:00Z,San Francisco Giants,1499.9831521480507,31.622776601683793
2024-08-25T20:10:00Z,Los Angeles Dodgers,1500.596632747819,31.622776601683793
2024-08-25T20:10:00Z,Tampa Bay Rays,1500.009083184606,31.622776601683793
2024-08-25T23:10:00Z,Baltimore Orioles,1500.4614505043137,31.622776601683793
2024-08-25T23:10:00Z,Houston Astros,1500.308163316093,31.622776601683793
2024-08-26T17:10:00Z,Cleveland Guardians,1500.4391624966345,31.622776601683793
2024-08-26T17:10:00Z,Kansas City Royals,1500.317021133145,31.622776601683793
2024-08-26T18:05:00Z,Boston Red Sox,1500.055942674408,31.622776601683793
2024-08-26T18:05:00Z,Toronto Blue Jays,1499.9294191379865,31.622776601683793
2024-08-26T22:40:00Z,Cleveland Guardians,1500.4095816845527,31.622776601683793
2024-08-26T22:40:00Z,Kansas City Royals,1500.346601945227,31.622776601683793
2024-08-26T22:40:00Z,Pittsburgh Pirates,1499.7911263495446,31.622776601683793
2024-08-26T22:40:00Z,Chicago Cubs,1500.0045627036413,31.622776601683793
2024-08-26T22:40:00Z,Philadelphia Phillies,1500.5633657897197,31.622776601683793
2024-08-26T22:40:00Z,Houston Astros,1500.2877930461498,31.622776601683793
2024-08-26T22:45:00Z,Washington Nationals,1499.669120013509,31.622776601683793
2024-08-26T22:45:00Z,New York Yankees,1500.5354101876671,31.622776601683793
2024-08-26T23:10:00Z,Boston Red Sox,1500.0263599595326,31.622776601683793
2024-08-26T23:10:00Z,Toronto Blue Jays,1499.959001852862,31.622776601683793
2024-08-26T23:40:00Z,Minnesota Twins,1500.2526555866593,31.622776601683793
2024-08-26T23:40:00Z,Atlanta Braves,1500.29630734126,31.622776601683793
2024-08-26T23:45:00Z,St. Louis Cardinals,1499.9702792793787,31.622776601683793
2024-08-26T23:45:00Z,San Diego Padres,1500.3991153900934,31.622776601683793
2024-08-27T00:10:00Z,Chicago White Sox,1498.293841710192,31.622776601683793
2024-08-27T00:10:00Z,Detroit Tigers,1500.0590064457033,31.622776601683793
2024-08-27T00:40:00Z,Colorado Rockies,1499.1910227003304,31.622776601683793
2024-08-27T00:40:00Z,Miami Marlins,1499.1052107354444,31.622776601683793
2024-08-27T01:40:00Z,Seattle Mariners,1500.0476005525802,31.622776601683793
2024-08-27T01:40:00Z,Tampa Bay Rays,1499.9886187875618,31.622776601683793
2024-08-27T22:40:00Z,Detroit Tigers,1500.079203049165,31.622776601683793
2024-08-27T22:40:00Z,Los Angeles Angels,1499.4033644902595,31.622776601683793
2024-08-27T22:40:00Z,Cleveland Guardians,1500.3800265653997,31.622776601683793
2024-08-27T22:40:00Z,Kansas City Royals,1500.3761570643799,31.622776601683793
2024-08-27T22:40:00Z,Cincinnati Reds,1499.8603779097184,31.622776601683793
2024-08-27T22:40:00Z,Oakland Athletics,1499.5720774401084,31.622776601683793
2024-08-27T22:40:00Z,Pittsburgh Pirates,1499.7616913764796,31.622776601683793
2024-08-27T22:40:00Z,Chicago Cubs,1500.0339976767063,31.622776601683793
2024-08-27T22:40:00Z,Philadelphia Phillies,1500.583718381687,31.622776601683793
2024-08-27T22:40:00Z,Houston Astros,1500.2674404541824,31.622776601683793
2024-08-27T22:45:00Z,Washington Nationals,1499.6899694612528,31.622776601683793
2024-08-27T22:45:00Z,New York Yankees,1500.5145607399234,31.622776601683793
2024-08-27T23:10:00Z,Boston Red Sox,1500.0468029386573,31.622776601683793
2024-08-27T23:10:00Z,Toronto Blue Jays,1499.9385588737373,31.622776601683793
2024-08-27T23:40:00Z,Minnesota Twins,1500.2231467955755,31.622776601683793
2024-08-27T23:40:00Z,Atlanta Braves,1500.3258161323438,31.622776601683793
2024-08-27T23:45:00Z,St. Louis Cardinals,1499.9409380469701,31.622776601683793
2024-08-27T23:45:00Z,San Diego Padres,1500.428456622502,31.622776601683793
2024-08-28T00:10:00Z,Chicago White Sox,1498.2649528827014,31.622776601683793
2024-08-28T00:10:00Z,Texas Rangers,1499.7880153796882,31.622776601683793
2024-08-28T00:10:00Z,Milwaukee Brewers,1500.4770361558888,31.622776601683793
2024-08-28T00:10:00Z,San Francisco Giants,1500.0129071137885,31.622776601683793
2024-08-28T00:40:00Z,Colorado Rockies,1499.1614576645838,31.622776601683793
2024-08-28T00:40:00Z,Miami Marlins,1499.134775771191,31.622776601683793
2024-08-28T01:40:00Z,Arizona Diamondbacks,1500.512723243424,31.622776601683793
2024-08-28T01:40:00Z,New York Mets,1500.160154353666,31.622776601683793
2024-08-28T01:40:00Z,Seattle Mariners,1500.0180471699653,31.622776601683793
2024-08-28T01:40:00Z,Tampa Bay Rays,1500.0181721701767,31.622776601683793
2024-08-28T02:10:00Z,Los Angeles Dodgers,1500.5670462733533,31.622776601683793
2024-08-28T02:10:00Z,Baltimore Orioles,1500.4910369787794,31.622776601683793
2024-08-28T16:35:00Z,Pittsburgh Pirates,1499.7322820132952,31.622776601683793
2024-08-28T16:35:00Z,Chicago Cubs,1500.0634070398908,31.622776601683793
2024-08-28T17:10:00Z,Cleveland Guardians,1500.4004971246811,31.622776601683793
2024-08-28T17:10:00Z,Kansas City Royals,1500.3556865050984,31.622776601683793
2024-08-28T20:05:00Z,Philadelphia Phillies,1500.5540533148016,31.622776601683793
2024-08-28T20:05:00Z,Houston Astros,1500.2971055210678,31.622776601683793
2024-08-28T20:10:00Z,Seattle Mariners,1500.038519464803,31.622776601683793
2024-08-28T20:10:00Z,Tampa Bay Rays,1499.997699875339,31.622776601683793
2024-08-28T21:10:00Z,Chicago White Sox,1498.2360893377224,31.622776601683793
2024-08-28T21:10:00Z,Texas Rangers,1499.8168789246672,31.622776601683793
2024-08-28T22:40:00Z,Detroit Tigers,1500.0993821628576,31.622776601683793
2024-08-28T22:40:00Z,Los Angeles Angels,1499.3831853765669,31.622776601683793
2024-08-28T22:40:00Z,Cincinnati Reds,1499.8307249796962,31.622776601683793
2024-08-28T22:40:00Z,Oakland Athletics,1499.6017303701306,31.622776601683793
2024-08-28T22:45:00Z,Washington Nationals,1499.7108007158781,31.622776601683793
2024-08-28T22:45:00Z,New York Yankees,1500.493729485298,31.622776601683793
2024-08-28T23:10:00Z,Boston Red Sox,1500.0672281612397,31.622776601683793
2024-08-28T23:10:00Z,Toronto Blue Jays,1499.918133651155,31.622776601683793
2024-08-28T23:40:00Z,Minnesota Twins,1500.1936636566425,31.622776601683793
2024-08-28T23:40:00Z,Atlanta Braves,1500.3552992712769,31.622776601683793
2024-08-28T23:45:00Z,St. Louis Cardinals,1499.9616223700757,31.622776601683793
2024-08-28T23:45:00Z,San Diego Padres,1500.4077722993964,31.622776601683793
2024-08-29T00:10:00Z,Chicago White Sox,1498.2072510594878,31.622776601683793
2024-08-29T00:10:00Z,Texas Rangers,1499.8457172029018,31.622776601683793
2024-08-29T00:10:00Z,Milwaukee Brewers,1500.497306979777,31.622776601683793
2024-08-29T00:10:00Z,San Francisco Giants,1499.9926362899002,31.622776601683793
2024-08-29T00:40:00Z,Colorado Rockies,1499.1819183128728,31.622776601683793
2024-08-29T00:40:00Z,Miami Marlins,1499.114315122902,31.622776601683793
2024-08-29T01:40:00Z,Arizona Diamondbacks,1500.533042435876,31.622776601683793
2024-08-29T01:40:00Z,New York Mets,1500.139835161214,31.622776601683793
2024-08-29T02:10:00Z,Los Angeles Dodgers,1500.587485495003,31.622776601683793
2024-08-29T02:10:00Z,Baltimore Orioles,1500.4705977571298,31.622776601683793
2024-08-29T17:10:00Z,Detroit Tigers,1500.0695438057774,31.622776601683793
2024-08-29T17:10:00Z,Los Angeles Angels,1499.4130237336472,31.622776601683793
2024-08-29T18:10:00Z,Chicago White Sox,1498.178438032187,31.622776601683793
2024-08-29T18:10:00Z,Texas Rangers,1499.8745302302027,31.622776601683793
2024-08-29T18:10:00Z,Milwaukee Brewers,1500.5175602333682,31.622776601683793
2024-08-29T18:10:00Z,San Francisco Giants,1499.972383036309,31.622776601683793
2024-08-29T18:15:00Z,St. Louis Cardinals,1499.9822886768657,31.622776601683793
2024-08-29T18:15:00Z,San Diego Padres,1500.3871059926064,31.622776601683793
2024-08-29T19:10:00Z,Colorado Rockies,1499.152361185548,31.622776601683793
2024-08-29T19:10:00Z,Miami Marlins,1499.1438722502269,31.622776601683793
2024-08-29T19:40:00Z,Arizona Diamondbacks,1500.5033440056266,31.622776601683793
2024-08-29T19:40:00Z,New York Mets,1500.1695335914635,31.622776601683793
2024-08-29T21:10:00Z,Cincinnati Reds,1499.8510977829746,31.622776601683793
2024-08-29T21:10:00Z,Oakland Athletics,1499.5813575668521,31.622776601683793
2024-08-29T22:40:00Z,Philadelphia Phillies,1500.574439242789,31.622776601683793
2024-08-29T22:40:00Z,Atlanta Braves,1500.3349133432896,31.622776601683793
2024-08-29T23:10:00Z,Boston Red Sox,1500.037635646454,31.622776601683793
2024-08-29T23:10:00Z,Toronto Blue Jays,1499.9477261659406,31.622776601683793
2024-08-30T00:10:00Z,Houston Astros,1500.3176032182862,31.622776601683793
2024-08-30T00:10:00Z,Kansas City Royals,1500.33518880788,31.622776601683793
2024-08-30T02:10:00Z,Los Angeles Dodgers,1500.6079069641671,31.622776601683793
2024-08-30T02:10:00Z,Baltimore Orioles,1500.4501762879656,31.622776601683793
2024-08-30T16:40:00Z,Cincinnati Reds,1499.821860078984,31.622776601683793
2024-08-30T16:40:00Z,Milwaukee Brewers,1500.5467979373589,31.622776601683793
2024-08-30T22:40:00Z,Cincinnati Reds,1499.7926478695774,31.622776601683793
2024-08-30T22:40:00Z,Milwaukee Brewers,1500.5760101467654,31.622776601683793
2024-08-30T22:40:00Z,Detroit Tigers,1500.0400021836444,31.622776601683793
2024-08-30T22:40:00Z,Boston Red Sox,1500.0671772685869,31.622776601683793
2024-08-30T22:40:00Z,Philadelphia Phillies,1500.5448074758694,31.622776601683793
2024-08-30T22:40:00Z,Atlanta Braves,1500.364545110209,31.622776601683793
2024-08-30T22:45:00Z,Washington Nationals,1499.6814262972955,31.622776601683793
2024-08-30T22:45:00Z,Chicago Cubs,1500.0927814584734,31.622776601683793
2024-08-30T22:50:00Z,Tampa Bay Rays,1499.9683414757671,31.622776601683793
2024-08-30T22:50:00Z,San Diego Padres,1500.4164643921783,31.622776601683793
2024-08-30T23:05:00Z,New York Yankees,1500.513979805168,31.622776601683793
2024-08-30T23:05:00Z,St. Louis Cardinals,1499.9620383569957,31.622776601683793
2024-08-30T23:10:00Z,Cleveland Guardians,1500.4206795389393,31.622776601683793
2024-08-30T23:10:00Z,Pittsburgh Pirates,1499.712099599037,31.622776601683793
2024-08-31T00:05:00Z,Texas Rangers,1499.844875186452,31.622776601683793
2024-08-31T00:05:00Z,Oakland Athletics,1499.6110126106028,31.622776601683793
2024-08-31T00:10:00Z,Houston Astros,1500.338083099928,31.622776601683793
2024-08-31T00:10:00Z,Kansas City Royals,1500.3147089262382,31.622776601683793
2024-08-31T00:10:00Z,Minnesota Twins,1500.2140291074484,31.622776601683793
2024-08-31T00:10:00Z,Toronto Blue Jays,1499.9273607151347,31.622776601683793
2024-08-31T00:10:00Z,Chicago White Sox,1498.1497795216133,31.622776601683793
2024-08-31T00:10:00Z,New York Mets,1500.1981921020372,31.622776601683793
2024-08-31T00:40:00Z,Colorado Rockies,1499.12339911252,31.622776601683793
2024-08-31T00:40:00Z,Baltimore Orioles,1500.4791383609936,31.622776601683793
2024-08-31T01:38:00Z,Los Angeles Angels,1499.3837681729005,31.622776601683793
2024-08-31T01:38:00Z,Seattle Mariners,1500.0677750255495,31.622776601683793
2024-08-31T01:40:00Z,Arizona Diamondbacks,1500.4738616898887,31.622776601683793
2024-08-31T01:40:00Z,Los Angeles Dodgers,1500.637389279905,31.622776601683793
2024-08-31T02:15:00Z,San Francisco Giants,1499.9924960797148,31.622776601683793
2024-08-31T02:15:00Z,Miami Marlins,1499.1237592068212,31.622776601683793
2024-08-31T17:05:00Z,New York Yankees,1500.4842125769735,31.622776601683793
2024-08-31T17:05:00Z,St. Louis Cardinals,1499.9918055851901,31.622776601683793
2024-08-31T20:05:00Z,Washington Nationals,1499.6520774535616,31.622776601683793
2024-08-31T20:05:00Z,Chicago Cubs,1500.1221303022073,31.622776601683793
2024-08-31T20:10:00Z,Tampa Bay Rays,1499.989008641723,31.622776601683793
2024-08-31T20:10:00Z,San Diego Padres,1500.3957972262224,31.622776601683793
2024-08-31T22:10:00Z,Detroit Tigers,1500.060486232308,31.622776601683793
2024-08-31T22:10:00Z,Boston Red Sox,1500.0466932199233,31.622776601683793
2024-08-31T22:10:00Z,Cleveland Guardians,1500.3908444788392,31.622776601683793
2024-08-31T22:10:00Z,Pittsburgh Pirates,1499.741934659137,31.622776601683793
2024-08-31T23:05:00Z,Texas Rangers,1499.8652458771783,31.622776601683793
2024-08-31T23:05:00Z,Oakland Athletics,1499.5906419198766,31.622776601683793
2024-08-31T23:10:00Z,Houston Astros,1500.3585451852057,31.622776601683793
2024-08-31T23:10:00Z,Kansas City Royals,1500.2942468409606,31.622776601683793
2024-08-31T23:10:00Z,Minnesota Twins,1500.1843768854908,31.622776601683793
2024-08-31T23:10:00Z,Toronto Blue Jays,1499.9570129370923,31.622776601683793
2024-08-31T23:10:00Z,Chicago White Sox,1498.12114614796,31.622776601683793
2024-08-31T23:10:00Z,New York Mets,1500.2268254756905,31.622776601683793
2024-08-31T23:15:00Z,Philadelphia Phillies,1500.5652014304515,31.622776601683793
2024-08-31T23:15:00Z,Atlanta Braves,1500.344151155627,31.622776601683793
2024-08-31T23:15:00Z,Cincinnati Reds,1499.7634611396088,31.622776601683793
2024-08-31T23:15:00Z,Milwaukee Brewers,1500.605196876734,31.622776601683793
2024-09-01T00:10:00Z,Colorado Rockies,1499.144462367381,31.622776601683793
2024-09-01T00:10:00Z,Baltimore Orioles,1500.4580751061326,31.622776601683793
2024-09-01T00:10:00Z,Arizona Diamondbacks,1500.4444050111963,31.622776601683793
2024-09-01T00:10:00Z,Los Angeles Dodgers,1500.6668459585974,31.622776601683793
2024-09-01T01:05:00Z,San Francisco Giants,1499.9625917241763,31.622776601683793
2024-09-01T01:05:00Z,Miami Marlins,1499.1536635623597,31.622776601683793
2024-09-01T01:38:00Z,Los Angeles Angels,1499.4045381173137,31.622776601683793
2024-09-01T01:38:00Z,Seattle Mariners,1500.0470050811364,31.622776601683793
2024-09-01T16:10:00Z,Cincinnati Reds,1499.784299873885,31.622776601683793
2024-09-01T16:10:00Z,Milwaukee Brewers,1500.5843581424579,31.622776601683793
2024-09-01T17:35:00Z,Washington Nationals,1499.622754169785,31.622776601683793
2024-09-01T17:35:00Z,Chicago Cubs,1500.151453585984,31.622776601683793
2024-09-01T17:35:00Z,New York Yankees,1500.4544711451113,31.622776601683793
2024-09-01T17:35:00Z,St. Louis Cardinals,1500.0215470170524,31.622776601683793
2024-09-01T17:40:00Z,Detroit Tigers,1500.0809524801127,31.622776601683793
2024-09-01T17:40:00Z,Boston Red Sox,1500.0262269721186,31.622776601683793
2024-09-01T17:40:00Z,Cleveland Guardians,1500.411035251922,31.622776601683793
2024-09-01T17:40:00Z,Pittsburgh Pirates,1499.7217438860544,31.622776601683793
2024-09-01T17:40:00Z,Tampa Bay Rays,1499.959657809778,31.622776601683793
2024-09-01T17:40:00Z,San Diego Padres,1500.4251480581675,31.622776601683793
2024-09-01T18:10:00Z,Houston Astros,1500.3789894933186,31.622776601683793
2024-09-01T18:10:00Z,Kansas City Royals,1500.2738025328476,31.622776601683793
2024-09-01T18:10:00Z,Minnesota Twins,1500.2047503964395,31.622776601683793
2024-09-01T18:10:00Z,Toronto Blue Jays,1499.9366394261435,31.622776601683793
2024-09-01T18:10:00Z,Chicago White Sox,1498.092537895073,31.622776601683793
2024-09-01T18:10:00Z,New York Mets,1500.2554337285774,31.622776601683793
2024-09-01T18:35:00Z,Texas Rangers,1499.8855988894738,31.622776601683793
2024-09-01T18:35:00Z,Oakland Athletics,1499.570288907581,31.622776601683793
2024-09-01T19:10:00Z,Colorado Rockies,1499.1155072013726,31.622776601683793
2024-09-01T19:10:00Z,Baltimore Orioles,1500.487030272141,31.622776601683793
2024-09-01T20:05:00Z,San Francisco Giants,1499.9327132390354,31.622776601683793
2024-09-01T20:05:00Z,Miami Marlins,1499.1835420475006,31.622776601683793
2024-09-01T20:07:00Z,Los Angeles Angels,1499.4252899536377,31.622776601683793
2024-09-01T20:07:00Z,Seattle Mariners,1500.0262532448123,31.622776601683793
2024-09-01T20:10:00Z,Arizona Diamondbacks,1500.4649739548634,31.622776601683793
2024-09-01T20:10:00Z,Los Angeles Dodgers,1500.6462770149303,31.622776601683793
2024-09-01T23:10:00Z,Philadelphia Phillies,1500.5855776814499,31.622776601683793
2024-09-01T23:10:00Z,Atlanta Braves,1500.3237749046286,31.622776601683793
2024-09-02T18:10:00Z,Milwaukee Brewers,1500.604586205316,31.622776601683793
2024-09-02T18:10:00Z,St. Louis Cardinals,1500.0013189541942,31.622776601683793
2024-09-02T19:05:00Z,Baltimore Orioles,1500.5064689722387,31.622776601683793
2024-09-02T19:05:00Z,Chicago White Sox,1498.0730991949754,31.622776601683793
2024-09-02T20:10:00Z,Cincinnati Reds,1499.805030887549,31.622776601683793
2024-09-02T20:10:00Z,Houston Astros,1500.3582584796545,31.622776601683793
2024-09-02T20:10:00Z,Kansas City Royals,1500.2443344205478,31.622776601683793
2024-09-02T20:10:00Z,Cleveland Guardians,1500.4405033642217,31.622776601683793
2024-09-02T20:10:00Z,Arizona Diamondbacks,1500.4355250062074,31.622776601683793
2024-09-02T20:10:00Z,Los Angeles Dodgers,1500.6757259635863,31.622776601683793
2024-09-02T22:40:00Z,San Diego Padres,1500.4454708821502,31.622776601683793
2024-09-02T22:40:00Z,Detroit Tigers,1500.06062965613,31.622776601683793
2024-09-02T22:50:00Z,Tampa Bay Rays,1499.9302366070194,31.622776601683793
2024-09-02T22:50:00Z,Minnesota Twins,1500.2341715991981,31.622776601683793
2024-09-02T23:07:00Z,Oakland Athletics,1499.59095948828,31.622776601683793
2024-09-02T23:07:00Z,Seattle Mariners,1500.0055826641133,31.622776601683793
2024-09-02T23:10:00Z,New York Mets,1500.2758064397892,31.622776601683793
2024-09-02T23:10:00Z,Boston Red Sox,1500.0058542609067,31.622776601683793
2024-09-02T23:40:00Z,Chicago Cubs,1500.1217393298236,31.622776601683793
2024-09-02T23:40:00Z,Pittsburgh Pirates,1499.7514581422147,31.622776601683793
2024-09-03T00:05:00Z,Texas Rangers,1499.856318653227,31.622776601683793
2024-09-03T00:05:00Z,New York Yankees,1500.4837513813582,31.622776601683793
2024-09-03T22:35:00Z,Baltimore Orioles,1500.52589101225,31.622776601683793
2024-09-03T22:35:00Z,Chicago White Sox,1498.0536771549641,31.622776601683793
2024-09-03T22:40:00Z,Miami Marlins,1499.1542053331873,31.622776601683793
2024-09-03T22:40:00Z,Washington Nationals,1499.6520908840982,31.622776601683793
2024-09-03T22:50:00Z,Tampa Bay Rays,1499.9508410062033,31.622776601683793
2024-09-03T22:50:00Z,Minnesota Twins,1500.2135672000143,31.622776601683793
2024-09-03T23:07:00Z,Toronto Blue Jays,1499.9073940831993,31.622776601683793
2024-09-03T23:07:00Z,Philadelphia Phillies,1500.6148230243941,31.622776601683793
2024-09-03T23:10:00Z,New York Mets,1500.2961614703852,31.622776601683793
2024-09-03T23:10:00Z,Boston Red Sox,1499.9854992303108,31.622776601683793
2024-09-03T23:20:00Z,Atlanta Braves,1500.34372384837,31.622776601683793
2024-09-03T23:20:00Z,Colorado Rockies,1499.0955582576312,31.622776601683793
2024-09-03T23:40:00Z,Kansas City Royals,1500.2148919371643,31.622776601683793
2024-09-03T23:40:00Z,Cleveland Guardians,1500.4699458476052,31.622776601683793
2024-09-03T23:40:00Z,Chicago Cubs,1500.092050840929,31.622776601683793
2024-09-03T23:40:00Z,Pittsburgh Pirates,1499.7811466311093,31.622776601683793
2024-09-03T23:40:00Z,Milwaukee Brewers,1500.5747967442555,31.622776601683793
2024-09-03T23:40:00Z,St. Louis Cardinals,1500.0311084152547,31.622776601683793
2024-09-04T00:05:00Z,Texas Rangers,1499.8770639367083,31.622776601683793
2024-09-04T00:05:00Z,New York Yankees,1500.4630060978768,31.622776601683793
2024-09-04T01:38:00Z,Los Angeles Angels,1499.3963071685214,31.622776601683793
2024-09-04T01:38:00Z,Los Angeles Dodgers,1500.7047087487026,31.622776601683793
2024-09-04T01:40:00Z,Oakland Athletics,1499.6116120674126,31.622776601683793
2024-09-04T01:40:00Z,Seattle Mariners,1499.9849300849808,31.622776601683793
2024-09-04T01:45:00Z,San Francisco Giants,1499.9034042233468,31.622776601683793
2024-09-04T01:45:00Z,Arizona Diamondbacks,1500.464834021896,31.622776601683793
2024-09-04T19:07:00Z,Toronto Blue Jays,1499.8781742393667,31.622776601683793
2024-09-04T19:07:00Z,Philadelphia Phillies,1500.6440428682267,31.622776601683793
2024-09-04T22:35:00Z,Baltimore Orioles,1500.4952964105519,31.622776601683793
2024-09-04T22:35:00Z,Chicago White Sox,1498.0842717566622,31.622776601683793
2024-09-04T22:40:00Z,Cincinnati Reds,1499.8257438348264,31.622776601683793
2024-09-04T22:40:00Z,Houston Astros,1500.3375455323771,31.622776601683793
2024-09-04T22:40:00Z,Miami Marlins,1499.1748941717485,31.622776601683793
2024-09-04T22:40:00Z,Washington Nationals,1499.631402045537,31.622776601683793
2024-09-04T22:50:00Z,Tampa Bay Rays,1499.9714274749228,31.622776601683793
2024-09-04T22:50:00Z,Minnesota Twins,1500.1929807312947,31.622776601683793
2024-09-04T23:10:00Z,New York Mets,1500.31649883949,31.622776601683793
2024-09-04T23:10:00Z,Boston Red Sox,1499.965161861206,31.622776601683793
2024-09-04T23:20:00Z,Atlanta Braves,1500.3636555720238,31.622776601683793
2024-09-04T23:20:00Z,Colorado Rockies,1499.0756265339774,31.622776601683793
2024-09-04T23:40:00Z,Kansas City Royals,1500.235475067984,31.622776601683793
2024-09-04T23:40:00Z,Cleveland Guardians,1500.4493627167856,31.622776601683793
2024-09-04T23:40:00Z,Chicago Cubs,1500.1123881050698,31.622776601683793
2024-09-04T23:40:00Z,Pittsburgh Pirates,1499.7608093669685,31.622776601683793
2024-09-04T23:40:00Z,Milwaukee Brewers,1500.5450330916512,31.622776601683793
2024-09-04T23:40:00Z,St. Louis Cardinals,1500.060872067859,31.622776601683793
2024-09-05T00:05:00Z,Texas Rangers,1499.897791138512,31.622776601683793
2024-09-05T00:05:00Z,New York Yankees,1500.442278896073,31.622776601683793
2024-09-05T01:38:00Z,Los Angeles Angels,1499.417349724044,31.622776601683793
2024-09-05T01:38:00Z,Los Angeles Dodgers,1500.68366619318,31.622776601683793
2024-09-05T01:40:00Z,San Diego Padres,1500.4657760794994,31.622776601683793
2024-09-05T01:40:00Z,Detroit Tigers,1500.0403244587808,31.622776601683793
2024-09-05T01:40:00Z,Oakland Athletics,1499.5822466643065,31.622776601683793
2024-09-05T01:40:00Z,Seattle Mariners,1500.0142954880869,31.622776601683793
2024-09-05T01:45:00Z,San Francisco Giants,1499.8741207443113,31.622776601683793
2024-09-05T01:45:00Z,Arizona Diamondbacks,1500.4941175009315,31.622776601683793
2024-09-05T17:10:00Z,Cincinnati Reds,1499.8464387350841,31.622776601683793
2024-09-05T17:10:00Z,Houston Astros,1500.3168506321194,31.622776601683793
2024-09-05T17:10:00Z,Tampa Bay Rays,1499.9419960324626,31.622776601683793
2024-09-05T17:10:00Z,Minnesota Twins,1500.222412173755,31.622776601683793
2024-09-05T19:37:00Z,Oakland Athletics,1499.552906830806,31.622776601683793
2024-09-05T19:37:00Z,Seattle Mariners,1500.0436353215873,31.622776601683793
2024-09-05T19:45:00Z,San Francisco Giants,1499.8948627869147,31.622776601683793
2024-09-05T19:45:00Z,Arizona Diamondbacks,1500.473375458328,31.622776601683793
2024-09-05T22:40:00Z,Pittsburgh Pirates,1499.7812253999416,31.622776601683793
2024-09-05T22:40:00Z,Washington Nationals,1499.610986012564,31.622776601683793
2024-09-05T22:40:00Z,Miami Marlins,1499.146007034815,31.622776601683793
2024-09-05T22:40:00Z,Philadelphia Phillies,1500.6729300051602,31.622776601683793
2024-09-05T23:20:00Z,Atlanta Braves,1500.3335700943953,31.622776601683793
2024-09-05T23:20:00Z,Colorado Rockies,1499.1057120116059,31.622776601683793
2024-09-06T00:05:00Z,Texas Rangers,1499.9180548923412,31.622776601683793
2024-09-06T00:05:00Z,Los Angeles Angels,1499.397085970215,31.622776601683793
2024-09-06T00:40:00Z,San Diego Padres,1500.4360636693038,31.622776601683793
2024-09-06T00:40:00Z,Detroit Tigers,1500.0700368689763,31.622776601683793
2024-09-06T18:20:00Z,Chicago Cubs,1500.083003799832,31.622776601683793
2024-09-06T18:20:00Z,New York Yankees,1500.4716632013108,31.622776601683793
2024-09-06T22:10:00Z,Milwaukee Brewers,1500.5148823667987,31.622776601683793
2024-09-06T22:10:00Z,Colorado Rockies,1499.1358627364584,31.622776601683793
2024-09-06T23:05:00Z,Baltimore Orioles,1500.5155285936285,31.622776601683793
2024-09-06T23:05:00Z,Tampa Bay Rays,1499.921763849386,31.622776601683793
2024-09-06T23:10:00Z,New York Mets,1500.3367670926837,31.622776601683793
2024-09-06T23:10:00Z,Cincinnati Reds,1499.8261704818904,31.622776601683793
2024-09-06T23:10:00Z,Boston Red Sox,1499.9848210343691,31.622776601683793
2024-09-06T23:10:00Z,Chicago White Sox,1498.0646125834992,31.622776601683793
2024-09-06T23:10:00Z,Miami Marlins,1499.1171451793405,31.622776601683793
2024-09-06T23:10:00Z,Philadelphia Phillies,1500.7017918606348,31.622776601683793
2024-09-06T23:20:00Z,Atlanta Braves,1500.3538447036487,31.622776601683793
2024-09-06T23:20:00Z,Toronto Blue Jays,1499.8578996301133,31.622776601683793
2024-09-07T00:05:00Z,Texas Rangers,1499.8883010835382,31.622776601683793
2024-09-07T00:05:00Z,Los Angeles Angels,1499.4268397790179,31.622776601683793
2024-09-07T00:10:00Z,Houston Astros,1500.337390908318,31.622776601683793
2024-09-07T00:10:00Z,Arizona Diamondbacks,1500.4528351821295,31.622776601683793
2024-09-07T00:10:00Z,Kansas City Royals,1500.2559416329964,31.622776601683793
2024-09-07T00:10:00Z,Minnesota Twins,1500.2019456087426,31.622776601683793
2024-09-07T00:15:00Z,St. Louis Cardinals,1500.031336819513,31.622776601683793
2024-09-07T00:15:00Z,Seattle Mariners,1500.0731705699334,31.622776601683793
2024-09-07T01:40:00Z,Oakland Athletics,1499.57360405213,31.622776601683793
2024-09-07T01:40:00Z,Detroit Tigers,1500.0493396476525,31.622776601683793
2024-09-07T01:40:00Z,San Diego Padres,1500.4563010943948,31.622776601683793
2024-09-07T01:40:00Z,San Francisco Giants,1499.8746253618237,31.622776601683793
2024-09-07T02:10:00Z,Los Angeles Dodgers,1500.6540366925713,31.622776601683793
2024-09-07T02:10:00Z,Cleveland Guardians,1500.4789922173943,31.622776601683793
2024-09-07T17:35:00Z,Pittsburgh Pirates,1499.7516237054733,31.622776601683793
2024-09-07T17:35:00Z,Washington Nationals,1499.6405877070322,31.622776601683793
2024-09-07T18:20:00Z,Chicago Cubs,1500.0536450751847,31.622776601683793
2024-09-07T18:20:00Z,New York Yankees,1500.5010219259582,31.622776601683793
2024-09-07T20:05:00Z,Baltimore Orioles,1500.4857432483157,31.622776601683793
2024-09-07T20:05:00Z,Tampa Bay Rays,1499.9515491946988,31.622776601683793
2024-09-07T20:07:00Z,Oakland Athletics,1499.5442832433,31.622776601683793
2024-09-07T20:07:00Z,Detroit Tigers,1500.0786604564823,31.622776601683793
2024-09-07T20:10:00Z,Houston Astros,1500.3579133230576,31.622776601683793
2024-09-07T20:10:00Z,Arizona Diamondbacks,1500.43231276739,31.622776601683793
2024-09-07T20:10:00Z,New York Mets,1500.3570177783672,31.622776601683793
2024-09-07T20:10:00Z,Cincinnati Reds,1499.8059197962068,31.622776601683793
2024-09-07T20:10:00Z,Miami Marlins,1499.1383085895548,31.622776601683793
2024-09-07T20:10:00Z,Philadelphia Phillies,1500.6806284504205,31.622776601683793
2024-09-07T22:40:00Z,Pittsburgh Pirates,1499.7220477156714,31.622776601683793
2024-09-07T22:40:00Z,Washington Nationals,1499.6701636968342,31.622776601683793
2024-09-07T23:05:00Z,Texas Rangers,1499.908573063728,31.622776601683793
2024-09-07T23:05:00Z,Los Angeles Angels,1499.406567798828,31.622776601683793
2024-09-07T23:10:00Z,Milwaukee Brewers,1500.534757641088,31.622776601683793
2024-09-07T23:10:00Z,Colorado Rockies,1499.1159874621692,31.622776601683793
2024-09-07T23:15:00Z,St. Louis Cardinals,1500.051827238351,31.622776601683793
2024-09-07T23:15:00Z,Seattle Mariners,1500.0526801510953,31.622776601683793
2024-09-07T23:15:00Z,Kansas City Royals,1500.2763904160104,31.622776601683793
2024-09-07T23:15:00Z,Minnesota Twins,1500.1814968257286,31.622776601683793
2024-09-07T23:15:00Z,Boston Red Sox,1500.0044633047842,31.622776601683793
2024-09-07T23:15:00Z,Chicago White Sox,1498.0449703130841,31.622776601683793
2024-09-07T23:20:00Z,Atlanta Braves,1500.324101738502,31.622776601683793
2024-09-07T23:20:00Z,Toronto Blue Jays,1499.88764259526,31.622776601683793
2024-09-08T00:40:00Z,San Diego Padres,1500.4265209854088,31.622776601683793
2024-09-08T00:40:00Z,San Francisco Giants,1499.9044054708097,31.622776601683793
2024-09-08T01:10:00Z,Los Angeles Dodgers,1500.674432912198,31.622776601683793
2024-09-08T01:10:00Z,Cleveland Guardians,1500.4585959977676,31.622776601683793
2024-09-08T16:05:00Z,Baltimore Orioles,1500.4559837092181,31.622776601683793
2024-09-08T16:05:00Z,Tampa Bay Rays,1499.9813087337964,31.622776601683793
2024-09-08T17:35:00Z,Pittsburgh Pirates,1499.7424974160824,31.622776601683793
2024-09-08T17:35:00Z,Washington Nationals,1499.649713996423,31.622776601683793
2024-09-08T17:35:00Z,Atlanta Braves,1500.344384556405,31.622776601683793
2024-09-08T17:35:00Z,Toronto Blue Jays,1499.867359777357,31.622776601683793
2024-09-08T17:35:00Z,Boston Red Sox,1499.974088691019,31.622776601683793
2024-09-08T17:35:00Z,Chicago White Sox,1498.0753449268493,31.622776601683793
2024-09-08T17:40:00Z,New York Mets,1500.3272509155897,31.622776601683793
2024-09-08T17:40:00Z,Cincinnati Reds,1499.8356866589843,31.622776601683793
2024-09-08T17:40:00Z,Miami Marlins,1499.159453472685,31.622776601683793
2024-09-08T17:40:00Z,Philadelphia Phillies,1500.6594835672902,31.622776601683793
2024-09-08T18:10:00Z,Kansas City Royals,1500.2968214362168,31.622776601683793
2024-09-08T18:10:00Z,Minnesota Twins,1500.1610658055222,31.622776601683793
2024-09-08T18:10:00Z,Milwaukee Brewers,1500.504615775789,31.622776601683793
2024-09-08T18:10:00Z,Colorado Rockies,1499.146129327468,31.622776601683793
2024-09-08T18:15:00Z,St. Louis Cardinals,1500.0222998494605,31.622776601683793
2024-09-08T18:15:00Z,Seattle Mariners,1500.0822075399858,31.622776601683793
2024-09-08T18:20:00Z,Chicago Cubs,1500.0743119162546,31.622776601683793
2024-09-08T18:20:00Z,New York Yankees,1500.4803550848883,31.622776601683793
2024-09-08T18:35:00Z,Texas Rangers,1499.9288274723672,31.622776601683793
2024-09-08T18:35:00Z,Los Angeles Angels,1499.386313390189,31.622776601683793
2024-09-08T20:07:00Z,Oakland Athletics,1499.5149879780379,31.622776601683793
2024-09-08T20:07:00Z,Detroit Tigers,1500.1079557217445,31.622776601683793
2024-09-08T20:10:00Z,Los Angeles Dodgers,1500.694811425793,31.622776601683793
2024-09-08T20:10:00Z,Cleveland Guardians,1500.4382174841726,31.622776601683793
2024-09-08T20:10:00Z,San Diego Padres,1500.3967666797846,31.622776601683793
2024-09-08T20:10:00Z,San Francisco Giants,1499.934159776434,31.622776601683793
2024-09-08T23:10:00Z,Houston Astros,1500.3284178955796,31.622776601683793
2024-09-08T23:10:00Z,Arizona Diamondbacks,1500.461808194868,31.622776601683793
2024-09-09T22:40:00Z,Philadelphia Phillies,1500.6796616695221,31.622776601683793
2024-09-09T22:40:00Z,Tampa Bay Rays,1499.9611306315644,31.622776601683793
2024-09-09T22:40:00Z,Atlanta Braves,1500.3146360648582,31.622776601683793
2024-09-09T22:40:00Z,Cincinnati Reds,1499.865435150531,31.622776601683793
2024-09-09T22:40:00Z,Pittsburgh Pirates,1499.762716714442,31.622776601683793
2024-09-09T22:40:00Z,Miami Marlins,1499.1392341743256,31.622776601683793
2024-09-09T23:05:00Z,New York Yankees,1500.5007476194635,31.622776601683793
2024-09-09T23:05:00Z,Kansas City Royals,1500.2764289016416,31.622776601683793
2024-09-09T23:07:00Z,Toronto Blue Jays,1499.8380320681292,31.622776601683793
2024-09-09T23:07:00Z,New York Mets,1500.3565786248175,31.622776601683793
2024-09-09T23:10:00Z,Boston Red Sox,1499.9947705648149,31.622776601683793
2024-09-09T23:10:00Z,Baltimore Orioles,1500.4353018354223,31.622776601683793
2024-09-09T23:40:00Z,Minnesota Twins,1500.1312021070212,31.622776601683793
2024-09-09T23:40:00Z,Los Angeles Angels,1499.41617708869,31.622776601683793
2024-09-09T23:40:00Z,Chicago White Sox,1498.0468495665339,31.622776601683793
2024-09-09T23:40:00Z,Cleveland Guardians,1500.466712844488,31.622776601683793
2024-09-10T02:10:00Z,Los Angeles Dodgers,1500.6650145015979,31.622776601683793
2024-09-10T02:10:00Z,Chicago Cubs,1500.1041088404497,31.622776601683793
2024-09-10T22:40:00Z,Detroit Tigers,1500.1280111172277,31.622776601683793
2024-09-10T22:40:00Z,Colorado Rockies,1499.1260739319848,31.622776601683793
2024-09-10T22:40:00Z,Philadelphia Phillies,1500.6998223020798,31.622776601683793
2024-09-10T22:40:00Z,Tampa Bay Rays,1499.9409699990067,31.622776601683793
2024-09-10T22:40:00Z,Pittsburgh Pirates,1499.782918498394,31.622776601683793
2024-09-10T22:40:00Z,Miami Marlins,1499.1190323903734,31.622776601683793
2024-09-10T22:45:00Z,Washington Nationals,1499.6204756209404,31.622776601683793
2024-09-10T22:45:00Z,Atlanta Braves,1500.3438744403409,31.622776601683793
2024-09-10T23:05:00Z,New York Yankees,1500.4711224519901,31.622776601683793
2024-09-10T23:05:00Z,Kansas City Royals,1500.306054069115,31.622776601683793
2024-09-10T23:07:00Z,Toronto Blue Jays,1499.8587299065096,31.622776601683793
2024-09-10T23:07:00Z,New York Mets,1500.3358807864372,31.622776601683793
2024-09-10T23:10:00Z,Boston Red Sox,1499.9654344249234,31.622776601683793
2024-09-10T23:10:00Z,Baltimore Orioles,1500.4646379753137,31.622776601683793
2024-09-10T23:40:00Z,Minnesota Twins,1500.151364257136,31.622776601683793
2024-09-10T23:40:00Z,Los Angeles Angels,1499.396014938575,31.622776601683793
2024-09-10T23:40:00Z,Chicago White Sox,1498.0183792373768,31.622776601683793
2024-09-10T23:40:00Z,Cleveland Guardians,1500.495183173645,31.622776601683793
2024-09-10T23:45:00Z,St. Louis Cardinals,1499.9927039612644,31.622776601683793
2024-09-10T23:45:00Z,Cincinnati Reds,1499.8950310387272,31.622776601683793
2024-09-11T00:10:00Z,Houston Astros,1500.2985374628956,31.622776601683793
2024-09-11T00:10:00Z,Oakland Athletics,1499.5448684107218,31.622776601683793
2024-09-11T01:40:00Z,Seattle Mariners,1500.052816562465,31.622776601683793
2024-09-11T01:40:00Z,San Diego Padres,1500.4261576573053,31.622776601683793
2024-09-11T01:40:00Z,Arizona Diamondbacks,1500.4820491814755,31.622776601683793
2024-09-11T01:40:00Z,Texas Rangers,1499.9085864857595,31.622776601683793
2024-09-11T01:45:00Z,San Francisco Giants,1499.9048802302627,31.622776601683793
2024-09-11T01:45:00Z,Milwaukee Brewers,1500.5338953219602,31.622776601683793
2024-09-11T02:10:00Z,Los Angeles Dodgers,1500.6352433899187,31.622776601683793
2024-09-11T02:10:00Z,Chicago Cubs,1500.1338799521288,31.622776601683793
2024-09-11T16:35:00Z,Pittsburgh Pirates,1499.803102786952,31.622776601683793
2024-09-11T16:35:00Z,Miami Marlins,1499.0988481018155,31.622776601683793
2024-09-11T18:10:00Z,Chicago White Sox,1497.989933922961,31.622776601683793
2024-09-11T18:10:00Z,Cleveland Guardians,1500.523628488061,31.622776601683793
2024-09-11T19:07:00Z,Toronto Blue Jays,1499.8294097140742,31.622776601683793
2024-09-11T19:07:00Z,New York Mets,1500.3652009788725,31.622776601683793
2024-09-11T19:40:00Z,Arizona Diamondbacks,1500.5022726301424,31.622776601683793
2024-09-11T19:40:00Z,Texas Rangers,1499.8883630370926,31.622776601683793
2024-09-11T22:40:00Z,Detroit Tigers,1500.1480491765255,31.622776601683793
2024-09-11T22:40:00Z,Colorado Rockies,1499.106035872687,31.622776601683793
2024-09-11T22:40:00Z,Philadelphia Phillies,1500.7199654839458,31.622776601683793
2024-09-11T22:40:00Z,Tampa Bay Rays,1499.9208268171408,31.622776601683793
2024-09-11T22:45:00Z,Washington Nationals,1499.6412627404402,31.622776601683793
2024-09-11T22:45:00Z,Atlanta Braves,1500.323087320841,31.622776601683793
2024-09-11T23:05:00Z,New York Yankees,1500.4915230023307,31.622776601683793
2024-09-11T23:05:00Z,Kansas City Royals,1500.2856535187743,31.622776601683793
2024-09-11T23:10:00Z,Boston Red Sox,1499.9861238375709,31.622776601683793
2024-09-11T23:10:00Z,Baltimore Orioles,1500.4439485626663,31.622776601683793
2024-09-11T23:10:00Z,Minnesota Twins,1500.1715089549098,31.622776601683793
2024-09-11T23:10:00Z,Los Angeles Angels,1499.3758702408013,31.622776601683793
2024-09-11T23:45:00Z,St. Louis Cardinals,1500.0131337744751,31.622776601683793
2024-09-11T23:45:00Z,Cincinnati Reds,1499.8746012255165,31.622776601683793
2024-09-12T00:10:00Z,Houston Astros,1500.2686828878109,31.622776601683793
2024-09-12T00:10:00Z,Oakland Athletics,1499.5747229858066,31.622776601683793
2024-09-12T01:40:00Z,Seattle Mariners,1500.0734511694047,31.622776601683793
2024-09-12T01:40:00Z,San Diego Padres,1500.4055230503657,31.622776601683793
2024-09-12T01:45:00Z,San Francisco Giants,1499.9256262034128,31.622776601683793
2024-09-12T01:45:00Z,Milwaukee Brewers,1500.5131493488102,31.622776601683793
2024-09-12T02:10:00Z,Los Angeles Dodgers,1500.6554980766928,31.622776601683793
2024-09-12T02:10:00Z,Chicago Cubs,1500.1136252653548,31.622776601683793
2024-09-12T17:10:00Z,Detroit Tigers,1500.118069918527,31.622776601683793
2024-09-12T17:10:00Z,Colorado Rockies,1499.1360151306856,31.622776601683793
2024-09-12T17:15:00Z,St. Louis Cardinals,1500.0335458453599,31.622776601683793
2024-09-12T17:15:00Z,Cincinnati Reds,1499.8541891546317,31.622776601683793
2024-09-12T18:10:00Z,Houston Astros,1500.2888541564337,31.622776601683793
2024-09-12T18:10:00Z,Oakland Athletics,1499.5545517171838,31.622776601683793
2024-09-12T22:45:00Z,Washington Nationals,1499.611499639665,31.622776601683793
2024-09-12T22:45:00Z,Miami Marlins,1499.1286112025907,31.622776601683793
2024-09-12T23:15:00Z,Cleveland Guardians,1500.4938392286485,31.622776601683793
2024-09-12T23:15:00Z,Tampa Bay Rays,1499.9506160765532,31.622776601683793
2024-09-12T23:15:00Z,New York Yankees,1500.511775940244,31.622776601683793
2024-09-12T23:15:00Z,Boston Red Sox,1499.9658708996576,31.622776601683793
2024-09-13T01:40:00Z,Seattle Mariners,1500.0438430292145,31.622776601683793
2024-09-13T01:40:00Z,Texas Rangers,1499.9179711772829,31.622776601683793
2024-09-13T01:45:00Z,San Francisco Giants,1499.8963540941465,31.622776601683793
2024-09-13T01:45:00Z,Milwaukee Brewers,1500.5424214580764,31.622776601683793
2024-09-13T22:40:00Z,Detroit Tigers,1500.1386838671674,31.622776601683793
2024-09-13T22:40:00Z,Baltimore Orioles,1500.4233346140259,31.622776601683793
2024-09-13T22:40:00Z,Pittsburgh Pirates,1499.773784946337,31.622776601683793
2024-09-13T22:40:00Z,Kansas City Royals,1500.3149713593893,31.622776601683793
2024-09-13T22:40:00Z,Philadelphia Phillies,1500.6902837241794,31.622776601683793
2024-09-13T22:40:00Z,New York Mets,1500.394882738639,31.622776601683793
2024-09-13T22:45:00Z,Washington Nationals,1499.6317623329662,31.622776601683793
2024-09-13T22:45:00Z,Miami Marlins,1499.1083485092895,31.622776601683793
2024-09-13T23:05:00Z,New York Yankees,1500.5320113272535,31.622776601683793
2024-09-13T23:05:00Z,Boston Red Sox,1499.945635512648,31.622776601683793
2024-09-13T23:07:00Z,Toronto Blue Jays,1499.8499706958728,31.622776601683793
2024-09-13T23:07:00Z,St. Louis Cardinals,1500.0129848635613,31.622776601683793
2024-09-13T23:10:00Z,Cleveland Guardians,1500.4640757775826,31.622776601683793
2024-09-13T23:10:00Z,Tampa Bay Rays,1499.980379527619,31.622776601683793
2024-09-13T23:20:00Z,Atlanta Braves,1500.343704112332,31.622776601683793
2024-09-13T23:20:00Z,Los Angeles Dodgers,1500.6348812852018,31.622776601683793
2024-09-13T23:40:00Z,Chicago White Sox,1497.961088565807,31.622776601683793
2024-09-13T23:40:00Z,Oakland Athletics,1499.5833970743379,31.622776601683793
2024-09-14T00:10:00Z,Minnesota Twins,1500.1418434360855,31.622776601683793
2024-09-14T00:10:00Z,Cincinnati Reds,1499.883854673456,31.622776601683793
2024-09-14T00:40:00Z,Colorado Rockies,1499.156913164412,31.622776601683793
2024-09-14T00:40:00Z,Chicago Cubs,1500.0927272316285,31.622776601683793
2024-09-14T01:38:00Z,Los Angeles Angels,1499.3467400651214,31.622776601683793
2024-09-14T01:38:00Z,Houston Astros,1500.3179843321136,31.622776601683793
2024-09-14T01:40:00Z,Arizona Diamondbacks,1500.4727623167444,31.622776601683793
2024-09-14T01:40:00Z,Milwaukee Brewers,1500.5719317714745,31.622776601683793
2024-09-14T02:10:00Z,Seattle Mariners,1500.0642605973057,31.622776601683793
2024-09-14T02:10:00Z,Texas Rangers,1499.8975536091916,31.622776601683793
2024-09-14T02:15:00Z,San Francisco Giants,1499.8670478475842,31.622776601683793
2024-09-14T02:15:00Z,San Diego Padres,1500.434829296928,31.622776601683793
2024-09-14T17:05:00Z,Pittsburgh Pirates,1499.7444926475505,31.622776601683793
2024-09-14T17:05:00Z,Kansas City Royals,1500.3442636581758,31.622776601683793
2024-09-14T17:05:00Z,New York Yankees,1500.5022291823973,31.622776601683793
2024-09-14T17:05:00Z,Boston Red Sox,1499.9754176575043,31.622776601683793
2024-09-14T19:07:00Z,Toronto Blue Jays,1499.870513793918,31.622776601683793
2024-09-14T19:07:00Z,St. Louis Cardinals,1499.992441765516,31.622776601683793
2024-09-14T20:05:00Z,Philadelphia Phillies,1500.7106277137225,31.622776601683793
2024-09-14T20:05:00Z,New York Mets,1500.3745387490958,31.622776601683793
2024-09-14T20:05:00Z,Washington Nationals,1499.6520074647854,31.622776601683793
2024-09-14T20:05:00Z,Miami Marlins,1499.0881033774704,31.622776601683793
2024-09-14T22:10:00Z,Detroit Tigers,1500.1092798750767,31.622776601683793
2024-09-14T22:10:00Z,Baltimore Orioles,1500.4527386061166,31.622776601683793
2024-09-14T22:10:00Z,Cleveland Guardians,1500.4843381207847,31.622776601683793
2024-09-14T22:10:00Z,Tampa Bay Rays,1499.960117184417,31.622776601683793
2024-09-14T23:10:00Z,Minnesota Twins,1500.1122036575616,31.622776601683793
2024-09-14T23:10:00Z,Cincinnati Reds,1499.91349445198,31.622776601683793
2024-09-14T23:10:00Z,Chicago White Sox,1497.9822684640217,31.622776601683793
2024-09-14T23:10:00Z,Oakland Athletics,1499.562217176123,31.622776601683793
2024-09-14T23:20:00Z,Atlanta Braves,1500.364302960036,31.622776601683793
2024-09-14T23:20:00Z,Los Angeles Dodgers,1500.6142824374979,31.622776601683793
2024-09-15T00:10:00Z,Colorado Rockies,1499.1777929531468,31.622776601683793
2024-09-15T00:10:00Z,Chicago Cubs,1500.0718474428936,31.622776601683793
2024-09-15T00:10:00Z,Arizona Diamondbacks,1500.4432776563638,31.622776601683793
2024-09-15T00:10:00Z,Milwaukee Brewers,1500.6014164318551,31.622776601683793
2024-09-15T01:05:00Z,San Francisco Giants,1499.8377671360495,31.622776601683793
2024-09-15T01:05:00Z,San Diego Padres,1500.4641100084627,31.622776601683793
2024-09-15T01:38:00Z,Los Angeles Angels,1499.3176353197646,31.622776601683793
2024-09-15T01:38:00Z,Houston Astros,1500.3470890774704,31.622776601683793
2024-09-15T01:40:00Z,Seattle Mariners,1500.0846604362973,31.622776601683793
2024-09-15T01:40:00Z,Texas Rangers,1499.8771537702,31.622776601683793
2024-09-15T16:10:00Z,Detroit Tigers,1500.1299014749836,31.622776601683793
2024-09-15T16:10:00Z,Baltimore Orioles,1500.4321170062096,31.622776601683793
2024-09-15T17:05:00Z,Minnesota Twins,1500.1325896050105,31.622776601683793
2024-09-15T17:05:00Z,Cincinnati Reds,1499.893108504531,31.622776601683793
2024-09-15T17:35:00Z,Pittsburgh Pirates,1499.7652258755948,31.622776601683793
2024-09-15T17:35:00Z,Kansas City Royals,1500.3235304301315,31.622776601683793
2024-09-15T17:35:00Z,Philadelphia Phillies,1500.7309540537212,31.622776601683793
2024-09-15T17:35:00Z,New York Mets,1500.354212409097,31.622776601683793
2024-09-15T17:35:00Z,Washington Nationals,1499.6722350541672,31.622776601683793
2024-09-15T17:35:00Z,Miami Marlins,1499.0678757880885,31.622776601683793
2024-09-15T17:35:00Z,New York Yankees,1500.5224728420126,31.622776601683793
2024-09-15T17:35:00Z,Boston Red Sox,1499.955173997889,31.622776601683793
2024-09-15T17:37:00Z,Toronto Blue Jays,1499.8910390274652,31.622776601683793
2024-09-15T17:37:00Z,St. Louis Cardinals,1499.9719165319689,31.622776601683793
2024-09-15T17:40:00Z,Cleveland Guardians,1500.5045829028843,31.622776601683793
2024-09-15T17:40:00Z,Tampa Bay Rays,1499.9398724023174,31.622776601683793
2024-09-15T18:10:00Z,Chicago White Sox,1498.0034298176965,31.622776601683793
2024-09-15T18:10:00Z,Oakland Athletics,1499.5410558224482,31.622776601683793
2024-09-15T19:10:00Z,Colorado Rockies,1499.1486545163614,31.622776601683793
2024-09-15T19:10:00Z,Chicago Cubs,1500.100985879679,31.622776601683793
2024-09-15T20:05:00Z,San Francisco Giants,1499.8085119445232,31.622776601683793
2024-09-15T20:05:00Z,San Diego Padres,1500.493365199989,31.622776601683793
2024-09-15T20:07:00Z,Los Angeles Angels,1499.2885559893887,31.622776601683793
2024-09-15T20:07:00Z,Houston Astros,1500.3761684078463,31.622776601683793
2024-09-15T20:10:00Z,Seattle Mariners,1500.1050425653452,31.622776601683793
2024-09-15T20:10:00Z,Texas Rangers,1499.8567716411521,31.622776601683793
2024-09-15T20:10:00Z,Arizona Diamondbacks,1500.4638186343689,31.622776601683793
2024-09-15T20:10:00Z,Milwaukee Brewers,1500.58087545385,31.622776601683793
2024-09-15T23:10:00Z,Atlanta Braves,1500.3348838832453,31.622776601683793
2024-09-15T23:10:00Z,Los Angeles Dodgers,1500.6437015142885,31.622776601683793
2024-09-16T22:40:00Z,Cleveland Guardians,1500.5248936715316,31.622776601683793
2024-09-16T22:40:00Z,Minnesota Twins,1500.1122788363632,31.622776601683793
2024-09-16T23:10:00Z,New York Mets,1500.3743888651024,31.622776601683793
2024-09-16T23:10:00Z,Washington Nationals,1499.6520585981618,31.622776601683793
2024-09-16T23:20:00Z,Atlanta Braves,1500.30549040717,31.622776601683793
2024-09-16T23:20:00Z,Los Angeles Dodgers,1500.6730949903638,31.622776601683793
2024-09-16T23:40:00Z,Kansas City Royals,1500.293918582664,31.622776601683793
2024-09-16T23:40:00Z,Detroit Tigers,1500.1595133224512,31.622776601683793
2024-09-16T23:40:00Z,Chicago Cubs,1500.121215190643,31.622776601683793
2024-09-16T23:40:00Z,Oakland Athletics,1499.5208265114843,31.622776601683793
2024-09-16T23:40:00Z,Milwaukee Brewers,1500.6014129270416,31.622776601683793
2024-09-16T23:40:00Z,Philadelphia Phillies,1500.7104165805297,31.622776601683793
2024-09-16T23:45:00Z,St. Louis Cardinals,1499.9922990151858,31.622776601683793
2024-09-16T23:45:00Z,Pittsburgh Pirates,1499.7448433923778,31.622776601683793
2024-09-17T00:40:00Z,Colorado Rockies,1499.1697000286708,31.622776601683793
2024-09-17T00:40:00Z,Arizona Diamondbacks,1500.4427731220594,31.622776601683793
2024-09-17T01:38:00Z,Los Angeles Angels,1499.2584717642287,31.622776601683793
2024-09-17T01:38:00Z,Chicago White Sox,1498.0335140428565,31.622776601683793
2024-09-17T01:40:00Z,San Diego Padres,1500.513786534953,31.622776601683793
2024-09-17T01:40:00Z,Houston Astros,1500.3557470728824,31.622776601683793
2024-09-17T22:35:00Z,Baltimore Orioles,1500.4023187371022,31.622776601683793
2024-09-17T22:35:00Z,San Francisco Giants,1499.8383102136306,31.622776601683793
2024-09-17T22:40:00Z,Cleveland Guardians,1500.4951868266,31.622776601683793
2024-09-17T22:40:00Z,Minnesota Twins,1500.1419856812947,31.622776601683793
2024-09-17T22:40:00Z,Cincinnati Reds,1499.9137601078294,31.622776601683793
2024-09-17T22:40:00Z,Atlanta Braves,1500.2848388038717,31.622776601683793
2024-09-17T22:40:00Z,Miami Marlins,1499.0890482044304,31.622776601683793
2024-09-17T22:40:00Z,Los Angeles Dodgers,1500.651922574022,31.622776601683793
2024-09-17T22:50:00Z,Tampa Bay Rays,1499.960351291502,31.622776601683793
2024-09-17T22:50:00Z,Boston Red Sox,1499.9346951087043,31.622776601683793
2024-09-17T23:10:00Z,New York Mets,1500.3945478532223,31.622776601683793
2024-09-17T23:10:00Z,Washington Nationals,1499.631899610042,31.622776601683793
2024-09-17T23:40:00Z,Kansas City Royals,1500.2643324455557,31.622776601683793
2024-09-17T23:40:00Z,Detroit Tigers,1500.1890994595594,31.622776601683793
2024-09-17T23:40:00Z,Chicago Cubs,1500.0914269763337,31.622776601683793
2024-09-17T23:40:00Z,Oakland Athletics,1499.5506147257936,31.622776601683793
2024-09-17T23:40:00Z,Milwaukee Brewers,1500.571932541793,31.622776601683793
2024-09-17T23:40:00Z,Philadelphia Phillies,1500.7398969657781,31.622776601683793
2024-09-17T23:45:00Z,St. Louis Cardinals,1500.0126638072204,31.622776601683793
2024-09-17T23:45:00Z,Pittsburgh Pirates,1499.7244786003432,31.622776601683793
2024-09-18T00:05:00Z,Texas Rangers,1499.8772587718374,31.622776601683793
2024-09-18T00:05:00Z,Toronto Blue Jays,1499.87055189678,31.622776601683793
2024-09-18T00:40:00Z,Colorado Rockies,1499.1907271389587,31.622776601683793
2024-09-18T00:40:00Z,Arizona Diamondbacks,1500.4217460117716,31.622776601683793
2024-09-18T01:38:00Z,Los Angeles Angels,1499.2784135040124,31.622776601683793
2024-09-18T01:38:00Z,Chicago White Sox,1498.0135723030728,31.622776601683793
2024-09-18T01:40:00Z,San Diego Padres,1500.4841901367479,31.622776601683793
2024-09-18T01:40:00Z,Houston Astros,1500.3853434710875,31.622776601683793
2024-09-18T01:40:00Z,Seattle Mariners,1500.0756963666843,31.622776601683793
2024-09-18T01:40:00Z,New York Yankees,1500.5518190406735,31.622776601683793
2024-09-18T18:20:00Z,Chicago Cubs,1500.061664569802,31.622776601683793
2024-09-18T18:20:00Z,Oakland Athletics,1499.5803771323253,31.622776601683793
2024-09-18T19:10:00Z,Colorado Rockies,1499.1617358667831,31.622776601683793
2024-09-18T19:10:00Z,Arizona Diamondbacks,1500.450737283947,31.622776601683793
2024-09-18T20:07:00Z,Los Angeles Angels,1499.2983380315748,31.622776601683793
2024-09-18T20:07:00Z,Chicago White Sox,1497.9936477755105,31.622776601683793
2024-09-18T22:35:00Z,Baltimore Orioles,1500.372546281242,31.622776601683793
2024-09-18T22:35:00Z,San Francisco Giants,1499.8680826694908,31.622776601683793
2024-09-18T22:40:00Z,San Diego Padres,1500.5046194402362,31.622776601683793
2024-09-18T22:40:00Z,Houston Astros,1500.3649141675992,31.622776601683793
2024-09-18T22:40:00Z,Cleveland Guardians,1500.5155057448474,31.622776601683793
2024-09-18T22:40:00Z,Minnesota Twins,1500.1216667630474,31.622776601683793
2024-09-18T22:40:00Z,Cincinnati Reds,1499.884393729937,31.622776601683793
2024-09-18T22:40:00Z,Atlanta Braves,1500.314205181764,31.622776601683793
2024-09-18T22:40:00Z,Miami Marlins,1499.0602020841523,31.622776601683793
2024-09-18T22:40:00Z,Los Angeles Dodgers,1500.6807686943,31.622776601683793
2024-09-18T22:50:00Z,Tampa Bay Rays,1499.9308123853928,31.622776601683793
2024-09-18T22:50:00Z,Boston Red Sox,1499.9642340148137,31.622776601683793
2024-09-18T23:10:00Z,New York Mets,1500.4146893924376,31.622776601683793
2024-09-18T23:10:00Z,Washington Nationals,1499.6117580708267,31.622776601683793
2024-09-18T23:40:00Z,Kansas City Royals,1500.234772004373,31.622776601683793
2024-09-18T23:40:00Z,Detroit Tigers,1500.218659900742,31.622776601683793
2024-09-18T23:40:00Z,Milwaukee Brewers,1500.5924777924863,31.622776601683793
2024-09-18T23:40:00Z,Philadelphia Phillies,1500.719351715085,31.622776601683793
2024-09-18T23:45:00Z,St. Louis Cardinals,1500.033010927204,31.622776601683793
2024-09-18T23:45:00Z,Pittsburgh Pirates,1499.7041314803596,31.622776601683793
2024-09-19T00:05:00Z,Texas Rangers,1499.89772809834,31.622776601683793
2024-09-19T00:05:00Z,Toronto Blue Jays,1499.8500825702774,31.622776601683793
2024-09-19T01:40:00Z,Seattle Mariners,1500.046375726437,31.622776601683793
2024-09-19T01:40:00Z,New York Yankees,1500.5811396809208,31.622776601683793
2024-09-19T17:05:00Z,Baltimore Orioles,1500.3927996245689,31.622776601683793
2024-09-19T17:05:00Z,San Francisco Giants,1499.847829326164,31.622776601683793
2024-09-19T17:10:00Z,Cleveland Guardians,1500.53580704069,31.622776601683793
2024-09-19T17:10:00Z,Minnesota Twins,1500.1013654672047,31.622776601683793
2024-09-19T17:10:00Z,Cincinnati Reds,1499.8550529222177,31.622776601683793
2024-09-19T17:10:00Z,Atlanta Braves,1500.3435459894833,31.622776601683793
2024-09-19T18:35:00Z,Texas Rangers,1499.8681796398646,31.622776601683793
2024-09-19T18:35:00Z,Toronto Blue Jays,1499.8796310287528,31.622776601683793
2024-09-19T20:10:00Z,Seattle Mariners,1500.0670806296587,31.622776601683793
2024-09-19T20:10:00Z,New York Yankees,1500.5604347776991,31.622776601683793
2024-09-19T20:40:00Z,Miami Marlins,1499.0313812197207,31.622776601683793
2024-09-19T20:40:00Z,Los Angeles Dodgers,1500.7095895587315,31.622776601683793
2024-09-19T22:50:00Z,Tampa Bay Rays,1499.9512991485412,31.622776601683793
2024-09-19T22:50:00Z,Boston Red Sox,1499.9437472516652,31.622776601683793
2024-09-19T23:15:00Z,St. Louis Cardinals,1500.0033403942557,31.622776601683793
2024-09-19T23:15:00Z,Pittsburgh Pirates,1499.733802013308,31.622776601683793
2024-09-19T23:15:00Z,New York Mets,1500.4352941081252,31.622776601683793
2024-09-19T23:15:00Z,Philadelphia Phillies,1500.6987469993974,31.622776601683793
2024-09-19T23:15:00Z,Milwaukee Brewers,1500.5628884705495,31.622776601683793
2024-09-19T23:15:00Z,Arizona Diamondbacks,1500.4803266058839,31.622776601683793
2024-09-19T23:40:00Z,Chicago Cubs,1500.0819415584854,31.622776601683793
2024-09-19T23:40:00Z,Washington Nationals,1499.5914810821432,31.622776601683793
2024-09-20T00:10:00Z,Houston Astros,1500.3849242976862,31.622776601683793
2024-09-20T00:10:00Z,Los Angeles Angels,1499.2783279014877,31.622776601683793
2024-09-20T18:20:00Z,Chicago Cubs,1500.1022009701894,31.622776601683793
2024-09-20T18:20:00Z,Washington Nationals,1499.5712216704392,31.622776601683793
2024-09-20T22:40:00Z,Cincinnati Reds,1499.8754724967876,31.622776601683793
2024-09-20T22:40:00Z,Pittsburgh Pirates,1499.713382438738,31.622776601683793
2024-09-20T22:50:00Z,Tampa Bay Rays,1499.9717402556746,31.622776601683793
2024-09-20T22:50:00Z,Toronto Blue Jays,1499.8591899216194,31.622776601683793
2024-09-20T23:05:00Z,Baltimore Orioles,1500.4131962369472,31.622776601683793
2024-09-20T23:05:00Z,Detroit Tigers,1500.1982632883637,31.622776601683793
2024-09-20T23:10:00Z,Boston Red Sox,1499.9142880033103,31.622776601683793
2024-09-20T23:10:00Z,Minnesota Twins,1500.1308247155596,31.622776601683793
2024-09-20T23:10:00Z,New York Mets,1500.405880893008,31.622776601683793
2024-09-20T23:10:00Z,Philadelphia Phillies,1500.7281602145144,31.622776601683793
2024-09-20T23:10:00Z,Miami Marlins,1499.0524254206132,31.622776601683793
2024-09-20T23:10:00Z,Atlanta Braves,1500.322501788591,31.622776601683793
2024-09-21T00:05:00Z,Texas Rangers,1499.8387383447189,31.622776601683793
2024-09-21T00:05:00Z,Seattle Mariners,1500.0965219248044,31.622776601683793
2024-09-21T00:10:00Z,Houston Astros,1500.4049171409222,31.622776601683793
2024-09-21T00:10:00Z,Los Angeles Angels,1499.2583350582518,31.622776601683793
2024-09-21T00:10:00Z,Kansas City Royals,1500.2050762904973,31.622776601683793
2024-09-21T00:10:00Z,San Francisco Giants,1499.8775250400397,31.622776601683793
2024-09-21T00:10:00Z,Milwaukee Brewers,1500.5333248463296,31.622776601683793
2024-09-21T00:10:00Z,Arizona Diamondbacks,1500.5098902301038,31.622776601683793
2024-09-21T00:15:00Z,St. Louis Cardinals,1499.9740442966593,31.622776601683793
2024-09-21T00:15:00Z,Cleveland Guardians,1500.5651031382865,31.622776601683793
2024-09-21T01:40:00Z,San Diego Padres,1500.5240082378843,31.622776601683793
2024-09-21T01:40:00Z,Chicago White Sox,1497.9742589778623,31.622776601683793
2024-09-21T01:40:00Z,Oakland Athletics,1499.5512762345588,31.622776601683793
2024-09-21T01:40:00Z,New York Yankees,1500.5895356754656,31.622776601683793
2024-09-21T02:10:00Z,Los Angeles Dodgers,1500.729392062828,31.622776601683793
2024-09-21T02:10:00Z,Colorado Rockies,1499.1419333626866,31.622776601683793
2024-09-21T17:10:00Z,Cincinnati Reds,1499.8958743400901,31.622776601683793
2024-09-21T17:10:00Z,Pittsburgh Pirates,1499.6929805954355,31.622776601683793
2024-09-21T18:20:00Z,Chicago Cubs,1500.0724428239694,31.622776601683793
2024-09-21T18:20:00Z,Washington Nationals,1499.6009798166592,31.622776601683793
2024-09-21T20:05:00Z,Baltimore Orioles,1500.3835751428694,31.622776601683793
2024-09-21T20:05:00Z,Detroit Tigers,1500.2278843824415,31.622776601683793
2024-09-21T20:10:00Z,Tampa Bay Rays,1499.9921636082868,31.622776601683793
2024-09-21T20:10:00Z,Toronto Blue Jays,1499.8387665690072,31.622776601683793
2024-09-21T20:10:00Z,New York Mets,1500.426493275221,31.622776601683793
2024-09-21T20:10:00Z,Philadelphia Phillies,1500.7075478323015,31.622776601683793
2024-09-21T20:10:00Z,Miami Marlins,1499.0234512208774,31.622776601683793
2024-09-21T20:10:00Z,Atlanta Braves,1500.3514759883267,31.622776601683793
2024-09-21T21:10:00Z,Kansas City Royals,1500.1754063336532,31.622776601683793
2024-09-21T21:10:00Z,San Francisco Giants,1499.9071949968838,31.622776601683793
2024-09-21T23:05:00Z,Texas Rangers,1499.8093226630926,31.622776601683793
2024-09-21T23:05:00Z,Seattle Mariners,1500.1259376064306,31.622776601683793
2024-09-21T23:10:00Z,Houston Astros,1500.424892716161,31.622776601683793
2024-09-21T23:10:00Z,Los Angeles Angels,1499.238359483013,31.622776601683793
2024-09-21T23:10:00Z,Milwaukee Brewers,1500.5037869053485,31.622776601683793
2024-09-21T23:10:00Z,Arizona Diamondbacks,1500.5394281710849,31.622776601683793
2024-09-21T23:15:00Z,St. Louis Cardinals,1499.994773728128,31.622776601683793
2024-09-21T23:15:00Z,Cleveland Guardians,1500.5443737068179,31.622776601683793
2024-09-22T00:40:00Z,San Diego Padres,1500.543380430508,31.622776601683793
2024-09-22T00:40:00Z,Chicago White Sox,1497.9548867852386,31.622776601683793
2024-09-22T01:07:00Z,Oakland Athletics,1499.5222007494472,31.622776601683793
2024-09-22T01:07:00Z,New York Yankees,1500.6186111605773,31.622776601683793
2024-09-22T01:10:00Z,Los Angeles Dodgers,1500.6991775069746,31.622776601683793
2024-09-22T01:10:00Z,Colorado Rockies,1499.17214791854,31.622776601683793
2024-09-22T16:35:00Z,Boston Red Sox,1499.9348543787896,31.622776601683793
2024-09-22T16:35:00Z,Minnesota Twins,1500.1102583400802,31.622776601683793
2024-09-22T17:10:00Z,Cincinnati Reds,1499.8662584712831,31.622776601683793
2024-09-22T17:10:00Z,Pittsburgh Pirates,1499.7225964642425,31.622776601683793
2024-09-22T17:35:00Z,Baltimore Orioles,1500.3539797643275,31.622776601683793
2024-09-22T17:35:00Z,Detroit Tigers,1500.2574797609834,31.622776601683793
2024-09-22T17:40:00Z,Tampa Bay Rays,1500.0125692255508,31.622776601683793
2024-09-22T17:40:00Z,Toronto Blue Jays,1499.8183609517432,31.622776601683793
2024-09-22T17:40:00Z,Miami Marlins,1498.9945023564999,31.622776601683793
2024-09-22T17:40:00Z,Atlanta Braves,1500.3804248527042,31.622776601683793
2024-09-22T18:10:00Z,Houston Astros,1500.3948510422422,31.622776601683793
2024-09-22T18:10:00Z,Los Angeles Angels,1499.2684011569318,31.622776601683793
2024-09-22T18:10:00Z,Kansas City Royals,1500.1457621195736,31.622776601683793
2024-09-22T18:10:00Z,San Francisco Giants,1499.9368392109634,31.622776601683793
2024-09-22T18:10:00Z,Milwaukee Brewers,1500.524274633078,31.622776601683793
2024-09-22T18:10:00Z,Arizona Diamondbacks,1500.5189404433554,31.622776601683793
2024-09-22T18:15:00Z,St. Louis Cardinals,1500.0154850949057,31.622776601683793
2024-09-22T18:15:00Z,Cleveland Guardians,1500.5236623400401,31.622776601683793
2024-09-22T18:20:00Z,Chicago Cubs,1500.0927104691161,31.622776601683793
2024-09-22T18:20:00Z,Washington Nationals,1499.5807121715125,31.622776601683793
2024-09-22T18:35:00Z,Texas Rangers,1499.8299325802213,31.622776601683793
2024-09-22T18:35:00Z,Seattle Mariners,1500.105327689302,31.622776601683793
2024-09-22T20:07:00Z,Oakland Athletics,1499.4931506615953,31.622776601683793
2024-09-22T20:07:00Z,New York Yankees,1500.6476612484291,31.622776601683793
2024-09-22T20:10:00Z,Los Angeles Dodgers,1500.7189889827007,31.622776601683793
2024-09-22T20:10:00Z,Colorado Rockies,1499.152336442814,31.622776601683793
2024-09-22T20:10:00Z,San Diego Padres,1500.5627360364401,31.622776601683793
2024-09-22T20:10:00Z,Chicago White Sox,1497.9355311793065,31.622776601683793
2024-09-22T21:35:00Z,Boston Red Sox,1499.95540286471,31.622776601683793
2024-09-22T21:35:00Z,Minnesota Twins,1500.0897098541598,31.622776601683793
2024-09-22T23:15:00Z,New York Mets,1500.4470877183867,31.622776601683793
2024-09-22T23:15:00Z,Philadelphia Phillies,1500.6869533891359,31.622776601683793
2024-09-23T22:40:00Z,Philadelphia Phillies,1500.7071678367092,31.622776601683793
2024-09-23T22:40:00Z,Chicago Cubs,1500.0724960215427,31.622776601683793
2024-09-23T23:07:00Z,Toronto Blue Jays,1499.7888927564823,31.622776601683793
2024-09-23T23:07:00Z,Boston Red Sox,1499.984871059971,31.622776601683793
2024-09-24T00:10:00Z,Houston Astros,1500.3651975816854,31.622776601683793
2024-09-24T00:10:00Z,Seattle Mariners,1500.1349811498587,31.622776601683793
2024-09-24T01:40:00Z,Arizona Diamondbacks,1500.4891601500592,31.622776601683793
2024-09-24T01:40:00Z,San Francisco Giants,1499.9666195042596,31.622776601683793
2024-09-24T17:10:00Z,Detroit Tigers,1500.2778456574245,31.622776601683793
2024-09-24T17:10:00Z,Tampa Bay Rays,1499.9922033291098,31.622776601683793
2024-09-24T22:40:00Z,Cleveland Guardians,1500.5438494352527,31.622776601683793
2024-09-24T22:40:00Z,Cincinnati Reds,1499.8460713760705,31.622776601683793
2024-09-24T22:40:00Z,Philadelphia Phillies,1500.6773647751404,31.622776601683793
2024-09-24T22:40:00Z,Chicago Cubs,1500.1022990831116,31.622776601683793
2024-09-24T22:40:00Z,Pittsburgh Pirates,1499.6934177234577,31.622776601683793
2024-09-24T22:40:00Z,Milwaukee Brewers,1500.5534533738628,31.622776601683793
2024-09-24T22:45:00Z,Washington Nationals,1499.551430269815,31.622776601683793
2024-09-24T22:45:00Z,Kansas City Royals,1500.175044021271,31.622776601683793
2024-09-24T23:05:00Z,New York Yankees,1500.6180059839373,31.622776601683793
2024-09-24T23:05:00Z,Baltimore Orioles,1500.3836350288193,31.622776601683793
2024-09-24T23:07:00Z,Toronto Blue Jays,1499.7594501901851,31.622776601683793
2024-09-24T23:07:00Z,Boston Red Sox,1500.0143136262682,31.622776601683793
2024-09-24T23:20:00Z,Atlanta Braves,1500.4009260625462,31.622776601683793
2024-09-24T23:20:00Z,New York Mets,1500.4265865085447,31.622776601683793
2024-09-24T23:40:00Z,Chicago White Sox,1497.9565844335784,31.622776601683793
2024-09-24T23:40:00Z,Los Angeles Angels,1499.2473479026598,31.622776601683793
2024-09-24T23:40:00Z,Minnesota Twins,1500.05970761646,31.622776601683793
2024-09-24T23:40:00Z,Miami Marlins,1499.0245045941997,31.622776601683793
2024-09-25T00:10:00Z,Houston Astros,1500.3855698547243,31.622776601683793
2024-09-25T00:10:00Z,Seattle Mariners,1500.1146088768198,31.622776601683793
2024-09-25T00:40:00Z,Colorado Rockies,1499.123184519796,31.622776601683793
2024-09-25T00:40:00Z,St. Louis Cardinals,1500.0446370179236,31.622776601683793
2024-09-25T01:40:00Z,Arizona Diamondbacks,1500.4594056602255,31.622776601683793
2024-09-25T01:40:00Z,San Francisco Giants,1499.9963739940933,31.622776601683793
2024-09-25T01:40:00Z,Oakland Athletics,1499.5137693555182,31.622776601683793
2024-09-25T01:40:00Z,Texas Rangers,1499.8093138862985,31.622776601683793
2024-09-25T02:10:00Z,Los Angeles Dodgers,1500.689393360091,31.622776601683793
2024-09-25T02:10:00Z,San Diego Padres,1500.59233165905,31.622776601683793
2024-09-25T18:10:00Z,Houston Astros,1500.3559244476212,31.622776601683793
2024-09-25T18:10:00Z,Seattle Mariners,1500.144254283923,31.622776601683793
2024-09-25T22:05:00Z,Philadelphia Phillies,1500.6975875294227,31.622776601683793
2024-09-25T22:05:00Z,Chicago Cubs,1500.0820763288293,31.622776601683793
2024-09-25T22:40:00Z,Cleveland Guardians,1500.5640190510226,31.622776601683793
2024-09-25T22:40:00Z,Cincinnati Reds,1499.8259017603007,31.622776601683793
2024-09-25T22:40:00Z,Detroit Tigers,1500.2981938806201,31.622776601683793
2024-09-25T22:40:00Z,Tampa Bay Rays,1499.971855105914,31.622776601683793
2024-09-25T22:40:00Z,Pittsburgh Pirates,1499.7142644421424,31.622776601683793
2024-09-25T22:40:00Z,Milwaukee Brewers,1500.5326066551781,31.622776601683793
2024-09-25T22:45:00Z,Washington Nationals,1499.5221738888272,31.622776601683793
2024-09-25T22:45:00Z,Kansas City Royals,1500.204300402259,31.622776601683793
2024-09-25T23:05:00Z,New York Yankees,1500.5883764540451,31.622776601683793
2024-09-25T23:05:00Z,Baltimore Orioles,1500.4132645587115,31.622776601683793
2024-09-25T23:07:00Z,Toronto Blue Jays,1499.7800332381387,31.622776601683793
2024-09-25T23:07:00Z,Boston Red Sox,1499.9937305783146,31.622776601683793
2024-09-25T23:40:00Z,Chicago White Sox,1497.9776192776033,31.622776601683793
2024-09-25T23:40:00Z,Los Angeles Angels,1499.226313058635,31.622776601683793
2024-09-25T23:40:00Z,Minnesota Twins,1500.0797313009773,31.622776601683793
2024-09-25T23:40:00Z,Miami Marlins,1499.0044809096823,31.622776601683793
2024-09-26T00:40:00Z,Colorado Rockies,1499.0940580401777,31.622776601683793
2024-09-26T00:40:00Z,St. Louis Cardinals,1500.073763497542,31.622776601683793
2024-09-26T01:40:00Z,Arizona Diamondbacks,1500.4796769597572,31.622776601683793
2024-09-26T01:40:00Z,San Francisco Giants,1499.9761026945616,31.622776601683793
2024-09-26T01:40:00Z,Oakland Athletics,1499.484370103609,31.622776601683793
2024-09-26T01:40:00Z,Texas Rangers,1499.8387131382076,31.622776601683793
2024-09-26T02:10:00Z,Los Angeles Dodgers,1500.7098234387386,31.622776601683793
2024-09-26T02:10:00Z,San Diego Padres,1500.5719015804023,31.622776601683793
2024-09-26T16:35:00Z,Pittsburgh Pirates,1499.6850929706243,31.622776601683793
2024-09-26T16:35:00Z,Milwaukee Brewers,1500.5617781266963,31.622776601683793
2024-09-26T17:05:00Z,Washington Nationals,1499.4929430134841,31.622776601683793
2024-09-26T17:05:00Z,Kansas City Royals,1500.233531277602,31.622776601683793
2024-09-26T17:10:00Z,Detroit Tigers,1500.3185244496901,31.622776601683793
2024-09-26T17:10:00Z,Tampa Bay Rays,1499.951524536844,31.622776601683793
2024-09-26T18:10:00Z,Chicago White Sox,1497.9986357309438,31.622776601683793
2024-09-26T18:10:00Z,Los Angeles Angels,1499.2052966052945,31.622776601683793
2024-09-26T19:10:00Z,Colorado Rockies,1499.114956988656,31.622776601683793
2024-09-26T19:10:00Z,St. Louis Cardinals,1500.0528645490635,31.622776601683793
2024-09-26T19:37:00Z,Oakland Athletics,1499.504996440954,31.622776601683793
2024-09-26T19:37:00Z,Texas Rangers,1499.8180868008626,31.622776601683793
2024-09-26T23:05:00Z,New York Yankees,1500.608772644405,31.622776601683793
2024-09-26T23:05:00Z,Baltimore Orioles,1500.3928683683516,31.622776601683793
2024-09-26T23:40:00Z,Minnesota Twins,1500.0497376838657,31.622776601683793
2024-09-26T23:40:00Z,Miami Marlins,1499.034474526794,31.622776601683793
2024-09-27T02:10:00Z,Los Angeles Dodgers,1500.7302357747735,31.622776601683793
2024-09-27T02:10:00Z,San Diego Padres,1500.5514892443673,31.622776601683793
2024-09-27T18:20:00Z,Chicago Cubs,1500.1024373375055,31.622776601683793
2024-09-27T18:20:00Z,Cincinnati Reds,1499.8055407516244,31.622776601683793
2024-09-27T22:40:00Z,Detroit Tigers,1500.3379951310565,31.622776601683793
2024-09-27T22:40:00Z,Chicago White Sox,1497.9791650495774,31.622776601683793
2024-09-27T22:45:00Z,Washington Nationals,1499.5139402144994,31.622776601683793
2024-09-27T22:45:00Z,Philadelphia Phillies,1500.6765903284074,31.622776601683793
2024-09-27T23:05:00Z,New York Yankees,1500.5788445308015,31.622776601683793
2024-09-27T23:05:00Z,Pittsburgh Pirates,1499.7150210842278,31.622776601683793
2024-09-27T23:07:00Z,Toronto Blue Jays,1499.7501821729284,31.622776601683793
2024-09-27T23:07:00Z,Miami Marlins,1499.0643255920043,31.622776601683793
2024-09-27T23:10:00Z,Cleveland Guardians,1500.5344009248918,31.622776601683793
2024-09-27T23:10:00Z,Houston Astros,1500.385542573752,31.622776601683793
2024-09-27T23:10:00Z,Boston Red Sox,1499.9641844827,31.622776601683793
2024-09-27T23:10:00Z,Tampa Bay Rays,1499.9810706324588,31.622776601683793
2024-09-27T23:20:00Z,Atlanta Braves,1500.421325602954,31.622776601683793
2024-09-27T23:20:00Z,Kansas City Royals,1500.213131737194,31.622776601683793
2024-09-28T00:10:00Z,Colorado Rockies,1499.0861338091197,31.622776601683793
2024-09-28T00:10:00Z,Los Angeles Dodgers,1500.75905895431,31.622776601683793
2024-09-28T00:10:00Z,Minnesota Twins,1500.020359140993,31.622776601683793
2024-09-28T00:10:00Z,Baltimore Orioles,1500.4222469112244,31.622776601683793
2024-09-28T00:10:00Z,Milwaukee Brewers,1500.5821916481602,31.622776601683793
2024-09-28T00:10:00Z,New York Mets,1500.4061729870807,31.622776601683793
2024-09-28T01:38:00Z,Los Angeles Angels,1499.1760355071165,31.622776601683793
2024-09-28T01:38:00Z,Texas Rangers,1499.8473478990406,31.622776601683793
2024-09-28T01:40:00Z,Arizona Diamondbacks,1500.4501804077636,31.622776601683793
2024-09-28T01:40:00Z,San Diego Padres,1500.580985796361,31.622776601683793
2024-09-28T02:10:00Z,Seattle Mariners,1500.1644492364578,31.622776601683793
2024-09-28T02:10:00Z,Oakland Athletics,1499.4848014884192,31.622776601683793
2024-09-28T02:15:00Z,San Francisco Giants,1499.9466082939243,31.622776601683793
2024-09-28T02:15:00Z,St. Louis Cardinals,1500.0823589497008,31.622776601683793
2024-09-28T17:05:00Z,New York Yankees,1500.5489423002537,31.622776601683793
2024-09-28T17:05:00Z,Pittsburgh Pirates,1499.7449233147756,31.622776601683793
2024-09-28T17:10:00Z,Detroit Tigers,1500.3074491170746,31.622776601683793
2024-09-28T17:10:00Z,Chicago White Sox,1498.0097110635593,31.622776601683793
2024-09-28T18:20:00Z,Chicago Cubs,1500.1227806782233,31.622776601683793
2024-09-28T18:20:00Z,Cincinnati Reds,1499.7851974109067,31.622776601683793
2024-09-28T19:07:00Z,Toronto Blue Jays,1499.720356949535,31.622776601683793
2024-09-28T19:07:00Z,Miami Marlins,1499.0941508153976,31.622776601683793
2024-09-28T20:05:00Z,San Francisco Giants,1499.967139537235,31.622776601683793
2024-09-28T20:05:00Z,St. Louis Cardinals,1500.0618277063902,31.622776601683793
2024-09-28T20:05:00Z,Washington Nationals,1499.534919064862,31.622776601683793
2024-09-28T20:05:00Z,Philadelphia Phillies,1500.6556114780449,31.622776601683793
2024-09-28T20:10:00Z,Boston Red Sox,1499.9346640604151,31.622776601683793
2024-09-28T20:10:00Z,Tampa Bay Rays,1500.0105910547436,31.622776601683793
2024-09-28T22:10:00Z,Cleveland Guardians,1500.5048085126361,31.622776601683793
2024-09-28T22:10:00Z,Houston Astros,1500.4151349860076,31.622776601683793
2024-09-28T23:15:00Z,Minnesota Twins,1499.991006175365,31.622776601683793
2024-09-28T23:15:00Z,Baltimore Orioles,1500.4515998768522,31.622776601683793
2024-09-28T23:15:00Z,Milwaukee Brewers,1500.602587444896,31.622776601683793
2024-09-28T23:15:00Z,New York Mets,1500.385777190345,31.622776601683793
2024-09-28T23:20:00Z,Atlanta Braves,1500.4417074337412,31.622776601683793
2024-09-28T23:20:00Z,Kansas City Royals,1500.192749906407,31.622776601683793
2024-09-29T00:10:00Z,Colorado Rockies,1499.0573358710437,31.622776601683793
2024-09-29T00:10:00Z,Los Angeles Dodgers,1500.787856892386,31.622776601683793
2024-09-29T00:10:00Z,Arizona Diamondbacks,1500.4207095009453,31.622776601683793
2024-09-29T00:10:00Z,San Diego Padres,1500.6104567031791,31.622776601683793
2024-09-29T01:38:00Z,Los Angeles Angels,1499.146799917372,31.622776601683793
2024-09-29T01:38:00Z,Texas Rangers,1499.8765834887852,31.622776601683793
2024-09-29T01:40:00Z,Seattle Mariners,1500.1846267010164,31.622776601683793
2024-09-29T01:40:00Z,Oakland Athletics,1499.4646240238606,31.622776601683793
2024-09-29T19:05:00Z,San Francisco Giants,1499.9376529288163,31.622776601683793
2024-09-29T19:05:00Z,St. Louis Cardinals,1500.0913143148089,31.622776601683793
2024-09-29T19:05:00Z,Boston Red Sox,1499.9551692968976,31.622776601683793
2024-09-29T19:05:00Z,Tampa Bay Rays,1499.9900858182612,31.622776601683793
2024-09-29T19:05:00Z,Washington Nationals,1499.5058795841019,31.622776601683793
2024-09-29T19:05:00Z,Philadelphia Phillies,1500.684650958805,31.622776601683793
2024-09-29T19:05:00Z,New York Yankees,1500.5690659389686,31.622776601683793
2024-09-29T19:05:00Z,Pittsburgh Pirates,1499.7247996760607,31.622776601683793
2024-09-29T19:07:00Z,Los Angeles Angels,1499.1175898209576,31.622776601683793
2024-09-29T19:07:00Z,Texas Rangers,1499.9057935851995,31.622776601683793
2024-09-29T19:07:00Z,Toronto Blue Jays,1499.6905575540063,31.622776601683793
2024-09-29T19:07:00Z,Miami Marlins,1499.1239502109263,31.622776601683793
2024-09-29T19:10:00Z,Colorado Rockies,1499.0285631585489,31.622776601683793
2024-09-29T19:10:00Z,Los Angeles Dodgers,1500.8166296048807,31.622776601683793
2024-09-29T19:10:00Z,Arizona Diamondbacks,1500.4412642246443,31.622776601683793
2024-09-29T19:10:00Z,San Diego Padres,1500.5899019794801,31.622776601683793
2024-09-29T19:10:00Z,Seattle Mariners,1500.2047866965938,31.622776601683793
2024-09-29T19:10:00Z,Oakland Athletics,1499.4444640282832,31.622776601683793
2024-09-29T19:10:00Z,Minnesota Twins,1499.9616787720984,31.622776601683793
2024-09-29T19:10:00Z,Baltimore Orioles,1500.480927280119,31.622776601683793
2024-09-29T19:10:00Z,Detroit Tigers,1500.2769292969285,31.622776601683793
2024-09-29T19:10:00Z,Chicago White Sox,1498.0402308837054,31.622776601683793
2024-09-29T19:10:00Z,Milwaukee Brewers,1500.5729655360572,31.622776601683793
2024-09-29T19:10:00Z,New York Mets,1500.4153990991838,31.622776601683793
2024-09-29T19:20:00Z,Chicago Cubs,1500.093106370099,31.622776601683793
2024-09-29T19:20:00Z,Cincinnati Reds,1499.814871719031,31.622776601683793
2024-09-29T19:20:00Z,Atlanta Braves,1500.4120715740512,31.622776601683793
2024-09-29T19:20:00Z,Kansas City Royals,1500.222385766097,31.622776601683793
2024-09-30T17:10:00Z,Atlanta Braves,1500.3825452603678,31.622776601683793
2024-09-30T17:10:00Z,New York Mets,1500.4449254128672,31.622776601683793
2024-09-30T17:15:00Z,Atlanta Braves,1500.4030446087986,31.622776601683793
2024-09-30T17:15:00Z,New York Mets,1500.4244260644364,31.622776601683793
