date,team,elo
2024-03-20T10:05:00Z,San Diego Padres,1480.2958984375
2024-03-20T10:05:00Z,Los Angeles Dodgers,1519.7041015625
2024-03-21T10:05:00Z,Los Angeles Dodgers,1490.6563720703125
2024-03-21T10:05:00Z,San Diego Padres,1509.3436279296875
2024-03-28T19:05:00Z,Baltimore Orioles,1512.2958984375
2024-03-28T19:05:00Z,Los Angeles Angels,1487.7041015625
2024-03-28T20:10:00Z,Cincinnati Reds,1512.2958984375
2024-03-28T20:10:00Z,Washington Nationals,1487.7041015625
2024-03-28T20:10:00Z,San Diego Padres,1518.5810546875
2024-03-28T20:10:00Z,San Francisco Giants,1490.7625732421875
2024-03-28T20:10:00Z,Los Angeles Dodgers,1506.326171875
2024-03-28T20:10:00Z,St. Louis Cardinals,1484.3302001953125
2024-03-28T20:10:00Z,Tampa Bay Rays,1480.2958984375
2024-03-28T20:10:00Z,Toronto Blue Jays,1519.7041015625
2024-03-28T20:10:00Z,Kansas City Royals,1480.2958984375
2024-03-28T20:10:00Z,Minnesota Twins,1519.7041015625
2024-03-28T20:10:00Z,Chicago White Sox,1480.2958984375
2024-03-28T20:10:00Z,Detroit Tigers,1519.7041015625
2024-03-28T20:10:00Z,Miami Marlins,1480.2958984375
2024-03-28T20:10:00Z,Pittsburgh Pirates,1519.7041015625
2024-03-28T20:10:00Z,Houston Astros,1480.2958984375
2024-03-28T20:10:00Z,New York Yankees,1519.7041015625
2024-03-28T23:35:00Z,Texas Rangers,1512.2958984375
2024-03-28T23:35:00Z,Chicago Cubs,1487.7041015625
2024-03-29T02:07:00Z,Oakland Athletics,1480.2958984375
2024-03-29T02:07:00Z,Cleveland Guardians,1519.7041015625
2024-03-29T02:10:00Z,Arizona Diamondbacks,1512.2958984375
2024-03-29T02:10:00Z,Colorado Rockies,1487.7041015625
2024-03-29T02:10:00Z,Seattle Mariners,1480.2958984375
2024-03-29T02:10:00Z,Boston Red Sox,1519.7041015625
2024-03-29T17:40:00Z,New York Mets,1480.2958984375
2024-03-29T17:40:00Z,Milwaukee Brewers,1519.7041015625
2024-03-29T19:05:00Z,Philadelphia Phillies,1480.2958984375
2024-03-29T19:05:00Z,Atlanta Braves,1519.7041015625
2024-03-29T22:50:00Z,Tampa Bay Rays,1505.672607421875
2024-03-29T22:50:00Z,Toronto Blue Jays,1494.327392578125
2024-03-29T23:10:00Z,Miami Marlins,1473.672607421875
2024-03-29T23:10:00Z,Pittsburgh Pirates,1526.327392578125
2024-03-30T00:10:00Z,Houston Astros,1473.672607421875
2024-03-30T00:10:00Z,New York Yankees,1526.327392578125
2024-03-30T01:40:00Z,Arizona Diamondbacks,1517.6531982421875
2024-03-30T01:40:00Z,Colorado Rockies,1482.3468017578125
2024-03-30T01:40:00Z,Oakland Athletics,1473.672607421875
2024-03-30T01:40:00Z,Cleveland Guardians,1526.327392578125
2024-03-30T01:40:00Z,Seattle Mariners,1505.672607421875
2024-03-30T01:40:00Z,Boston Red Sox,1494.327392578125
2024-03-30T01:40:00Z,San Diego Padres,1491.307861328125
2024-03-30T01:40:00Z,San Francisco Giants,1518.0357666015625
2024-03-30T02:10:00Z,Los Angeles Dodgers,1512.238037109375
2024-03-30T02:10:00Z,St. Louis Cardinals,1478.4183349609375
2024-03-30T17:40:00Z,New York Mets,1473.672607421875
2024-03-30T17:40:00Z,Milwaukee Brewers,1526.327392578125
2024-03-30T18:10:00Z,Chicago White Sox,1473.672607421875
2024-03-30T18:10:00Z,Detroit Tigers,1526.327392578125
2024-03-30T20:05:00Z,Baltimore Orioles,1517.6531982421875
2024-03-30T20:05:00Z,Los Angeles Angels,1482.3468017578125
2024-03-30T20:05:00Z,Philadelphia Phillies,1473.672607421875
2024-03-30T20:05:00Z,Atlanta Braves,1526.327392578125
2024-03-30T20:07:00Z,Oakland Athletics,1469.6983642578125
2024-03-30T20:07:00Z,Cleveland Guardians,1530.3016357421875
2024-03-30T20:10:00Z,Cincinnati Reds,1485.6531982421875
2024-03-30T20:10:00Z,Washington Nationals,1514.3468017578125
2024-03-30T20:10:00Z,Tampa Bay Rays,1514.3162841796875
2024-03-30T20:10:00Z,Toronto Blue Jays,1485.6837158203125
2024-03-30T20:10:00Z,Kansas City Royals,1473.672607421875
2024-03-30T20:10:00Z,Minnesota Twins,1526.327392578125
2024-03-30T20:10:00Z,Miami Marlins,1469.6983642578125
2024-03-30T20:10:00Z,Pittsburgh Pirates,1530.3016357421875
2024-03-30T23:05:00Z,Texas Rangers,1517.6531982421875
2024-03-30T23:05:00Z,Chicago Cubs,1482.3468017578125
2024-03-30T23:15:00Z,San Diego Padres,1481.1063232421875
2024-03-30T23:15:00Z,San Francisco Giants,1528.2373046875
2024-03-30T23:15:00Z,Houston Astros,1469.6983642578125
2024-03-30T23:15:00Z,New York Yankees,1530.3016357421875
2024-03-31T00:10:00Z,Arizona Diamondbacks,1489.152099609375
2024-03-31T00:10:00Z,Colorado Rockies,1510.847900390625
2024-03-31T01:10:00Z,Los Angeles Dodgers,1483.9560546875
2024-03-31T01:10:00Z,St. Louis Cardinals,1506.7003173828125
2024-03-31T01:40:00Z,Seattle Mariners,1514.3162841796875
2024-03-31T01:40:00Z,Boston Red Sox,1485.6837158203125
2024-03-31T17:35:00Z,Baltimore Orioles,1489.152099609375
2024-03-31T17:35:00Z,Los Angeles Angels,1510.847900390625
2024-03-31T17:35:00Z,Philadelphia Phillies,1501.6983642578125
2024-03-31T17:35:00Z,Atlanta Braves,1498.3016357421875
2024-03-31T17:40:00Z,Cincinnati Reds,1508.0701904296875
2024-03-31T17:40:00Z,Washington Nationals,1491.9298095703125
2024-03-31T17:40:00Z,Tampa Bay Rays,1486.89404296875
2024-03-31T17:40:00Z,Toronto Blue Jays,1513.10595703125
2024-03-31T17:40:00Z,Miami Marlins,1466.833251953125
2024-03-31T17:40:00Z,Pittsburgh Pirates,1533.166748046875
2024-03-31T17:40:00Z,New York Mets,1469.6983642578125
2024-03-31T17:40:00Z,Milwaukee Brewers,1530.3016357421875
2024-03-31T18:10:00Z,Kansas City Royals,1501.6983642578125
2024-03-31T18:10:00Z,Minnesota Twins,1498.3016357421875
2024-03-31T18:10:00Z,Chicago White Sox,1469.6983642578125
2024-03-31T18:10:00Z,Detroit Tigers,1530.3016357421875
2024-03-31T18:10:00Z,Houston Astros,1466.833251953125
2024-03-31T18:10:00Z,New York Yankees,1533.166748046875
2024-03-31T18:35:00Z,Texas Rangers,1489.152099609375
2024-03-31T18:35:00Z,Chicago Cubs,1510.847900390625
2024-03-31T20:07:00Z,Oakland Athletics,1498.833251953125
2024-03-31T20:07:00Z,Cleveland Guardians,1501.166748046875
2024-03-31T20:10:00Z,Arizona Diamondbacks,1509.27734375
2024-03-31T20:10:00Z,Colorado Rockies,1490.72265625
2024-03-31T20:10:00Z,Seattle Mariners,1486.89404296875
2024-03-31T20:10:00Z,Boston Red Sox,1513.10595703125
2024-03-31T20:10:00Z,San Diego Padres,1508.1588134765625
2024-03-31T20:10:00Z,San Francisco Giants,1501.184814453125
2024-03-31T23:10:00Z,Los Angeles Dodgers,1504.4395751953125
2024-03-31T23:10:00Z,St. Louis Cardinals,1486.216796875
2024-04-01T18:20:00Z,Chicago Cubs,1517.186279296875
2024-04-01T18:20:00Z,Colorado Rockies,1484.38427734375
2024-04-01T20:05:00Z,Washington Nationals,1485.738037109375
2024-04-01T20:05:00Z,Pittsburgh Pirates,1539.3585205078125
2024-04-01T22:35:00Z,Baltimore Orioles,1506.0009765625
2024-04-01T22:35:00Z,Kansas City Royals,1484.8494873046875
2024-04-01T22:40:00Z,Philadelphia Phillies,1484.2769775390625
2024-04-01T22:40:00Z,Cincinnati Reds,1525.4915771484375
2024-04-01T22:40:00Z,Miami Marlins,1461.25537109375
2024-04-01T22:40:00Z,Los Angeles Angels,1516.42578125
2024-04-01T22:50:00Z,Tampa Bay Rays,1467.986083984375
2024-04-01T22:50:00Z,Texas Rangers,1508.06005859375
2024-04-01T23:10:00Z,New York Mets,1466.833251953125
2024-04-01T23:10:00Z,Detroit Tigers,1533.166748046875
2024-04-02T00:10:00Z,Houston Astros,1493.7181396484375
2024-04-02T00:10:00Z,Toronto Blue Jays,1486.2210693359375
2024-04-02T01:40:00Z,Oakland Athletics,1484.314697265625
2024-04-02T01:40:00Z,Boston Red Sox,1527.62451171875
2024-04-02T01:40:00Z,Seattle Mariners,1504.37548828125
2024-04-02T01:40:00Z,Cleveland Guardians,1483.685302734375
2024-04-02T01:40:00Z,San Diego Padres,1482.0826416015625
2024-04-02T01:40:00Z,St. Louis Cardinals,1512.29296875
2024-04-02T01:40:00Z,Arizona Diamondbacks,1498.146728515625
2024-04-02T01:40:00Z,New York Yankees,1544.29736328125
2024-04-02T02:10:00Z,Los Angeles Dodgers,1515.6219482421875
2024-04-02T02:10:00Z,San Francisco Giants,1490.00244140625
2024-04-02T20:10:00Z,Milwaukee Brewers,1534.3040771484375
2024-04-02T20:10:00Z,Minnesota Twins,1494.2991943359375
2024-04-02T22:35:00Z,Baltimore Orioles,1480.1025390625
2024-04-02T22:35:00Z,Kansas City Royals,1510.7479248046875
2024-04-02T22:40:00Z,Philadelphia Phillies,1510.080078125
2024-04-02T22:40:00Z,Cincinnati Reds,1499.6884765625
2024-04-02T22:40:00Z,Miami Marlins,1457.6671142578125
2024-04-02T22:40:00Z,Los Angeles Angels,1520.0140380859375
2024-04-02T22:50:00Z,Tampa Bay Rays,1493.5224609375
2024-04-02T22:50:00Z,Texas Rangers,1482.523681640625
2024-04-02T23:40:00Z,Chicago Cubs,1521.0611572265625
2024-04-02T23:40:00Z,Colorado Rockies,1480.5093994140625
2024-04-02T23:40:00Z,Chicago White Sox,1492.08740234375
2024-04-02T23:40:00Z,Atlanta Braves,1475.91259765625
2024-04-03T00:10:00Z,Houston Astros,1471.524169921875
2024-04-03T00:10:00Z,Toronto Blue Jays,1508.4150390625
2024-04-03T01:40:00Z,Oakland Athletics,1478.585693359375
2024-04-03T01:40:00Z,Boston Red Sox,1533.353515625
2024-04-03T01:40:00Z,Seattle Mariners,1478.5826416015625
2024-04-03T01:40:00Z,Cleveland Guardians,1509.4781494140625
2024-04-03T01:40:00Z,San Diego Padres,1472.9617919921875
2024-04-03T01:40:00Z,St. Louis Cardinals,1521.413818359375
2024-04-03T01:40:00Z,Arizona Diamondbacks,1525.0074462890625
2024-04-03T01:40:00Z,New York Yankees,1517.4366455078125
2024-04-03T02:10:00Z,Los Angeles Dodgers,1520.7713623046875
2024-04-03T02:10:00Z,San Francisco Giants,1484.85302734375
2024-04-03T17:05:00Z,Baltimore Orioles,1503.11181640625
2024-04-03T17:05:00Z,Kansas City Royals,1487.7386474609375
2024-04-03T17:10:00Z,Tampa Bay Rays,1470.2672119140625
2024-04-03T17:10:00Z,Texas Rangers,1505.7789306640625
2024-04-03T17:10:00Z,Miami Marlins,1455.004638671875
2024-04-03T17:10:00Z,Los Angeles Angels,1522.676513671875
2024-04-03T17:10:00Z,Milwaukee Brewers,1505.1834716796875
2024-04-03T17:10:00Z,Minnesota Twins,1523.4197998046875
2024-04-03T19:37:00Z,Oakland Athletics,1474.9378662109375
2024-04-03T19:37:00Z,Boston Red Sox,1537.0013427734375
2024-04-03T19:40:00Z,Arizona Diamondbacks,1502.7904052734375
2024-04-03T19:40:00Z,New York Yankees,1539.6536865234375
2024-04-03T20:05:00Z,Philadelphia Phillies,1487.003662109375
2024-04-03T20:05:00Z,Cincinnati Reds,1522.764892578125
2024-04-03T20:10:00Z,Seattle Mariners,1469.6661376953125
2024-04-03T20:10:00Z,Cleveland Guardians,1518.3946533203125
2024-04-03T20:10:00Z,San Diego Padres,1500.263427734375
2024-04-03T20:10:00Z,St. Louis Cardinals,1494.1121826171875
2024-04-03T22:45:00Z,Washington Nationals,1513.916015625
2024-04-03T22:45:00Z,Pittsburgh Pirates,1511.1805419921875
2024-04-03T23:40:00Z,Chicago Cubs,1523.875244140625
2024-04-03T23:40:00Z,Colorado Rockies,1477.6953125
2024-04-04T00:10:00Z,Houston Astros,1496.2713623046875
2024-04-04T00:10:00Z,Toronto Blue Jays,1483.6678466796875
2024-04-04T02:10:00Z,Los Angeles Dodgers,1524.1834716796875
2024-04-04T02:10:00Z,San Francisco Giants,1481.44091796875
2024-04-04T16:10:00Z,New York Mets,1464.5859375
2024-04-04T16:10:00Z,Detroit Tigers,1535.4140625
2024-04-04T16:15:00Z,New York Mets,1494.7344970703125
2024-04-04T16:15:00Z,Detroit Tigers,1505.2655029296875
2024-04-04T20:05:00Z,Washington Nationals,1493.2730712890625
2024-04-04T20:05:00Z,Pittsburgh Pirates,1531.823486328125
2024-04-04T20:10:00Z,Minnesota Twins,1502.0166015625
2024-04-04T20:10:00Z,Cleveland Guardians,1539.7978515625
2024-04-04T20:15:00Z,St. Louis Cardinals,1497.1016845703125
2024-04-04T20:15:00Z,Miami Marlins,1452.01513671875
2024-04-04T23:40:00Z,Kansas City Royals,1501.5814208984375
2024-04-04T23:40:00Z,Chicago White Sox,1478.24462890625
2024-04-05T17:05:00Z,New York Yankees,1509.1009521484375
2024-04-05T17:05:00Z,Toronto Blue Jays,1514.2205810546875
2024-04-05T17:10:00Z,Detroit Tigers,1509.5455322265625
2024-04-05T17:10:00Z,Oakland Athletics,1470.6578369140625
2024-04-05T18:20:00Z,Chicago Cubs,1536.2786865234375
2024-04-05T18:20:00Z,Los Angeles Dodgers,1511.780029296875
2024-04-05T20:10:00Z,Colorado Rockies,1487.52294921875
2024-04-05T20:10:00Z,Tampa Bay Rays,1460.4395751953125
2024-04-05T20:12:00Z,Pittsburgh Pirates,1504.386962890625
2024-04-05T20:12:00Z,Baltimore Orioles,1530.54833984375
2024-04-05T20:35:00Z,San Francisco Giants,1500.562255859375
2024-04-05T20:35:00Z,San Diego Padres,1481.14208984375
2024-04-05T22:40:00Z,Cincinnati Reds,1495.4525146484375
2024-04-05T22:40:00Z,New York Mets,1522.046875
2024-04-05T22:45:00Z,Washington Nationals,1471.4677734375
2024-04-05T22:45:00Z,Philadelphia Phillies,1508.8089599609375
2024-04-05T23:20:00Z,Atlanta Braves,1497.7589111328125
2024-04-05T23:20:00Z,Arizona Diamondbacks,1480.944091796875
2024-04-05T23:40:00Z,Kansas City Royals,1507.201416015625
2024-04-05T23:40:00Z,Chicago White Sox,1472.6246337890625
2024-04-06T00:05:00Z,Texas Rangers,1514.966796875
2024-04-06T00:05:00Z,Houston Astros,1487.08349609375
2024-04-06T00:10:00Z,Milwaukee Brewers,1508.6522216796875
2024-04-06T00:10:00Z,Seattle Mariners,1466.1973876953125
2024-04-06T01:38:00Z,Los Angeles Angels,1508.177001953125
2024-04-06T01:38:00Z,Boston Red Sox,1551.5008544921875
2024-04-06T17:10:00Z,Detroit Tigers,1480.5626220703125
2024-04-06T17:10:00Z,Oakland Athletics,1499.6407470703125
2024-04-06T18:10:00Z,Minnesota Twins,1494.9912109375
2024-04-06T18:10:00Z,Cleveland Guardians,1546.8232421875
2024-04-06T18:15:00Z,St. Louis Cardinals,1499.4239501953125
2024-04-06T18:15:00Z,Miami Marlins,1449.69287109375
2024-04-06T20:05:00Z,Chicago Cubs,1509.6551513671875
2024-04-06T20:05:00Z,Los Angeles Dodgers,1538.403564453125
2024-04-06T20:05:00Z,Pittsburgh Pirates,1526.0032958984375
2024-04-06T20:05:00Z,Baltimore Orioles,1508.9320068359375
2024-04-06T20:05:00Z,Washington Nationals,1464.33056640625
2024-04-06T20:05:00Z,Philadelphia Phillies,1515.9461669921875
2024-04-06T20:10:00Z,Cincinnati Reds,1517.2081298828125
2024-04-06T20:10:00Z,New York Mets,1500.291259765625
2024-04-06T23:05:00Z,Texas Rangers,1519.681640625
2024-04-06T23:05:00Z,Houston Astros,1482.36865234375
2024-04-06T23:05:00Z,New York Yankees,1523.2232666015625
2024-04-06T23:05:00Z,Toronto Blue Jays,1500.0982666015625
2024-04-06T23:10:00Z,Kansas City Royals,1510.806396484375
2024-04-06T23:10:00Z,Chicago White Sox,1469.0196533203125
2024-04-06T23:10:00Z,Milwaukee Brewers,1479.2493896484375
2024-04-06T23:10:00Z,Seattle Mariners,1495.6002197265625
2024-04-06T23:20:00Z,Atlanta Braves,1504.907958984375
2024-04-06T23:20:00Z,Arizona Diamondbacks,1473.7950439453125
2024-04-07T00:10:00Z,Colorado Rockies,1460.3876953125
2024-04-07T00:10:00Z,Tampa Bay Rays,1487.57470703125
2024-04-07T01:05:00Z,San Francisco Giants,1475.0672607421875
2024-04-07T01:05:00Z,San Diego Padres,1506.6370849609375
2024-04-07T01:38:00Z,Los Angeles Angels,1534.4510498046875
2024-04-07T01:38:00Z,Boston Red Sox,1525.226806640625
2024-04-07T17:35:00Z,Pittsburgh Pirates,1533.0869140625
2024-04-07T17:35:00Z,Baltimore Orioles,1501.848388671875
2024-04-07T17:35:00Z,Washington Nationals,1492.1866455078125
2024-04-07T17:35:00Z,Philadelphia Phillies,1488.090087890625
2024-04-07T17:35:00Z,Atlanta Braves,1509.0556640625
2024-04-07T17:35:00Z,Arizona Diamondbacks,1469.6473388671875
2024-04-07T17:35:00Z,New York Yankees,1528.888671875
2024-04-07T17:35:00Z,Toronto Blue Jays,1494.432861328125
2024-04-07T17:40:00Z,Cincinnati Reds,1492.3310546875
2024-04-07T17:40:00Z,New York Mets,1525.1683349609375
2024-04-07T17:40:00Z,Detroit Tigers,1467.7745361328125
2024-04-07T17:40:00Z,Oakland Athletics,1512.4288330078125
2024-04-07T18:10:00Z,Kansas City Royals,1513.4779052734375
2024-04-07T18:10:00Z,Chicago White Sox,1466.34814453125
2024-04-07T18:10:00Z,Milwaukee Brewers,1497.4859619140625
2024-04-07T18:10:00Z,Seattle Mariners,1477.3636474609375
2024-04-07T18:15:00Z,St. Louis Cardinals,1469.3255615234375
2024-04-07T18:15:00Z,Miami Marlins,1479.791259765625
2024-04-07T18:20:00Z,Chicago Cubs,1532.0889892578125
2024-04-07T18:20:00Z,Los Angeles Dodgers,1515.9697265625
2024-04-07T19:10:00Z,Colorado Rockies,1450.33251953125
2024-04-07T19:10:00Z,Tampa Bay Rays,1497.6298828125
2024-04-07T20:05:00Z,San Francisco Giants,1498.34912109375
2024-04-07T20:05:00Z,San Diego Padres,1483.355224609375
2024-04-07T20:07:00Z,Los Angeles Angels,1511.724609375
2024-04-07T20:07:00Z,Boston Red Sox,1547.9532470703125
2024-04-07T23:10:00Z,Texas Rangers,1490.90283203125
2024-04-07T23:10:00Z,Houston Astros,1511.1474609375
2024-04-08T21:10:00Z,Cleveland Guardians,1547.3065185546875
2024-04-08T21:10:00Z,Chicago White Sox,1465.8648681640625
2024-04-08T22:05:00Z,New York Yankees,1530.8431396484375
2024-04-08T22:05:00Z,Miami Marlins,1477.8367919921875
2024-04-08T22:40:00Z,Pittsburgh Pirates,1534.0439453125
2024-04-08T22:40:00Z,Detroit Tigers,1466.8175048828125
2024-04-08T22:40:00Z,Cincinnati Reds,1506.4661865234375
2024-04-08T22:40:00Z,Milwaukee Brewers,1483.350830078125
2024-04-08T23:07:00Z,Toronto Blue Jays,1501.51708984375
2024-04-08T23:07:00Z,Seattle Mariners,1470.2794189453125
2024-04-08T23:20:00Z,Atlanta Braves,1495.2061767578125
2024-04-08T23:20:00Z,New York Mets,1539.017822265625
2024-04-08T23:40:00Z,Minnesota Twins,1482.8687744140625
2024-04-08T23:40:00Z,Los Angeles Dodgers,1528.0921630859375
2024-04-08T23:45:00Z,St. Louis Cardinals,1456.4263916015625
2024-04-08T23:45:00Z,Philadelphia Phillies,1500.9892578125
2024-04-09T00:05:00Z,Texas Rangers,1478.5247802734375
2024-04-09T00:05:00Z,Houston Astros,1523.5255126953125
2024-04-09T00:40:00Z,Colorado Rockies,1469.6279296875
2024-04-09T00:40:00Z,Arizona Diamondbacks,1450.3519287109375
2024-04-09T01:38:00Z,Los Angeles Angels,1519.5931396484375
2024-04-09T01:38:00Z,Tampa Bay Rays,1489.7613525390625
2024-04-09T01:40:00Z,San Diego Padres,1510.7086181640625
2024-04-09T01:40:00Z,Chicago Cubs,1504.735595703125
2024-04-09T01:45:00Z,San Francisco Giants,1476.5780029296875
2024-04-09T01:45:00Z,Washington Nationals,1513.957763671875
2024-04-09T16:35:00Z,Pittsburgh Pirates,1502.9224853515625
2024-04-09T16:35:00Z,Detroit Tigers,1497.93896484375
2024-04-09T18:10:00Z,Boston Red Sox,1518.176513671875
2024-04-09T18:10:00Z,Baltimore Orioles,1531.6251220703125
2024-04-09T22:10:00Z,Cleveland Guardians,1515.7691650390625
2024-04-09T22:10:00Z,Chicago White Sox,1497.4022216796875
2024-04-09T22:40:00Z,Cincinnati Reds,1480.1336669921875
2024-04-09T22:40:00Z,Milwaukee Brewers,1509.683349609375
2024-04-09T23:05:00Z,New York Yankees,1532.4921875
2024-04-09T23:05:00Z,Miami Marlins,1476.187744140625
2024-04-09T23:07:00Z,Toronto Blue Jays,1505.64404296875
2024-04-09T23:07:00Z,Seattle Mariners,1466.1524658203125
2024-04-09T23:20:00Z,Atlanta Braves,1521.5850830078125
2024-04-09T23:20:00Z,New York Mets,1512.638916015625
2024-04-09T23:40:00Z,Kansas City Royals,1529.406982421875
2024-04-09T23:40:00Z,Houston Astros,1507.596435546875
2024-04-09T23:40:00Z,Minnesota Twins,1477.5426025390625
2024-04-09T23:40:00Z,Los Angeles Dodgers,1533.4183349609375
2024-04-09T23:45:00Z,St. Louis Cardinals,1482.9637451171875
2024-04-09T23:45:00Z,Philadelphia Phillies,1474.451904296875
2024-04-10T00:05:00Z,Texas Rangers,1470.4715576171875
2024-04-10T00:05:00Z,Oakland Athletics,1520.4820556640625
2024-04-10T00:40:00Z,Colorado Rockies,1444.16748046875
2024-04-10T00:40:00Z,Arizona Diamondbacks,1475.8123779296875
2024-04-10T01:38:00Z,Los Angeles Angels,1491.95849609375
2024-04-10T01:38:00Z,Tampa Bay Rays,1517.39599609375
2024-04-10T01:45:00Z,San Francisco Giants,1469.45068359375
2024-04-10T01:45:00Z,Washington Nationals,1521.0850830078125
2024-04-10T02:05:00Z,San Diego Padres,1488.9984130859375
2024-04-10T02:05:00Z,Chicago Cubs,1526.44580078125
2024-04-10T17:10:00Z,Minnesota Twins,1506.0565185546875
2024-04-10T17:10:00Z,Los Angeles Dodgers,1504.9044189453125
2024-04-10T17:15:00Z,St. Louis Cardinals,1460.454833984375
2024-04-10T17:15:00Z,Philadelphia Phillies,1496.9608154296875
2024-04-10T19:07:00Z,Toronto Blue Jays,1476.5859375
2024-04-10T19:07:00Z,Seattle Mariners,1495.2105712890625
2024-04-10T19:10:00Z,Colorado Rockies,1435.4713134765625
2024-04-10T19:10:00Z,Arizona Diamondbacks,1484.508544921875
2024-04-10T19:45:00Z,San Francisco Giants,1497.3099365234375
2024-04-10T19:45:00Z,Washington Nationals,1493.225830078125
2024-04-10T20:07:00Z,Los Angeles Angels,1481.339599609375
2024-04-10T20:07:00Z,Tampa Bay Rays,1528.014892578125
2024-04-10T22:10:00Z,Cleveland Guardians,1522.5291748046875
2024-04-10T22:10:00Z,Chicago White Sox,1490.6422119140625
2024-04-10T22:40:00Z,San Diego Padres,1513.8883056640625
2024-04-10T22:40:00Z,Chicago Cubs,1501.555908203125
2024-04-10T22:40:00Z,Cincinnati Reds,1470.8131103515625
2024-04-10T22:40:00Z,Milwaukee Brewers,1519.00390625
2024-04-10T23:05:00Z,New York Yankees,1501.9193115234375
2024-04-10T23:05:00Z,Miami Marlins,1506.7606201171875
2024-04-10T23:10:00Z,Boston Red Sox,1503.3564453125
2024-04-10T23:10:00Z,Baltimore Orioles,1546.4451904296875
2024-04-10T23:40:00Z,Kansas City Royals,1535.360107421875
2024-04-10T23:40:00Z,Houston Astros,1501.643310546875
2024-04-11T00:05:00Z,Texas Rangers,1498.0535888671875
2024-04-11T00:05:00Z,Oakland Athletics,1492.9000244140625
2024-04-11T16:20:00Z,Atlanta Braves,1498.9432373046875
2024-04-11T16:20:00Z,New York Mets,1535.28076171875
2024-04-11T18:10:00Z,Kansas City Royals,1539.09375
2024-04-11T18:10:00Z,Houston Astros,1497.90966796875
2024-04-11T18:35:00Z,Texas Rangers,1476.6085205078125
2024-04-11T18:35:00Z,Oakland Athletics,1514.3450927734375
2024-04-11T22:40:00Z,Philadelphia Phillies,1511.3896484375
2024-04-11T22:40:00Z,Pittsburgh Pirates,1488.49365234375
2024-04-11T23:10:00Z,Boston Red Sox,1497.579345703125
2024-04-11T23:10:00Z,Baltimore Orioles,1552.2222900390625
2024-04-12T22:40:00Z,Detroit Tigers,1513.1575927734375
2024-04-12T22:40:00Z,Minnesota Twins,1490.837890625
2024-04-12T22:40:00Z,Philadelphia Phillies,1485.1043701171875
2024-04-12T22:40:00Z,Pittsburgh Pirates,1514.7789306640625
2024-04-12T22:50:00Z,Tampa Bay Rays,1532.2308349609375
2024-04-12T22:50:00Z,San Francisco Giants,1493.093994140625
2024-04-12T23:05:00Z,Baltimore Orioles,1524.0323486328125
2024-04-12T23:05:00Z,Milwaukee Brewers,1547.19384765625
2024-04-12T23:07:00Z,Toronto Blue Jays,1447.334228515625
2024-04-12T23:07:00Z,Colorado Rockies,1464.7230224609375
2024-04-12T23:10:00Z,Boston Red Sox,1472.87646484375
2024-04-12T23:10:00Z,Los Angeles Angels,1506.04248046875
2024-04-12T23:10:00Z,New York Mets,1548.9300537109375
2024-04-12T23:10:00Z,Kansas City Royals,1525.4444580078125
2024-04-12T23:10:00Z,Miami Marlins,1484.4666748046875
2024-04-12T23:10:00Z,Atlanta Braves,1521.2371826171875
2024-04-12T23:40:00Z,Chicago White Sox,1465.0501708984375
2024-04-12T23:40:00Z,Cincinnati Reds,1496.4051513671875
2024-04-13T00:10:00Z,Houston Astros,1471.977294921875
2024-04-13T00:10:00Z,Texas Rangers,1502.5408935546875
2024-04-13T01:40:00Z,Oakland Athletics,1520.4539794921875
2024-04-13T01:40:00Z,Washington Nationals,1487.116943359375
2024-04-13T01:40:00Z,Seattle Mariners,1509.779541015625
2024-04-13T01:40:00Z,Chicago Cubs,1486.9869384765625
2024-04-13T01:40:00Z,Arizona Diamondbacks,1457.977294921875
2024-04-13T01:40:00Z,St. Louis Cardinals,1486.986083984375
2024-04-13T02:10:00Z,Los Angeles Dodgers,1488.4417724609375
2024-04-13T02:10:00Z,San Diego Padres,1530.3509521484375
2024-04-13T16:10:00Z,Cleveland Guardians,1496.7548828125
2024-04-13T16:10:00Z,New York Yankees,1527.693603515625
2024-04-13T17:10:00Z,Detroit Tigers,1486.9979248046875
2024-04-13T17:10:00Z,Minnesota Twins,1516.99755859375
2024-04-13T17:15:00Z,Detroit Tigers,1477.813720703125
2024-04-13T17:15:00Z,Minnesota Twins,1526.1817626953125
2024-04-13T17:40:00Z,New York Mets,1522.5184326171875
2024-04-13T17:40:00Z,Kansas City Royals,1551.8560791015625
2024-04-13T18:10:00Z,Chicago White Sox,1456.2691650390625
2024-04-13T18:10:00Z,Cincinnati Reds,1505.1861572265625
2024-04-13T19:07:00Z,Toronto Blue Jays,1465.9444580078125
2024-04-13T19:07:00Z,Colorado Rockies,1446.11279296875
2024-04-13T20:05:00Z,Houston Astros,1494.962158203125
2024-04-13T20:05:00Z,Texas Rangers,1479.5560302734375
2024-04-13T20:05:00Z,Philadelphia Phillies,1507.82177734375
2024-04-13T20:05:00Z,Pittsburgh Pirates,1492.0615234375
2024-04-13T20:05:00Z,Baltimore Orioles,1512.6571044921875
2024-04-13T20:05:00Z,Milwaukee Brewers,1558.569091796875
2024-04-13T20:07:00Z,Oakland Athletics,1492.2457275390625
2024-04-13T20:07:00Z,Washington Nationals,1515.3251953125
2024-04-13T20:10:00Z,Boston Red Sox,1496.61669921875
2024-04-13T20:10:00Z,Los Angeles Angels,1482.30224609375
2024-04-13T20:10:00Z,Tampa Bay Rays,1503.2166748046875
2024-04-13T20:10:00Z,San Francisco Giants,1522.108154296875
2024-04-13T20:10:00Z,Miami Marlins,1509.1827392578125
2024-04-13T20:10:00Z,Atlanta Braves,1496.5211181640625
2024-04-13T22:10:00Z,Cleveland Guardians,1487.8511962890625
2024-04-13T22:10:00Z,New York Yankees,1536.5972900390625
2024-04-14T00:10:00Z,Arizona Diamondbacks,1480.491455078125
2024-04-14T00:10:00Z,St. Louis Cardinals,1464.471923828125
2024-04-14T01:10:00Z,Los Angeles Dodgers,1514.403076171875
2024-04-14T01:10:00Z,San Diego Padres,1504.3896484375
2024-04-14T01:40:00Z,Seattle Mariners,1483.5166015625
2024-04-14T01:40:00Z,Chicago Cubs,1513.2498779296875
2024-04-14T17:35:00Z,Boston Red Sox,1504.42529296875
2024-04-14T17:35:00Z,Los Angeles Angels,1474.49365234375
2024-04-14T17:35:00Z,Philadelphia Phillies,1483.2440185546875
2024-04-14T17:35:00Z,Pittsburgh Pirates,1516.6392822265625
2024-04-14T17:35:00Z,Baltimore Orioles,1539.47021484375
2024-04-14T17:35:00Z,Milwaukee Brewers,1531.7559814453125
2024-04-14T17:37:00Z,Toronto Blue Jays,1472.351806640625
2024-04-14T17:37:00Z,Colorado Rockies,1439.7054443359375
2024-04-14T17:40:00Z,New York Mets,1545.13330078125
2024-04-14T17:40:00Z,Kansas City Royals,1529.2412109375
2024-04-14T17:40:00Z,Tampa Bay Rays,1522.362548828125
2024-04-14T17:40:00Z,San Francisco Giants,1502.9622802734375
2024-04-14T17:40:00Z,Detroit Tigers,1505.099853515625
2024-04-14T17:40:00Z,Minnesota Twins,1498.8956298828125
2024-04-14T17:40:00Z,Miami Marlins,1485.4493408203125
2024-04-14T17:40:00Z,Atlanta Braves,1520.2545166015625
2024-04-14T17:40:00Z,Cleveland Guardians,1515.206787109375
2024-04-14T17:40:00Z,New York Yankees,1509.24169921875
2024-04-14T18:10:00Z,Houston Astros,1502.477783203125
2024-04-14T18:10:00Z,Texas Rangers,1472.0404052734375
2024-04-14T18:10:00Z,Chicago White Sox,1451.656005859375
2024-04-14T18:10:00Z,Cincinnati Reds,1509.79931640625
2024-04-14T20:07:00Z,Oakland Athletics,1512.8427734375
2024-04-14T20:07:00Z,Washington Nationals,1494.7281494140625
2024-04-14T20:10:00Z,Seattle Mariners,1474.2518310546875
2024-04-14T20:10:00Z,Chicago Cubs,1522.5146484375
2024-04-14T20:10:00Z,Arizona Diamondbacks,1487.8458251953125
2024-04-14T20:10:00Z,St. Louis Cardinals,1457.1175537109375
2024-04-14T23:10:00Z,Los Angeles Dodgers,1491.4390869140625
2024-04-14T23:10:00Z,San Diego Padres,1527.3536376953125
2024-04-15T15:10:00Z,Boston Red Sox,1488.624755859375
2024-04-15T15:10:00Z,Cleveland Guardians,1531.00732421875
2024-04-15T22:35:00Z,Baltimore Orioles,1542.2816162109375
2024-04-15T22:35:00Z,Minnesota Twins,1496.084228515625
2024-04-15T22:40:00Z,Detroit Tigers,1476.9344482421875
2024-04-15T22:40:00Z,Texas Rangers,1500.205810546875
2024-04-15T22:40:00Z,Philadelphia Phillies,1485.7244873046875
2024-04-15T22:40:00Z,Colorado Rockies,1437.2249755859375
2024-04-15T22:40:00Z,Miami Marlins,1472.10400390625
2024-04-15T22:40:00Z,San Francisco Giants,1516.3076171875
2024-04-15T22:50:00Z,Tampa Bay Rays,1492.4234619140625
2024-04-15T22:50:00Z,Los Angeles Angels,1504.4327392578125
2024-04-15T23:07:00Z,Toronto Blue Jays,1497.0987548828125
2024-04-15T23:07:00Z,New York Yankees,1484.4947509765625
2024-04-15T23:10:00Z,New York Mets,1549.736083984375
2024-04-15T23:10:00Z,Pittsburgh Pirates,1512.0364990234375
2024-04-15T23:40:00Z,Chicago White Sox,1450.2783203125
2024-04-15T23:40:00Z,Kansas City Royals,1530.618896484375
2024-04-15T23:40:00Z,Milwaukee Brewers,1510.5570068359375
2024-04-15T23:40:00Z,San Diego Padres,1548.5526123046875
2024-04-16T00:10:00Z,Houston Astros,1489.2269287109375
2024-04-16T00:10:00Z,Atlanta Braves,1533.50537109375
2024-04-16T01:40:00Z,Arizona Diamondbacks,1480.0030517578125
2024-04-16T01:40:00Z,Chicago Cubs,1530.357421875
2024-04-16T01:40:00Z,Oakland Athletics,1482.306640625
2024-04-16T01:40:00Z,St. Louis Cardinals,1487.6536865234375
2024-04-16T01:42:00Z,Seattle Mariners,1498.6461181640625
2024-04-16T01:42:00Z,Cincinnati Reds,1485.405029296875
2024-04-16T02:10:00Z,Los Angeles Dodgers,1472.89990234375
2024-04-16T02:10:00Z,Washington Nationals,1513.267333984375
2024-04-16T17:10:00Z,Detroit Tigers,1497.5963134765625
2024-04-16T17:10:00Z,Texas Rangers,1479.5439453125
2024-04-16T22:35:00Z,Baltimore Orioles,1544.4959716796875
2024-04-16T22:35:00Z,Minnesota Twins,1493.869873046875
2024-04-16T22:40:00Z,Philadelphia Phillies,1487.7301025390625
2024-04-16T22:40:00Z,Colorado Rockies,1435.2193603515625
2024-04-16T22:40:00Z,Miami Marlins,1498.5660400390625
2024-04-16T22:40:00Z,San Francisco Giants,1489.8455810546875
2024-04-16T22:50:00Z,Tampa Bay Rays,1509.074951171875
2024-04-16T22:50:00Z,Los Angeles Angels,1487.78125
2024-04-16T23:07:00Z,Toronto Blue Jays,1505.381591796875
2024-04-16T23:07:00Z,New York Yankees,1476.2119140625
2024-04-16T23:10:00Z,Boston Red Sox,1482.692138671875
2024-04-16T23:10:00Z,Cleveland Guardians,1536.93994140625
2024-04-16T23:10:00Z,New York Mets,1552.906005859375
2024-04-16T23:10:00Z,Pittsburgh Pirates,1508.8665771484375
2024-04-16T23:40:00Z,Milwaukee Brewers,1503.5855712890625
2024-04-16T23:40:00Z,San Diego Padres,1555.5240478515625
2024-04-17T00:10:00Z,Houston Astros,1483.7047119140625
2024-04-17T00:10:00Z,Atlanta Braves,1539.027587890625
2024-04-17T01:40:00Z,Arizona Diamondbacks,1507.6451416015625
2024-04-17T01:40:00Z,Chicago Cubs,1502.71533203125
2024-04-17T01:40:00Z,Seattle Mariners,1506.7501220703125
2024-04-17T01:40:00Z,Cincinnati Reds,1477.301025390625
2024-04-17T01:40:00Z,Oakland Athletics,1464.5115966796875
2024-04-17T01:40:00Z,St. Louis Cardinals,1505.44873046875
2024-04-17T02:10:00Z,Los Angeles Dodgers,1498.505615234375
2024-04-17T02:10:00Z,Washington Nationals,1487.66162109375
2024-04-17T16:10:00Z,Miami Marlins,1475.9931640625
2024-04-17T16:10:00Z,San Francisco Giants,1512.41845703125
2024-04-17T17:05:00Z,Baltimore Orioles,1546.3251953125
2024-04-17T17:05:00Z,Minnesota Twins,1492.0406494140625
2024-04-17T17:10:00Z,New York Mets,1555.334228515625
2024-04-17T17:10:00Z,Pittsburgh Pirates,1506.4383544921875
2024-04-17T17:10:00Z,Detroit Tigers,1472.4339599609375
2024-04-17T17:10:00Z,Texas Rangers,1504.706298828125
2024-04-17T17:10:00Z,Milwaukee Brewers,1531.4949951171875
2024-04-17T17:10:00Z,San Diego Padres,1527.6146240234375
2024-04-17T18:10:00Z,Houston Astros,1480.138671875
2024-04-17T18:10:00Z,Atlanta Braves,1542.5936279296875
2024-04-17T18:10:00Z,Chicago White Sox,1449.05859375
2024-04-17T18:10:00Z,Kansas City Royals,1531.838623046875
2024-04-17T18:15:00Z,Chicago White Sox,1479.9639892578125
2024-04-17T18:15:00Z,Kansas City Royals,1500.9332275390625
2024-04-17T19:07:00Z,Toronto Blue Jays,1477.8631591796875
2024-04-17T19:07:00Z,New York Yankees,1503.7303466796875
2024-04-17T19:10:00Z,Los Angeles Dodgers,1475.295654296875
2024-04-17T19:10:00Z,Washington Nationals,1510.87158203125
2024-04-17T19:37:00Z,Oakland Athletics,1490.25048828125
2024-04-17T19:37:00Z,St. Louis Cardinals,1479.7098388671875
2024-04-17T19:40:00Z,Arizona Diamondbacks,1486.2730712890625
2024-04-17T19:40:00Z,Chicago Cubs,1524.08740234375
2024-04-17T20:10:00Z,Seattle Mariners,1511.182373046875
2024-04-17T20:10:00Z,Cincinnati Reds,1472.8687744140625
2024-04-17T22:05:00Z,Philadelphia Phillies,1489.415283203125
2024-04-17T22:05:00Z,Colorado Rockies,1433.5341796875
2024-04-17T22:50:00Z,Tampa Bay Rays,1483.144287109375
2024-04-17T22:50:00Z,Los Angeles Angels,1513.7119140625
2024-04-17T23:10:00Z,Boston Red Sox,1510.9661865234375
2024-04-17T23:10:00Z,Cleveland Guardians,1508.6658935546875
2024-04-18T17:10:00Z,Tampa Bay Rays,1506.13037109375
2024-04-18T17:10:00Z,Los Angeles Angels,1490.725830078125
2024-04-18T17:10:00Z,Detroit Tigers,1463.9195556640625
2024-04-18T17:10:00Z,Texas Rangers,1513.220703125
2024-04-18T17:35:00Z,Boston Red Sox,1490.470458984375
2024-04-18T17:35:00Z,Cleveland Guardians,1529.16162109375
2024-04-19T01:45:00Z,San Francisco Giants,1517.464111328125
2024-04-19T01:45:00Z,Arizona Diamondbacks,1481.2274169921875
2024-04-19T18:20:00Z,Chicago Cubs,1526.12841796875
2024-04-19T18:20:00Z,Miami Marlins,1473.9521484375
2024-04-19T22:40:00Z,Cincinnati Reds,1491.6466064453125
2024-04-19T22:40:00Z,Los Angeles Angels,1471.947998046875
2024-04-19T22:40:00Z,Pittsburgh Pirates,1481.8062744140625
2024-04-19T22:40:00Z,Boston Red Sox,1515.1025390625
2024-04-19T22:40:00Z,Philadelphia Phillies,1498.6201171875
2024-04-19T22:40:00Z,Chicago White Sox,1470.7591552734375
2024-04-19T22:45:00Z,Washington Nationals,1483.0828857421875
2024-04-19T22:45:00Z,Houston Astros,1507.9273681640625
2024-04-19T23:05:00Z,New York Yankees,1516.8729248046875
2024-04-19T23:05:00Z,Tampa Bay Rays,1492.98779296875
2024-04-19T23:10:00Z,Cleveland Guardians,1532.17578125
2024-04-19T23:10:00Z,Oakland Athletics,1487.236328125
2024-04-19T23:20:00Z,Atlanta Braves,1547.039306640625
2024-04-19T23:20:00Z,Texas Rangers,1508.7750244140625
2024-04-19T23:40:00Z,Kansas City Royals,1527.641357421875
2024-04-19T23:40:00Z,Baltimore Orioles,1519.6170654296875
2024-04-20T00:10:00Z,Minnesota Twins,1464.7115478515625
2024-04-20T00:10:00Z,Detroit Tigers,1491.2486572265625
2024-04-20T00:15:00Z,St. Louis Cardinals,1475.593994140625
2024-04-20T00:15:00Z,Milwaukee Brewers,1535.61083984375
2024-04-20T01:40:00Z,San Diego Padres,1497.5145263671875
2024-04-20T01:40:00Z,Toronto Blue Jays,1507.9632568359375
2024-04-20T02:10:00Z,Los Angeles Dodgers,1474.0595703125
2024-04-20T02:10:00Z,New York Mets,1556.5703125
2024-04-20T02:15:00Z,San Francisco Giants,1488.831787109375
2024-04-20T02:15:00Z,Arizona Diamondbacks,1509.8597412109375
2024-04-20T17:05:00Z,New York Yankees,1490.376953125
2024-04-20T17:05:00Z,Tampa Bay Rays,1519.4837646484375
2024-04-20T18:10:00Z,Minnesota Twins,1486.4488525390625
2024-04-20T18:10:00Z,Detroit Tigers,1469.5113525390625
2024-04-20T18:15:00Z,St. Louis Cardinals,1472.6575927734375
2024-04-20T18:15:00Z,Milwaukee Brewers,1538.5472412109375
2024-04-20T18:20:00Z,Chicago Cubs,1495.83837890625
2024-04-20T18:20:00Z,Miami Marlins,1504.2421875
2024-04-20T20:05:00Z,Washington Nationals,1504.269287109375
2024-04-20T20:05:00Z,Houston Astros,1486.740966796875
2024-04-20T20:05:00Z,Los Angeles Dodgers,1472.9517822265625
2024-04-20T20:05:00Z,New York Mets,1557.6781005859375
2024-04-20T20:05:00Z,Pittsburgh Pirates,1473.583251953125
2024-04-20T20:05:00Z,Boston Red Sox,1523.3255615234375
2024-04-20T20:05:00Z,San Francisco Giants,1508.7264404296875
2024-04-20T20:05:00Z,Arizona Diamondbacks,1489.965087890625
2024-04-20T22:05:00Z,Philadelphia Phillies,1503.3389892578125
2024-04-20T22:05:00Z,Chicago White Sox,1466.040283203125
2024-04-20T22:10:00Z,Cleveland Guardians,1534.5125732421875
2024-04-20T22:10:00Z,Oakland Athletics,1484.8995361328125
2024-04-20T22:40:00Z,Cincinnati Reds,1498.08544921875
2024-04-20T22:40:00Z,Los Angeles Angels,1465.5091552734375
2024-04-20T23:10:00Z,Kansas City Royals,1505.2830810546875
2024-04-20T23:10:00Z,Baltimore Orioles,1541.975341796875
2024-04-20T23:20:00Z,Atlanta Braves,1550.1357421875
2024-04-20T23:20:00Z,Texas Rangers,1505.6785888671875
2024-04-20T23:40:00Z,Chicago Cubs,1511.162353515625
2024-04-20T23:40:00Z,Miami Marlins,1488.918212890625
2024-04-21T00:10:00Z,Colorado Rockies,1432.160400390625
2024-04-21T00:10:00Z,Seattle Mariners,1512.55615234375
2024-04-21T00:40:00Z,San Diego Padres,1481.5914306640625
2024-04-21T00:40:00Z,Toronto Blue Jays,1523.8863525390625
2024-04-21T17:35:00Z,Washington Nationals,1511.237548828125
2024-04-21T17:35:00Z,Houston Astros,1479.772705078125
2024-04-21T17:35:00Z,Pittsburgh Pirates,1469.1180419921875
2024-04-21T17:35:00Z,Boston Red Sox,1527.790771484375
2024-04-21T17:35:00Z,Philadelphia Phillies,1506.56201171875
2024-04-21T17:35:00Z,Chicago White Sox,1462.8172607421875
2024-04-21T17:35:00Z,New York Yankees,1512.921142578125
2024-04-21T17:35:00Z,Tampa Bay Rays,1496.9395751953125
2024-04-21T17:40:00Z,Cincinnati Reds,1501.995849609375
2024-04-21T17:40:00Z,Los Angeles Angels,1461.5987548828125
2024-04-21T17:40:00Z,Cleveland Guardians,1536.4239501953125
2024-04-21T17:40:00Z,Oakland Athletics,1482.9881591796875
2024-04-21T18:10:00Z,Kansas City Royals,1497.978759765625
2024-04-21T18:10:00Z,Baltimore Orioles,1549.2796630859375
2024-04-21T18:10:00Z,Minnesota Twins,1461.5665283203125
2024-04-21T18:10:00Z,Detroit Tigers,1494.3936767578125
2024-04-21T18:15:00Z,St. Louis Cardinals,1470.3671875
2024-04-21T18:15:00Z,Milwaukee Brewers,1540.837646484375
2024-04-21T18:20:00Z,Chicago Cubs,1485.019287109375
2024-04-21T18:20:00Z,Miami Marlins,1515.061279296875
2024-04-21T19:10:00Z,Colorado Rockies,1462.943603515625
2024-04-21T19:10:00Z,Seattle Mariners,1481.77294921875
2024-04-21T20:05:00Z,San Francisco Giants,1483.39013671875
2024-04-21T20:05:00Z,Arizona Diamondbacks,1515.3013916015625
2024-04-21T20:10:00Z,Los Angeles Dodgers,1503.9481201171875
2024-04-21T20:10:00Z,New York Mets,1526.6817626953125
2024-04-21T20:10:00Z,San Diego Padres,1507.6392822265625
2024-04-21T20:10:00Z,Toronto Blue Jays,1497.8385009765625
2024-04-21T23:10:00Z,Atlanta Braves,1520.5211181640625
2024-04-21T23:10:00Z,Texas Rangers,1535.293212890625
2024-04-22T00:10:00Z,Colorado Rockies,1450.0673828125
2024-04-22T00:10:00Z,Seattle Mariners,1494.649169921875
2024-04-22T17:05:00Z,New York Yankees,1485.2689208984375
2024-04-22T17:05:00Z,Oakland Athletics,1510.640380859375
2024-04-22T22:40:00Z,Cincinnati Reds,1483.9173583984375
2024-04-22T22:40:00Z,Philadelphia Phillies,1524.6405029296875
2024-04-22T22:40:00Z,Pittsburgh Pirates,1499.3369140625
2024-04-22T22:40:00Z,Milwaukee Brewers,1510.6187744140625
2024-04-22T22:50:00Z,Tampa Bay Rays,1476.360595703125
2024-04-22T22:50:00Z,Detroit Tigers,1514.97265625
2024-04-22T23:20:00Z,Atlanta Braves,1530.9765625
2024-04-22T23:20:00Z,Miami Marlins,1504.6058349609375
2024-04-22T23:40:00Z,Kansas City Royals,1478.2257080078125
2024-04-22T23:40:00Z,Toronto Blue Jays,1517.591552734375
2024-04-22T23:40:00Z,Minnesota Twins,1474.30126953125
2024-04-22T23:40:00Z,Chicago White Sox,1450.08251953125
2024-04-22T23:45:00Z,St. Louis Cardinals,1496.9815673828125
2024-04-22T23:45:00Z,Arizona Diamondbacks,1488.68701171875
2024-04-23T00:40:00Z,Colorado Rockies,1446.816650390625
2024-04-23T00:40:00Z,San Diego Padres,1510.8900146484375
2024-04-23T01:38:00Z,Los Angeles Angels,1460.71923828125
2024-04-23T01:38:00Z,Baltimore Orioles,1550.1591796875
2024-04-23T01:45:00Z,San Francisco Giants,1509.6572265625
2024-04-23T01:45:00Z,New York Mets,1500.4146728515625
2024-04-23T22:10:00Z,Cleveland Guardians,1545.8778076171875
2024-04-23T22:10:00Z,Boston Red Sox,1518.3369140625
2024-04-23T22:40:00Z,Cincinnati Reds,1509.6065673828125
2024-04-23T22:40:00Z,Philadelphia Phillies,1498.9512939453125
2024-04-23T22:40:00Z,Pittsburgh Pirates,1515.720703125
2024-04-23T22:40:00Z,Milwaukee Brewers,1494.2349853515625
2024-04-23T22:45:00Z,Washington Nationals,1489.1087646484375
2024-04-23T22:45:00Z,Los Angeles Dodgers,1526.076904296875
2024-04-23T22:50:00Z,Tampa Bay Rays,1469.542724609375
2024-04-23T22:50:00Z,Detroit Tigers,1521.79052734375
2024-04-23T23:05:00Z,New York Yankees,1506.62841796875
2024-04-23T23:05:00Z,Oakland Athletics,1489.2808837890625
2024-04-23T23:20:00Z,Atlanta Braves,1535.978271484375
2024-04-23T23:20:00Z,Miami Marlins,1499.6041259765625
2024-04-23T23:40:00Z,Chicago Cubs,1495.5439453125
2024-04-23T23:40:00Z,Houston Astros,1469.248046875
2024-04-23T23:40:00Z,Kansas City Royals,1503.5921630859375
2024-04-23T23:40:00Z,Toronto Blue Jays,1492.22509765625
2024-04-23T23:40:00Z,Minnesota Twins,1479.735595703125
2024-04-23T23:40:00Z,Chicago White Sox,1444.648193359375
2024-04-23T23:45:00Z,St. Louis Cardinals,1474.5396728515625
2024-04-23T23:45:00Z,Arizona Diamondbacks,1511.12890625
2024-04-24T00:05:00Z,Texas Rangers,1506.096435546875
2024-04-24T00:05:00Z,Seattle Mariners,1523.845947265625
2024-04-24T00:40:00Z,Colorado Rockies,1476.3419189453125
2024-04-24T00:40:00Z,San Diego Padres,1481.36474609375
2024-04-24T01:38:00Z,Los Angeles Angels,1491.906494140625
2024-04-24T01:38:00Z,Baltimore Orioles,1518.971923828125
2024-04-24T01:45:00Z,San Francisco Giants,1518.92529296875
2024-04-24T01:45:00Z,New York Mets,1491.1466064453125
2024-04-24T17:15:00Z,St. Louis Cardinals,1499.2086181640625
2024-04-24T17:15:00Z,Arizona Diamondbacks,1486.4599609375
2024-04-24T19:45:00Z,San Francisco Giants,1491.659423828125
2024-04-24T19:45:00Z,New York Mets,1518.4124755859375
2024-04-24T20:07:00Z,Los Angeles Angels,1481.8126220703125
2024-04-24T20:07:00Z,Baltimore Orioles,1529.0657958984375
2024-04-24T22:10:00Z,Cleveland Guardians,1518.6563720703125
2024-04-24T22:10:00Z,Boston Red Sox,1545.558349609375
2024-04-24T22:40:00Z,Cincinnati Reds,1518.4521484375
2024-04-24T22:40:00Z,Philadelphia Phillies,1490.105712890625
2024-04-24T22:40:00Z,Pittsburgh Pirates,1489.7467041015625
2024-04-24T22:40:00Z,Milwaukee Brewers,1520.208984375
2024-04-24T22:45:00Z,Washington Nationals,1481.8758544921875
2024-04-24T22:45:00Z,Los Angeles Dodgers,1533.309814453125
2024-04-24T22:50:00Z,Tampa Bay Rays,1497.502685546875
2024-04-24T22:50:00Z,Detroit Tigers,1493.83056640625
2024-04-24T23:05:00Z,New York Yankees,1513.6422119140625
2024-04-24T23:05:00Z,Oakland Athletics,1482.26708984375
2024-04-24T23:20:00Z,Atlanta Braves,1539.326904296875
2024-04-24T23:20:00Z,Miami Marlins,1496.2554931640625
2024-04-24T23:40:00Z,Chicago Cubs,1500.560302734375
2024-04-24T23:40:00Z,Houston Astros,1464.231689453125
2024-04-24T23:40:00Z,Kansas City Royals,1512.2294921875
2024-04-24T23:40:00Z,Toronto Blue Jays,1483.5877685546875
2024-04-24T23:40:00Z,Minnesota Twins,1483.26611328125
2024-04-24T23:40:00Z,Chicago White Sox,1441.11767578125
2024-04-25T00:05:00Z,Texas Rangers,1524.8358154296875
2024-04-25T00:05:00Z,Seattle Mariners,1505.1065673828125
2024-04-25T00:40:00Z,Colorado Rockies,1458.4290771484375
2024-04-25T00:40:00Z,San Diego Padres,1499.277587890625
2024-04-25T16:35:00Z,Pittsburgh Pirates,1480.701416015625
2024-04-25T16:35:00Z,Milwaukee Brewers,1529.2542724609375
2024-04-25T17:10:00Z,Cleveland Guardians,1540.5103759765625
2024-04-25T17:10:00Z,Boston Red Sox,1523.704345703125
2024-04-25T17:10:00Z,Cincinnati Reds,1491.081787109375
2024-04-25T17:10:00Z,Philadelphia Phillies,1517.47607421875
2024-04-25T17:10:00Z,Minnesota Twins,1485.8970947265625
2024-04-25T17:10:00Z,Chicago White Sox,1438.4866943359375
2024-04-25T18:20:00Z,Chicago Cubs,1503.9151611328125
2024-04-25T18:20:00Z,Houston Astros,1460.8768310546875
2024-04-25T18:35:00Z,Texas Rangers,1499.2674560546875
2024-04-25T18:35:00Z,Seattle Mariners,1530.6749267578125
2024-04-25T19:10:00Z,Colorado Rockies,1484.1474609375
2024-04-25T19:10:00Z,San Diego Padres,1473.5592041015625
2024-04-25T20:05:00Z,Washington Nationals,1477.70166015625
2024-04-25T20:05:00Z,Los Angeles Dodgers,1537.4840087890625
2024-04-25T23:05:00Z,New York Yankees,1485.7464599609375
2024-04-25T23:05:00Z,Oakland Athletics,1510.162841796875
2024-04-26T17:10:00Z,Detroit Tigers,1480.801513671875
2024-04-26T17:10:00Z,Kansas City Royals,1525.258544921875
2024-04-26T23:05:00Z,Baltimore Orioles,1503.6951904296875
2024-04-26T23:05:00Z,Oakland Athletics,1535.533447265625
2024-04-26T23:07:00Z,Toronto Blue Jays,1479.8082275390625
2024-04-26T23:07:00Z,Los Angeles Dodgers,1541.2635498046875
2024-04-26T23:10:00Z,Boston Red Sox,1498.121826171875
2024-04-26T23:10:00Z,Chicago Cubs,1529.4976806640625
2024-04-26T23:10:00Z,New York Mets,1492.9693603515625
2024-04-26T23:10:00Z,St. Louis Cardinals,1524.6517333984375
2024-04-26T23:10:00Z,Miami Marlins,1470.9697265625
2024-04-26T23:10:00Z,Washington Nationals,1502.9874267578125
2024-04-26T23:20:00Z,Atlanta Braves,1552.037841796875
2024-04-26T23:20:00Z,Cleveland Guardians,1527.7994384765625
2024-04-26T23:40:00Z,Chicago White Sox,1467.425048828125
2024-04-26T23:40:00Z,Tampa Bay Rays,1468.5643310546875
2024-04-27T00:05:00Z,Texas Rangers,1508.859130859375
2024-04-27T00:05:00Z,Cincinnati Reds,1481.4901123046875
2024-04-27T00:10:00Z,Milwaukee Brewers,1531.738037109375
2024-04-27T00:10:00Z,New York Yankees,1483.2626953125
2024-04-27T01:38:00Z,Los Angeles Angels,1463.5599365234375
2024-04-27T01:38:00Z,Minnesota Twins,1504.1497802734375
2024-04-27T01:40:00Z,Seattle Mariners,1533.0850830078125
2024-04-27T01:40:00Z,Arizona Diamondbacks,1484.0498046875
2024-04-27T01:40:00Z,San Diego Padres,1467.96044921875
2024-04-27T01:40:00Z,Philadelphia Phillies,1523.0748291015625
2024-04-27T02:15:00Z,San Francisco Giants,1500.4161376953125
2024-04-27T02:15:00Z,Pittsburgh Pirates,1471.9447021484375
2024-04-27T19:07:00Z,Toronto Blue Jays,1477.0438232421875
2024-04-27T19:07:00Z,Los Angeles Dodgers,1544.0279541015625
2024-04-27T20:05:00Z,Baltimore Orioles,1527.0552978515625
2024-04-27T20:05:00Z,Oakland Athletics,1512.17333984375
2024-04-27T20:05:00Z,New York Mets,1484.2840576171875
2024-04-27T20:05:00Z,St. Louis Cardinals,1533.3370361328125
2024-04-27T20:05:00Z,Texas Rangers,1481.669921875
2024-04-27T20:05:00Z,Cincinnati Reds,1508.6793212890625
2024-04-27T20:10:00Z,Boston Red Sox,1521.346923828125
2024-04-27T20:10:00Z,Chicago Cubs,1506.2725830078125
2024-04-27T20:10:00Z,Miami Marlins,1462.3818359375
2024-04-27T20:10:00Z,Washington Nationals,1511.5753173828125
2024-04-27T22:05:00Z,Colorado Rockies,1457.7816162109375
2024-04-27T22:05:00Z,Houston Astros,1487.24267578125
2024-04-27T22:10:00Z,Detroit Tigers,1507.3167724609375
2024-04-27T22:10:00Z,Kansas City Royals,1498.7432861328125
2024-04-27T23:10:00Z,Chicago White Sox,1480.1204833984375
2024-04-27T23:10:00Z,Tampa Bay Rays,1455.868896484375
2024-04-27T23:10:00Z,Milwaukee Brewers,1501.7457275390625
2024-04-27T23:10:00Z,New York Yankees,1513.2550048828125
2024-04-27T23:20:00Z,Atlanta Braves,1525.4681396484375
2024-04-27T23:20:00Z,Cleveland Guardians,1554.369140625
2024-04-28T00:40:00Z,San Diego Padres,1464.3638916015625
2024-04-28T00:40:00Z,Philadelphia Phillies,1526.67138671875
2024-04-28T01:05:00Z,San Francisco Giants,1473.0230712890625
2024-04-28T01:05:00Z,Pittsburgh Pirates,1499.3377685546875
2024-04-28T01:38:00Z,Los Angeles Angels,1457.2178955078125
2024-04-28T01:38:00Z,Minnesota Twins,1510.4918212890625
2024-04-28T01:40:00Z,Seattle Mariners,1535.0447998046875
2024-04-28T01:40:00Z,Arizona Diamondbacks,1482.090087890625
2024-04-28T17:35:00Z,Baltimore Orioles,1502.710693359375
2024-04-28T17:35:00Z,Oakland Athletics,1536.5179443359375
2024-04-28T17:35:00Z,Atlanta Braves,1547.9490966796875
2024-04-28T17:35:00Z,Cleveland Guardians,1531.88818359375
2024-04-28T17:37:00Z,Toronto Blue Jays,1506.8583984375
2024-04-28T17:37:00Z,Los Angeles Dodgers,1514.21337890625
2024-04-28T17:40:00Z,Detroit Tigers,1516.7889404296875
2024-04-28T17:40:00Z,Kansas City Royals,1489.2711181640625
2024-04-28T17:40:00Z,New York Mets,1511.695556640625
2024-04-28T17:40:00Z,St. Louis Cardinals,1505.925537109375
2024-04-28T17:40:00Z,Miami Marlins,1457.8187255859375
2024-04-28T17:40:00Z,Washington Nationals,1516.138427734375
2024-04-28T18:10:00Z,Chicago White Sox,1485.5479736328125
2024-04-28T18:10:00Z,Tampa Bay Rays,1450.44140625
2024-04-28T18:10:00Z,Milwaukee Brewers,1486.2132568359375
2024-04-28T18:10:00Z,New York Yankees,1528.7874755859375
2024-04-28T18:35:00Z,Texas Rangers,1503.5582275390625
2024-04-28T18:35:00Z,Cincinnati Reds,1486.791015625
2024-04-28T20:05:00Z,Colorado Rockies,1448.43408203125
2024-04-28T20:05:00Z,Houston Astros,1496.5902099609375
2024-04-28T20:05:00Z,San Francisco Giants,1494.6888427734375
2024-04-28T20:05:00Z,Pittsburgh Pirates,1477.6719970703125
2024-04-28T20:07:00Z,Los Angeles Angels,1453.341796875
2024-04-28T20:07:00Z,Minnesota Twins,1514.367919921875
2024-04-28T20:10:00Z,Seattle Mariners,1504.6976318359375
2024-04-28T20:10:00Z,Arizona Diamondbacks,1512.437255859375
2024-04-28T20:10:00Z,San Diego Padres,1461.697021484375
2024-04-28T20:10:00Z,Philadelphia Phillies,1529.3382568359375
2024-04-28T23:10:00Z,Boston Red Sox,1528.9508056640625
2024-04-28T23:10:00Z,Chicago Cubs,1498.668701171875
2024-04-29T22:35:00Z,Baltimore Orioles,1524.2996826171875
2024-04-29T22:35:00Z,New York Yankees,1507.198486328125
2024-04-29T22:40:00Z,Miami Marlins,1454.6671142578125
2024-04-29T22:40:00Z,Washington Nationals,1519.2900390625
2024-04-29T23:07:00Z,Toronto Blue Jays,1513.8118896484375
2024-04-29T23:07:00Z,Kansas City Royals,1482.317626953125
2024-04-29T23:10:00Z,New York Mets,1487.8594970703125
2024-04-29T23:10:00Z,Chicago Cubs,1522.5047607421875
2024-04-29T23:40:00Z,Chicago White Sox,1476.00390625
2024-04-29T23:40:00Z,Minnesota Twins,1523.9119873046875
2024-04-29T23:40:00Z,Milwaukee Brewers,1457.6458740234375
2024-04-29T23:40:00Z,Tampa Bay Rays,1479.0087890625
2024-04-30T01:38:00Z,Los Angeles Angels,1483.8643798828125
2024-04-30T01:38:00Z,Philadelphia Phillies,1498.815673828125
2024-04-30T01:40:00Z,Arizona Diamondbacks,1493.35791015625
2024-04-30T01:40:00Z,Los Angeles Dodgers,1533.292724609375
2024-04-30T01:40:00Z,Oakland Athletics,1537.793701171875
2024-04-30T01:40:00Z,Pittsburgh Pirates,1476.396240234375
2024-04-30T01:40:00Z,San Diego Padres,1450.965576171875
2024-04-30T01:40:00Z,Cincinnati Reds,1497.5224609375
2024-04-30T01:40:00Z,Seattle Mariners,1530.9559326171875
2024-04-30T01:40:00Z,Atlanta Braves,1521.6907958984375
2024-04-30T19:40:00Z,Detroit Tigers,1493.5733642578125
2024-04-30T19:40:00Z,St. Louis Cardinals,1529.14111328125
2024-04-30T19:45:00Z,Detroit Tigers,1517.97314453125
2024-04-30T19:45:00Z,St. Louis Cardinals,1504.741455078125
2024-04-30T22:35:00Z,Baltimore Orioles,1531.375732421875
2024-04-30T22:35:00Z,New York Yankees,1500.1224365234375
2024-04-30T22:40:00Z,Miami Marlins,1464.8734130859375
2024-04-30T22:40:00Z,Colorado Rockies,1438.227783203125
2024-04-30T23:07:00Z,Toronto Blue Jays,1485.8966064453125
2024-04-30T23:07:00Z,Kansas City Royals,1510.23291015625
2024-04-30T23:10:00Z,New York Mets,1512.01025390625
2024-04-30T23:10:00Z,Chicago Cubs,1498.35400390625
2024-04-30T23:10:00Z,Boston Red Sox,1532.6024169921875
2024-04-30T23:10:00Z,San Francisco Giants,1491.0372314453125
2024-04-30T23:40:00Z,Chicago White Sox,1471.2042236328125
2024-04-30T23:40:00Z,Minnesota Twins,1528.711669921875
2024-04-30T23:40:00Z,Milwaukee Brewers,1477.6563720703125
2024-04-30T23:40:00Z,Tampa Bay Rays,1458.998291015625
2024-05-01T00:05:00Z,Texas Rangers,1521.57080078125
2024-05-01T00:05:00Z,Washington Nationals,1501.2774658203125
2024-05-01T00:10:00Z,Houston Astros,1520.917724609375
2024-05-01T00:10:00Z,Cleveland Guardians,1507.5606689453125
2024-05-01T01:38:00Z,Los Angeles Angels,1469.59326171875
2024-05-01T01:38:00Z,Philadelphia Phillies,1513.0867919921875
2024-05-01T01:40:00Z,Arizona Diamondbacks,1518.861083984375
2024-05-01T01:40:00Z,Los Angeles Dodgers,1507.78955078125
2024-05-01T01:40:00Z,Oakland Athletics,1538.93310546875
2024-05-01T01:40:00Z,Pittsburgh Pirates,1475.2568359375
2024-05-01T01:40:00Z,San Diego Padres,1477.906494140625
2024-05-01T01:40:00Z,Cincinnati Reds,1470.58154296875
2024-05-01T01:40:00Z,Seattle Mariners,1540.217041015625
2024-05-01T01:40:00Z,Atlanta Braves,1512.4296875
2024-05-01T17:10:00Z,Detroit Tigers,1526.079833984375
2024-05-01T17:10:00Z,St. Louis Cardinals,1496.634765625
2024-05-01T17:10:00Z,Milwaukee Brewers,1484.34521484375
2024-05-01T17:10:00Z,Tampa Bay Rays,1452.3094482421875
2024-05-01T18:10:00Z,Chicago White Sox,1467.9447021484375
2024-05-01T18:10:00Z,Minnesota Twins,1531.97119140625
2024-05-01T19:07:00Z,Toronto Blue Jays,1474.9149169921875
2024-05-01T19:07:00Z,Kansas City Royals,1521.214599609375
2024-05-01T19:37:00Z,Oakland Athletics,1539.962646484375
2024-05-01T19:37:00Z,Pittsburgh Pirates,1474.227294921875
2024-05-01T19:40:00Z,Seattle Mariners,1512.9495849609375
2024-05-01T19:40:00Z,Atlanta Braves,1539.6971435546875
2024-05-01T20:07:00Z,Los Angeles Angels,1463.9039306640625
2024-05-01T20:07:00Z,Philadelphia Phillies,1518.776123046875
2024-05-01T20:10:00Z,San Diego Padres,1487.7664794921875
2024-05-01T20:10:00Z,Cincinnati Reds,1460.7215576171875
2024-05-01T22:35:00Z,Baltimore Orioles,1503.5001220703125
2024-05-01T22:35:00Z,New York Yankees,1527.998046875
2024-05-01T22:40:00Z,Miami Marlins,1469.822021484375
2024-05-01T22:40:00Z,Colorado Rockies,1433.2791748046875
2024-05-01T23:10:00Z,New York Mets,1487.9991455078125
2024-05-01T23:10:00Z,Chicago Cubs,1522.3651123046875
2024-05-01T23:10:00Z,Boston Red Sox,1535.2989501953125
2024-05-01T23:10:00Z,San Francisco Giants,1488.3406982421875
2024-05-02T00:05:00Z,Texas Rangers,1495.8699951171875
2024-05-02T00:05:00Z,Washington Nationals,1526.978271484375
2024-05-02T00:10:00Z,Houston Astros,1496.989501953125
2024-05-02T00:10:00Z,Cleveland Guardians,1531.4888916015625
2024-05-02T01:40:00Z,Arizona Diamondbacks,1495.58447265625
2024-05-02T01:40:00Z,Los Angeles Dodgers,1531.066162109375
2024-05-02T16:10:00Z,Miami Marlins,1473.1473388671875
2024-05-02T16:10:00Z,Colorado Rockies,1429.953857421875
2024-05-02T17:05:00Z,Baltimore Orioles,1524.572021484375
2024-05-02T17:05:00Z,New York Yankees,1506.9261474609375
2024-05-02T17:10:00Z,New York Mets,1512.073486328125
2024-05-02T17:10:00Z,Chicago Cubs,1498.290771484375
2024-05-02T17:35:00Z,Boston Red Sox,1505.4422607421875
2024-05-02T17:35:00Z,San Francisco Giants,1518.1973876953125
2024-05-02T18:35:00Z,Texas Rangers,1519.0164794921875
2024-05-02T18:35:00Z,Washington Nationals,1503.831787109375
2024-05-03T00:10:00Z,Houston Astros,1521.1004638671875
2024-05-03T00:10:00Z,Cleveland Guardians,1507.3779296875
2024-05-03T18:20:00Z,Chicago Cubs,1474.2000732421875
2024-05-03T18:20:00Z,Milwaukee Brewers,1508.4359130859375
2024-05-03T22:10:00Z,Cincinnati Reds,1458.2232666015625
2024-05-03T22:10:00Z,Baltimore Orioles,1527.0703125
2024-05-03T22:40:00Z,Pittsburgh Pirates,1444.6314697265625
2024-05-03T22:40:00Z,Colorado Rockies,1459.5496826171875
2024-05-03T22:40:00Z,Philadelphia Phillies,1530.870849609375
2024-05-03T22:40:00Z,San Francisco Giants,1506.1026611328125
2024-05-03T22:45:00Z,Washington Nationals,1508.3583984375
2024-05-03T22:45:00Z,Toronto Blue Jays,1470.3883056640625
2024-05-03T22:50:00Z,Tampa Bay Rays,1481.3419189453125
2024-05-03T22:50:00Z,New York Mets,1483.041015625
2024-05-03T23:05:00Z,New York Yankees,1526.1646728515625
2024-05-03T23:05:00Z,Detroit Tigers,1506.84130859375
2024-05-03T23:10:00Z,Cleveland Guardians,1477.865234375
2024-05-03T23:10:00Z,Los Angeles Angels,1493.4166259765625
2024-05-03T23:40:00Z,Kansas City Royals,1532.7535400390625
2024-05-03T23:40:00Z,Texas Rangers,1507.4775390625
2024-05-04T00:10:00Z,Houston Astros,1530.702880859375
2024-05-04T00:10:00Z,Seattle Mariners,1503.34716796875
2024-05-04T00:10:00Z,Minnesota Twins,1536.9422607421875
2024-05-04T00:10:00Z,Boston Red Sox,1500.47119140625
2024-05-04T00:15:00Z,St. Louis Cardinals,1501.2021484375
2024-05-04T00:15:00Z,Chicago White Sox,1463.3773193359375
2024-05-04T01:40:00Z,Arizona Diamondbacks,1473.290283203125
2024-05-04T01:40:00Z,San Diego Padres,1510.0606689453125
2024-05-04T01:40:00Z,Oakland Athletics,1540.857421875
2024-05-04T01:40:00Z,Miami Marlins,1472.2525634765625
2024-05-04T02:10:00Z,Los Angeles Dodgers,1546.4736328125
2024-05-04T02:10:00Z,Atlanta Braves,1524.2896728515625
2024-05-04T17:05:00Z,New York Yankees,1532.69287109375
2024-05-04T17:05:00Z,Detroit Tigers,1500.3131103515625
2024-05-04T18:10:00Z,Minnesota Twins,1540.2774658203125
2024-05-04T18:10:00Z,Boston Red Sox,1497.135986328125
2024-05-04T18:15:00Z,St. Louis Cardinals,1472.355712890625
2024-05-04T18:15:00Z,Chicago White Sox,1492.2237548828125
2024-05-04T18:20:00Z,Chicago Cubs,1498.2386474609375
2024-05-04T18:20:00Z,Milwaukee Brewers,1484.3973388671875
2024-05-04T20:05:00Z,Pittsburgh Pirates,1462.348388671875
2024-05-04T20:05:00Z,Colorado Rockies,1441.832763671875
2024-05-04T20:05:00Z,Washington Nationals,1479.492919921875
2024-05-04T20:05:00Z,Toronto Blue Jays,1499.2537841796875
2024-05-04T20:07:00Z,Oakland Athletics,1541.6832275390625
2024-05-04T20:07:00Z,Miami Marlins,1471.4267578125
2024-05-04T22:05:00Z,Philadelphia Phillies,1536.1920166015625
2024-05-04T22:05:00Z,San Francisco Giants,1500.781494140625
2024-05-04T22:10:00Z,Cleveland Guardians,1495.8123779296875
2024-05-04T22:10:00Z,Los Angeles Angels,1475.469482421875
2024-05-04T22:40:00Z,Cincinnati Reds,1456.2061767578125
2024-05-04T22:40:00Z,Baltimore Orioles,1529.08740234375
2024-05-04T23:10:00Z,Kansas City Royals,1505.9716796875
2024-05-04T23:10:00Z,Texas Rangers,1534.2593994140625
2024-05-04T23:15:00Z,Houston Astros,1503.5162353515625
2024-05-04T23:15:00Z,Seattle Mariners,1530.5338134765625
2024-05-04T23:15:00Z,Tampa Bay Rays,1494.2352294921875
2024-05-04T23:15:00Z,New York Mets,1470.147705078125
2024-05-05T00:10:00Z,Arizona Diamondbacks,1466.0062255859375
2024-05-05T00:10:00Z,San Diego Padres,1517.3447265625
2024-05-05T01:10:00Z,Los Angeles Dodgers,1552.3438720703125
2024-05-05T01:10:00Z,Atlanta Braves,1518.41943359375
2024-05-05T17:35:00Z,Pittsburgh Pirates,1468.595947265625
2024-05-05T17:35:00Z,Colorado Rockies,1435.585205078125
2024-05-05T17:35:00Z,Washington Nationals,1498.9454345703125
2024-05-05T17:35:00Z,Toronto Blue Jays,1479.80126953125
2024-05-05T17:40:00Z,Cleveland Guardians,1502.0999755859375
2024-05-05T17:40:00Z,Los Angeles Angels,1469.181884765625
2024-05-05T17:40:00Z,Tampa Bay Rays,1499.6968994140625
2024-05-05T17:40:00Z,New York Mets,1464.68603515625
2024-05-05T18:10:00Z,Houston Astros,1493.4071044921875
2024-05-05T18:10:00Z,Seattle Mariners,1540.6429443359375
2024-05-05T18:10:00Z,Kansas City Royals,1496.2626953125
2024-05-05T18:10:00Z,Texas Rangers,1543.9683837890625
2024-05-05T18:10:00Z,Minnesota Twins,1510.8001708984375
2024-05-05T18:10:00Z,Boston Red Sox,1526.61328125
2024-05-05T18:15:00Z,St. Louis Cardinals,1459.8458251953125
2024-05-05T18:15:00Z,Chicago White Sox,1504.733642578125
2024-05-05T18:20:00Z,Chicago Cubs,1506.176513671875
2024-05-05T18:20:00Z,Milwaukee Brewers,1476.45947265625
2024-05-05T20:07:00Z,Oakland Athletics,1510.4500732421875
2024-05-05T20:07:00Z,Miami Marlins,1502.659912109375
2024-05-05T20:10:00Z,Cincinnati Reds,1454.512939453125
2024-05-05T20:10:00Z,Baltimore Orioles,1530.7806396484375
2024-05-05T20:10:00Z,Arizona Diamondbacks,1493.8160400390625
2024-05-05T20:10:00Z,San Diego Padres,1489.534912109375
2024-05-05T20:10:00Z,Los Angeles Dodgers,1556.046142578125
2024-05-05T20:10:00Z,Atlanta Braves,1514.7171630859375
2024-05-05T23:10:00Z,Philadelphia Phillies,1539.676025390625
2024-05-05T23:10:00Z,San Francisco Giants,1497.2974853515625
2024-05-06T20:05:00Z,Philadelphia Phillies,1542.281494140625
2024-05-06T20:05:00Z,San Francisco Giants,1494.6920166015625
2024-05-06T22:10:00Z,Cleveland Guardians,1513.779052734375
2024-05-06T22:10:00Z,Detroit Tigers,1488.634033203125
2024-05-06T22:40:00Z,Pittsburgh Pirates,1481.0966796875
2024-05-06T22:40:00Z,Los Angeles Angels,1456.68115234375
2024-05-06T22:50:00Z,Tampa Bay Rays,1513.7890625
2024-05-06T22:50:00Z,Chicago White Sox,1490.6414794921875
2024-05-06T23:10:00Z,Kansas City Royals,1502.6767578125
2024-05-06T23:10:00Z,Milwaukee Brewers,1470.04541015625
2024-05-06T23:40:00Z,Chicago Cubs,1481.369873046875
2024-05-06T23:40:00Z,San Diego Padres,1514.341552734375
2024-05-06T23:40:00Z,Minnesota Twins,1533.568603515625
2024-05-06T23:40:00Z,Seattle Mariners,1517.87451171875
2024-05-06T23:45:00Z,St. Louis Cardinals,1441.86669921875
2024-05-06T23:45:00Z,New York Mets,1482.6651611328125
2024-05-07T01:40:00Z,Oakland Athletics,1502.2894287109375
2024-05-07T01:40:00Z,Texas Rangers,1552.1290283203125
2024-05-07T02:10:00Z,Los Angeles Dodgers,1557.6680908203125
2024-05-07T02:10:00Z,Miami Marlins,1501.0379638671875
2024-05-07T19:37:00Z,Oakland Athletics,1497.8414306640625
2024-05-07T19:37:00Z,Texas Rangers,1556.5770263671875
2024-05-07T22:10:00Z,Cleveland Guardians,1487.023681640625
2024-05-07T22:10:00Z,Detroit Tigers,1515.389404296875
2024-05-07T22:40:00Z,Cincinnati Reds,1447.8642578125
2024-05-07T22:40:00Z,Arizona Diamondbacks,1500.4647216796875
2024-05-07T22:40:00Z,Pittsburgh Pirates,1454.490234375
2024-05-07T22:40:00Z,Los Angeles Angels,1483.28759765625
2024-05-07T22:40:00Z,Philadelphia Phillies,1543.3673095703125
2024-05-07T22:40:00Z,Toronto Blue Jays,1478.7154541015625
2024-05-07T22:45:00Z,Washington Nationals,1522.3046875
2024-05-07T22:45:00Z,Baltimore Orioles,1507.42138671875
2024-05-07T22:50:00Z,Tampa Bay Rays,1519.4495849609375
2024-05-07T22:50:00Z,Chicago White Sox,1484.98095703125
2024-05-07T23:05:00Z,New York Yankees,1535.6602783203125
2024-05-07T23:05:00Z,Houston Astros,1490.439697265625
2024-05-07T23:20:00Z,Atlanta Braves,1531.3270263671875
2024-05-07T23:20:00Z,Boston Red Sox,1510.00341796875
2024-05-07T23:40:00Z,Chicago Cubs,1505.05517578125
2024-05-07T23:40:00Z,San Diego Padres,1490.65625
2024-05-07T23:40:00Z,Minnesota Twins,1509.00830078125
2024-05-07T23:40:00Z,Seattle Mariners,1542.434814453125
2024-05-07T23:40:00Z,Kansas City Royals,1474.5784912109375
2024-05-07T23:40:00Z,Milwaukee Brewers,1498.1436767578125
2024-05-07T23:45:00Z,St. Louis Cardinals,1435.5733642578125
2024-05-07T23:45:00Z,New York Mets,1488.95849609375
2024-05-08T00:40:00Z,Colorado Rockies,1432.53515625
2024-05-08T00:40:00Z,San Francisco Giants,1497.7420654296875
2024-05-08T02:10:00Z,Los Angeles Dodgers,1559.0748291015625
2024-05-08T02:10:00Z,Miami Marlins,1499.6312255859375
2024-05-08T16:35:00Z,Pittsburgh Pirates,1444.939208984375
2024-05-08T16:35:00Z,Los Angeles Angels,1492.838623046875
2024-05-08T17:05:00Z,Philadelphia Phillies,1512.35302734375
2024-05-08T17:05:00Z,Toronto Blue Jays,1509.729736328125
2024-05-08T17:10:00Z,Cleveland Guardians,1509.3389892578125
2024-05-08T17:10:00Z,Detroit Tigers,1493.0740966796875
2024-05-08T18:10:00Z,Kansas City Royals,1495.3392333984375
2024-05-08T18:10:00Z,Milwaukee Brewers,1477.3829345703125
2024-05-08T18:20:00Z,Chicago Cubs,1480.8408203125
2024-05-08T18:20:00Z,San Diego Padres,1514.87060546875
2024-05-08T19:10:00Z,Los Angeles Dodgers,1560.3172607421875
2024-05-08T19:10:00Z,Miami Marlins,1498.3887939453125
2024-05-08T19:37:00Z,Oakland Athletics,1526.743896484375
2024-05-08T19:37:00Z,Texas Rangers,1527.674560546875
2024-05-08T19:42:00Z,Oakland Athletics,1507.3658447265625
2024-05-08T19:42:00Z,Texas Rangers,1547.0526123046875
2024-05-08T22:40:00Z,Cincinnati Reds,1443.8812255859375
2024-05-08T22:40:00Z,Arizona Diamondbacks,1504.44775390625
2024-05-08T22:45:00Z,Washington Nationals,1497.959716796875
2024-05-08T22:45:00Z,Baltimore Orioles,1531.766357421875
2024-05-08T22:50:00Z,Tampa Bay Rays,1491.070556640625
2024-05-08T22:50:00Z,Chicago White Sox,1513.3599853515625
2024-05-08T23:05:00Z,New York Yankees,1537.96923828125
2024-05-08T23:05:00Z,Houston Astros,1488.1307373046875
2024-05-08T23:20:00Z,Atlanta Braves,1537.3895263671875
2024-05-08T23:20:00Z,Boston Red Sox,1503.94091796875
2024-05-08T23:40:00Z,Minnesota Twins,1532.8218994140625
2024-05-08T23:40:00Z,Seattle Mariners,1518.6212158203125
2024-05-09T00:40:00Z,Colorado Rockies,1430.177001953125
2024-05-09T00:40:00Z,San Francisco Giants,1500.1002197265625
2024-05-09T17:10:00Z,Cincinnati Reds,1441.01171875
2024-05-09T17:10:00Z,Arizona Diamondbacks,1507.3172607421875
2024-05-09T17:10:00Z,Minnesota Twins,1540.6614990234375
2024-05-09T17:10:00Z,Seattle Mariners,1510.7816162109375
2024-05-09T19:10:00Z,Colorado Rockies,1460.2515869140625
2024-05-09T19:10:00Z,San Francisco Giants,1470.025634765625
2024-05-09T21:05:00Z,New York Yankees,1507.862060546875
2024-05-09T21:05:00Z,Houston Astros,1518.2379150390625
2024-05-09T23:40:00Z,Chicago White Sox,1524.287109375
2024-05-09T23:40:00Z,Cleveland Guardians,1498.411865234375
2024-05-09T23:40:00Z,Milwaukee Brewers,1480.0518798828125
2024-05-09T23:40:00Z,St. Louis Cardinals,1432.9044189453125
2024-05-10T01:38:00Z,Los Angeles Angels,1474.01708984375
2024-05-10T01:38:00Z,Kansas City Royals,1514.1607666015625
2024-05-10T22:40:00Z,Detroit Tigers,1482.3656005859375
2024-05-10T22:40:00Z,Houston Astros,1528.9464111328125
2024-05-10T22:40:00Z,Pittsburgh Pirates,1437.4276123046875
2024-05-10T22:40:00Z,Chicago Cubs,1488.3524169921875
2024-05-10T22:50:00Z,Tampa Bay Rays,1477.466064453125
2024-05-10T22:50:00Z,New York Yankees,1521.466552734375
2024-05-10T23:05:00Z,Baltimore Orioles,1537.1529541015625
2024-05-10T23:05:00Z,Arizona Diamondbacks,1501.9306640625
2024-05-10T23:07:00Z,Toronto Blue Jays,1500.823974609375
2024-05-10T23:07:00Z,Minnesota Twins,1549.5672607421875
2024-05-10T23:10:00Z,Boston Red Sox,1482.22802734375
2024-05-10T23:10:00Z,Washington Nationals,1519.672607421875
2024-05-10T23:10:00Z,New York Mets,1484.2562255859375
2024-05-10T23:10:00Z,Atlanta Braves,1542.091796875
2024-05-10T23:10:00Z,Miami Marlins,1483.7574462890625
2024-05-10T23:10:00Z,Philadelphia Phillies,1526.984375
2024-05-10T23:40:00Z,Chicago White Sox,1529.3858642578125
2024-05-10T23:40:00Z,Cleveland Guardians,1493.3131103515625
2024-05-11T00:10:00Z,Milwaukee Brewers,1482.177734375
2024-05-11T00:10:00Z,St. Louis Cardinals,1430.778564453125
2024-05-11T00:40:00Z,Colorado Rockies,1491.3367919921875
2024-05-11T00:40:00Z,Texas Rangers,1515.9674072265625
2024-05-11T01:38:00Z,Los Angeles Angels,1467.5699462890625
2024-05-11T01:38:00Z,Kansas City Royals,1520.60791015625
2024-05-11T01:40:00Z,San Diego Padres,1541.58984375
2024-05-11T01:40:00Z,Los Angeles Dodgers,1533.5980224609375
2024-05-11T01:40:00Z,Seattle Mariners,1521.91015625
2024-05-11T01:40:00Z,Oakland Athletics,1496.2373046875
2024-05-11T02:15:00Z,San Francisco Giants,1442.534912109375
2024-05-11T02:15:00Z,Cincinnati Reds,1468.50244140625
2024-05-11T19:07:00Z,Toronto Blue Jays,1528.1790771484375
2024-05-11T19:07:00Z,Minnesota Twins,1522.212158203125
2024-05-11T20:05:00Z,Baltimore Orioles,1540.6639404296875
2024-05-11T20:05:00Z,Arizona Diamondbacks,1498.419677734375
2024-05-11T20:05:00Z,Pittsburgh Pirates,1465.1676025390625
2024-05-11T20:05:00Z,Chicago Cubs,1460.6124267578125
2024-05-11T20:10:00Z,Boston Red Sox,1507.1171875
2024-05-11T20:10:00Z,Washington Nationals,1494.783447265625
2024-05-11T20:10:00Z,New York Mets,1481.040771484375
2024-05-11T20:10:00Z,Atlanta Braves,1545.3072509765625
2024-05-11T20:10:00Z,Miami Marlins,1478.010498046875
2024-05-11T20:10:00Z,Philadelphia Phillies,1532.7313232421875
2024-05-11T20:10:00Z,Tampa Bay Rays,1503.8851318359375
2024-05-11T20:10:00Z,New York Yankees,1495.0474853515625
2024-05-11T22:10:00Z,Detroit Tigers,1509.3111572265625
2024-05-11T22:10:00Z,Houston Astros,1502.0008544921875
2024-05-11T23:10:00Z,Chicago White Sox,1532.7762451171875
2024-05-11T23:10:00Z,Cleveland Guardians,1489.9227294921875
2024-05-11T23:15:00Z,San Francisco Giants,1464.0885009765625
2024-05-11T23:15:00Z,Cincinnati Reds,1446.9488525390625
2024-05-11T23:15:00Z,Milwaukee Brewers,1483.946533203125
2024-05-11T23:15:00Z,St. Louis Cardinals,1429.009765625
2024-05-12T00:10:00Z,Colorado Rockies,1512.45263671875
2024-05-12T00:10:00Z,Texas Rangers,1494.8515625
2024-05-12T00:40:00Z,San Diego Padres,1519.2415771484375
2024-05-12T00:40:00Z,Los Angeles Dodgers,1555.9462890625
2024-05-12T01:38:00Z,Los Angeles Angels,1495.6566162109375
2024-05-12T01:38:00Z,Kansas City Royals,1492.521240234375
2024-05-12T01:40:00Z,Seattle Mariners,1495.049072265625
2024-05-12T01:40:00Z,Oakland Athletics,1523.098388671875
2024-05-12T17:35:00Z,Baltimore Orioles,1511.2843017578125
2024-05-12T17:35:00Z,Arizona Diamondbacks,1527.79931640625
2024-05-12T17:35:00Z,Boston Red Sox,1515.4766845703125
2024-05-12T17:35:00Z,Washington Nationals,1486.4239501953125
2024-05-12T17:35:00Z,Pittsburgh Pirates,1443.9183349609375
2024-05-12T17:35:00Z,Chicago Cubs,1481.8616943359375
2024-05-12T17:37:00Z,Toronto Blue Jays,1506.4708251953125
2024-05-12T17:37:00Z,Minnesota Twins,1543.92041015625
2024-05-12T17:40:00Z,Detroit Tigers,1487.17578125
2024-05-12T17:40:00Z,Houston Astros,1524.13623046875
2024-05-12T17:40:00Z,Miami Marlins,1506.355712890625
2024-05-12T17:40:00Z,Philadelphia Phillies,1504.3861083984375
2024-05-12T17:40:00Z,Tampa Bay Rays,1481.2763671875
2024-05-12T17:40:00Z,New York Yankees,1517.65625
2024-05-12T18:10:00Z,Chicago White Sox,1503.329833984375
2024-05-12T18:10:00Z,Cleveland Guardians,1519.369140625
2024-05-12T18:10:00Z,Milwaukee Brewers,1453.4620361328125
2024-05-12T18:10:00Z,St. Louis Cardinals,1459.4942626953125
2024-05-12T19:10:00Z,Colorado Rockies,1519.4027099609375
2024-05-12T19:10:00Z,Texas Rangers,1487.9014892578125
2024-05-12T20:05:00Z,San Francisco Giants,1471.15478515625
2024-05-12T20:05:00Z,Cincinnati Reds,1439.882568359375
2024-05-12T20:07:00Z,Los Angeles Angels,1474.8790283203125
2024-05-12T20:07:00Z,Kansas City Royals,1513.298828125
2024-05-12T20:10:00Z,San Diego Padres,1543.9405517578125
2024-05-12T20:10:00Z,Los Angeles Dodgers,1531.247314453125
2024-05-12T20:10:00Z,Seattle Mariners,1517.265625
2024-05-12T20:10:00Z,Oakland Athletics,1500.8818359375
2024-05-12T23:10:00Z,New York Mets,1510.5863037109375
2024-05-12T23:10:00Z,Atlanta Braves,1515.76171875
2024-05-13T22:35:00Z,Baltimore Orioles,1489.9503173828125
2024-05-13T22:35:00Z,Toronto Blue Jays,1527.8048095703125
2024-05-13T22:40:00Z,Detroit Tigers,1506.423583984375
2024-05-13T22:40:00Z,Miami Marlins,1487.10791015625
2024-05-13T23:10:00Z,Boston Red Sox,1487.1375732421875
2024-05-13T23:10:00Z,Tampa Bay Rays,1509.615478515625
2024-05-13T23:10:00Z,New York Mets,1488.8031005859375
2024-05-13T23:10:00Z,Philadelphia Phillies,1526.1693115234375
2024-05-13T23:20:00Z,Atlanta Braves,1519.4676513671875
2024-05-13T23:20:00Z,Chicago Cubs,1478.15576171875
2024-05-13T23:40:00Z,Milwaukee Brewers,1430.6390380859375
2024-05-13T23:40:00Z,Pittsburgh Pirates,1466.7413330078125
2024-05-14T00:05:00Z,Texas Rangers,1479.153564453125
2024-05-14T00:05:00Z,Cleveland Guardians,1528.1170654296875
2024-05-14T00:10:00Z,Houston Astros,1529.7738037109375
2024-05-14T00:10:00Z,Oakland Athletics,1495.2442626953125
2024-05-14T01:38:00Z,Los Angeles Angels,1450.400390625
2024-05-14T01:38:00Z,St. Louis Cardinals,1483.972900390625
2024-05-14T01:40:00Z,Arizona Diamondbacks,1528.1439208984375
2024-05-14T01:40:00Z,Cincinnati Reds,1439.5379638671875
2024-05-14T01:40:00Z,San Diego Padres,1517.3089599609375
2024-05-14T01:40:00Z,Colorado Rockies,1546.0343017578125
2024-05-14T01:40:00Z,Seattle Mariners,1528.210693359375
2024-05-14T01:40:00Z,Kansas City Royals,1502.353759765625
2024-05-14T01:45:00Z,San Francisco Giants,1468.2276611328125
2024-05-14T01:45:00Z,Los Angeles Dodgers,1534.1744384765625
2024-05-14T17:10:00Z,New York Mets,1481.67236328125
2024-05-14T17:10:00Z,Philadelphia Phillies,1533.300048828125
2024-05-14T20:40:00Z,Chicago White Sox,1478.45556640625
2024-05-14T20:40:00Z,Washington Nationals,1511.2982177734375
2024-05-14T20:45:00Z,Chicago White Sox,1502.104248046875
2024-05-14T20:45:00Z,Washington Nationals,1487.6495361328125
2024-05-14T22:40:00Z,Detroit Tigers,1480.95361328125
2024-05-14T22:40:00Z,Miami Marlins,1512.577880859375
2024-05-14T23:10:00Z,Boston Red Sox,1507.530517578125
2024-05-14T23:10:00Z,Tampa Bay Rays,1489.2225341796875
2024-05-14T23:20:00Z,Atlanta Braves,1522.1932373046875
2024-05-14T23:20:00Z,Chicago Cubs,1475.43017578125
2024-05-14T23:40:00Z,Minnesota Twins,1516.94287109375
2024-05-14T23:40:00Z,New York Yankees,1544.6337890625
2024-05-14T23:40:00Z,Milwaukee Brewers,1455.1805419921875
2024-05-14T23:40:00Z,Pittsburgh Pirates,1442.1998291015625
2024-05-15T00:05:00Z,Texas Rangers,1474.548828125
2024-05-15T00:05:00Z,Cleveland Guardians,1532.7218017578125
2024-05-15T00:10:00Z,Houston Astros,1533.3857421875
2024-05-15T00:10:00Z,Oakland Athletics,1491.63232421875
2024-05-15T01:38:00Z,Los Angeles Angels,1442.2548828125
2024-05-15T01:38:00Z,St. Louis Cardinals,1492.118408203125
2024-05-15T01:40:00Z,Arizona Diamondbacks,1496.4779052734375
2024-05-15T01:40:00Z,Cincinnati Reds,1471.2039794921875
2024-05-15T01:40:00Z,San Diego Padres,1507.7357177734375
2024-05-15T01:40:00Z,Colorado Rockies,1555.6075439453125
2024-05-15T01:40:00Z,Seattle Mariners,1501.3131103515625
2024-05-15T01:40:00Z,Kansas City Royals,1529.2513427734375
2024-05-15T01:45:00Z,San Francisco Giants,1465.94287109375
2024-05-15T01:45:00Z,Los Angeles Dodgers,1536.459228515625
2024-05-15T16:35:00Z,Baltimore Orioles,1514.943359375
2024-05-15T16:35:00Z,Toronto Blue Jays,1502.811767578125
2024-05-15T17:10:00Z,Detroit Tigers,1472.25146484375
2024-05-15T17:10:00Z,Miami Marlins,1521.280029296875
2024-05-15T17:10:00Z,Milwaukee Brewers,1463.357421875
2024-05-15T17:10:00Z,Pittsburgh Pirates,1434.02294921875
2024-05-15T18:10:00Z,Chicago White Sox,1509.874755859375
2024-05-15T18:10:00Z,Washington Nationals,1479.8790283203125
2024-05-15T19:40:00Z,Arizona Diamondbacks,1501.696533203125
2024-05-15T19:40:00Z,Cincinnati Reds,1465.9853515625
2024-05-15T20:10:00Z,San Diego Padres,1502.92919921875
2024-05-15T20:10:00Z,Colorado Rockies,1560.4140625
2024-05-15T20:10:00Z,Seattle Mariners,1523.494873046875
2024-05-15T20:10:00Z,Kansas City Royals,1507.069580078125
2024-05-15T22:40:00Z,Philadelphia Phillies,1535.05126953125
2024-05-15T22:40:00Z,New York Mets,1479.921142578125
2024-05-15T23:10:00Z,Boston Red Sox,1482.3050537109375
2024-05-15T23:10:00Z,Tampa Bay Rays,1514.447998046875
2024-05-15T23:20:00Z,Atlanta Braves,1492.3546142578125
2024-05-15T23:20:00Z,Chicago Cubs,1505.268798828125
2024-05-15T23:40:00Z,Minnesota Twins,1507.0469970703125
2024-05-15T23:40:00Z,New York Yankees,1554.5296630859375
2024-05-16T00:05:00Z,Texas Rangers,1503.3780517578125
2024-05-16T00:05:00Z,Cleveland Guardians,1503.892578125
2024-05-16T00:10:00Z,Houston Astros,1536.06103515625
2024-05-16T00:10:00Z,Oakland Athletics,1488.95703125
2024-05-16T01:07:00Z,Los Angeles Angels,1469.8111572265625
2024-05-16T01:07:00Z,St. Louis Cardinals,1464.5621337890625
2024-05-16T01:45:00Z,San Francisco Giants,1496.0662841796875
2024-05-16T01:45:00Z,Los Angeles Dodgers,1506.3358154296875
2024-05-16T17:10:00Z,Minnesota Twins,1502.1668701171875
2024-05-16T17:10:00Z,New York Yankees,1559.4097900390625
2024-05-16T22:40:00Z,Philadelphia Phillies,1504.553955078125
2024-05-16T22:40:00Z,New York Mets,1510.41845703125
2024-05-16T23:10:00Z,Boston Red Sox,1473.7532958984375
2024-05-16T23:10:00Z,Tampa Bay Rays,1522.999755859375
2024-05-16T23:40:00Z,Chicago Cubs,1474.002197265625
2024-05-16T23:40:00Z,Pittsburgh Pirates,1465.28955078125
2024-05-17T00:10:00Z,Houston Astros,1538.19091796875
2024-05-17T00:10:00Z,Oakland Athletics,1486.8271484375
2024-05-17T02:10:00Z,Los Angeles Dodgers,1477.173828125
2024-05-17T02:10:00Z,Cincinnati Reds,1495.1473388671875
2024-05-17T18:20:00Z,Chicago Cubs,1451.431640625
2024-05-17T18:20:00Z,Pittsburgh Pirates,1487.860107421875
2024-05-17T22:40:00Z,Philadelphia Phillies,1509.8941650390625
2024-05-17T22:40:00Z,Washington Nationals,1474.538818359375
2024-05-17T23:05:00Z,Baltimore Orioles,1530.3216552734375
2024-05-17T23:05:00Z,Seattle Mariners,1508.1165771484375
2024-05-17T23:05:00Z,New York Yankees,1561.32763671875
2024-05-17T23:05:00Z,Chicago White Sox,1507.9569091796875
2024-05-17T23:07:00Z,Toronto Blue Jays,1490.4139404296875
2024-05-17T23:07:00Z,Tampa Bay Rays,1535.3975830078125
2024-05-17T23:10:00Z,Cleveland Guardians,1515.592529296875
2024-05-17T23:10:00Z,Minnesota Twins,1490.4669189453125
2024-05-17T23:10:00Z,Miami Marlins,1530.06494140625
2024-05-17T23:10:00Z,New York Mets,1501.633544921875
2024-05-17T23:20:00Z,Atlanta Braves,1476.4779052734375
2024-05-17T23:20:00Z,San Diego Padres,1518.805908203125
2024-05-17T23:40:00Z,Kansas City Royals,1513.380615234375
2024-05-17T23:40:00Z,Oakland Athletics,1480.51611328125
2024-05-18T00:05:00Z,Texas Rangers,1475.134521484375
2024-05-18T00:05:00Z,Los Angeles Angels,1498.0546875
2024-05-18T00:10:00Z,Houston Astros,1538.8148193359375
2024-05-18T00:10:00Z,Milwaukee Brewers,1462.7335205078125
2024-05-18T00:15:00Z,St. Louis Cardinals,1480.17578125
2024-05-18T00:15:00Z,Boston Red Sox,1458.1396484375
2024-05-18T01:40:00Z,Arizona Diamondbacks,1474.12939453125
2024-05-18T01:40:00Z,Detroit Tigers,1499.818603515625
2024-05-18T02:10:00Z,Los Angeles Dodgers,1495.9931640625
2024-05-18T02:10:00Z,Cincinnati Reds,1476.327880859375
2024-05-18T02:15:00Z,San Francisco Giants,1525.6202392578125
2024-05-18T02:15:00Z,Colorado Rockies,1530.860107421875
2024-05-18T17:05:00Z,New York Yankees,1562.95068359375
2024-05-18T17:05:00Z,Chicago White Sox,1506.3338623046875
2024-05-18T18:20:00Z,Chicago Cubs,1476.0587158203125
2024-05-18T18:20:00Z,Pittsburgh Pirates,1463.2330322265625
2024-05-18T19:07:00Z,Toronto Blue Jays,1485.03857421875
2024-05-18T19:07:00Z,Tampa Bay Rays,1540.77294921875
2024-05-18T20:05:00Z,Baltimore Orioles,1504.187255859375
2024-05-18T20:05:00Z,Seattle Mariners,1534.2509765625
2024-05-18T20:05:00Z,San Francisco Giants,1539.7862548828125
2024-05-18T20:05:00Z,Colorado Rockies,1516.694091796875
2024-05-18T20:10:00Z,Miami Marlins,1534.67919921875
2024-05-18T20:10:00Z,New York Mets,1497.019287109375
2024-05-18T22:05:00Z,Philadelphia Phillies,1513.3861083984375
2024-05-18T22:05:00Z,Washington Nationals,1471.046875
2024-05-18T22:10:00Z,Cleveland Guardians,1520.841064453125
2024-05-18T22:10:00Z,Minnesota Twins,1485.2183837890625
2024-05-18T23:10:00Z,Kansas City Royals,1517.2457275390625
2024-05-18T23:10:00Z,Oakland Athletics,1476.6510009765625
2024-05-18T23:10:00Z,Houston Astros,1507.404541015625
2024-05-18T23:10:00Z,Milwaukee Brewers,1494.143798828125
2024-05-18T23:15:00Z,St. Louis Cardinals,1486.0787353515625
2024-05-18T23:15:00Z,Boston Red Sox,1452.2366943359375
2024-05-18T23:15:00Z,Texas Rangers,1495.677734375
2024-05-18T23:15:00Z,Los Angeles Angels,1477.511474609375
2024-05-19T00:10:00Z,Arizona Diamondbacks,1463.592529296875
2024-05-19T00:10:00Z,Detroit Tigers,1510.35546875
2024-05-19T01:10:00Z,Los Angeles Dodgers,1502.43994140625
2024-05-19T01:10:00Z,Cincinnati Reds,1469.881103515625
2024-05-19T17:05:00Z,St. Louis Cardinals,1457.79345703125
2024-05-19T17:05:00Z,Boston Red Sox,1480.52197265625
2024-05-19T17:35:00Z,Baltimore Orioles,1527.0223388671875
2024-05-19T17:35:00Z,Seattle Mariners,1511.4158935546875
2024-05-19T17:35:00Z,Philadelphia Phillies,1515.9959716796875
2024-05-19T17:35:00Z,Washington Nationals,1468.43701171875
2024-05-19T17:35:00Z,New York Yankees,1564.3582763671875
2024-05-19T17:35:00Z,Chicago White Sox,1504.92626953125
2024-05-19T17:37:00Z,Toronto Blue Jays,1513.5322265625
2024-05-19T17:37:00Z,Tampa Bay Rays,1512.279296875
2024-05-19T17:40:00Z,Cleveland Guardians,1524.2947998046875
2024-05-19T17:40:00Z,Minnesota Twins,1481.7646484375
2024-05-19T17:40:00Z,Miami Marlins,1505.8543701171875
2024-05-19T17:40:00Z,New York Mets,1525.8441162109375
2024-05-19T18:10:00Z,Kansas City Royals,1520.0546875
2024-05-19T18:10:00Z,Oakland Athletics,1473.842041015625
2024-05-19T18:10:00Z,Houston Astros,1515.503173828125
2024-05-19T18:10:00Z,Milwaukee Brewers,1486.045166015625
2024-05-19T18:20:00Z,Chicago Cubs,1452.279052734375
2024-05-19T18:20:00Z,Pittsburgh Pirates,1487.0126953125
2024-05-19T18:35:00Z,Texas Rangers,1470.4871826171875
2024-05-19T18:35:00Z,Los Angeles Angels,1502.7020263671875
2024-05-19T20:05:00Z,San Francisco Giants,1545.4586181640625
2024-05-19T20:05:00Z,Colorado Rockies,1511.021728515625
2024-05-19T20:10:00Z,Arizona Diamondbacks,1490.57373046875
2024-05-19T20:10:00Z,Detroit Tigers,1483.374267578125
2024-05-19T20:10:00Z,Los Angeles Dodgers,1506.3531494140625
2024-05-19T20:10:00Z,Cincinnati Reds,1465.9678955078125
2024-05-19T23:10:00Z,Atlanta Braves,1470.5330810546875
2024-05-19T23:10:00Z,San Diego Padres,1524.750732421875
2024-05-20T16:20:00Z,Atlanta Braves,1466.8026123046875
2024-05-20T16:20:00Z,San Diego Padres,1528.481201171875
2024-05-20T19:07:00Z,Toronto Blue Jays,1522.994384765625
2024-05-20T19:07:00Z,Chicago White Sox,1495.464111328125
2024-05-20T22:10:00Z,Cleveland Guardians,1537.1351318359375
2024-05-20T22:10:00Z,New York Mets,1513.0037841796875
2024-05-20T22:20:00Z,Atlanta Braves,1496.0640869140625
2024-05-20T22:20:00Z,San Diego Padres,1499.2197265625
2024-05-20T22:40:00Z,Miami Marlins,1512.26708984375
2024-05-20T22:40:00Z,Milwaukee Brewers,1479.6324462890625
2024-05-20T22:45:00Z,Washington Nationals,1485.5726318359375
2024-05-20T22:45:00Z,Minnesota Twins,1464.6290283203125
2024-05-20T22:50:00Z,Tampa Bay Rays,1484.321044921875
2024-05-20T22:50:00Z,Boston Red Sox,1508.480224609375
2024-05-20T23:05:00Z,New York Yankees,1534.011962890625
2024-05-20T23:05:00Z,Seattle Mariners,1541.76220703125
2024-05-20T23:40:00Z,Kansas City Royals,1523.3612060546875
2024-05-20T23:40:00Z,Detroit Tigers,1480.0677490234375
2024-05-20T23:45:00Z,St. Louis Cardinals,1487.809326171875
2024-05-20T23:45:00Z,Baltimore Orioles,1497.0064697265625
2024-05-21T00:10:00Z,Houston Astros,1491.73046875
2024-05-21T00:10:00Z,Los Angeles Angels,1526.4747314453125
2024-05-21T02:10:00Z,Los Angeles Dodgers,1513.7703857421875
2024-05-21T02:10:00Z,Arizona Diamondbacks,1483.156494140625
2024-05-21T22:10:00Z,Cleveland Guardians,1542.587646484375
2024-05-21T22:10:00Z,New York Mets,1507.55126953125
2024-05-21T22:40:00Z,Cincinnati Reds,1489.732421875
2024-05-21T22:40:00Z,San Diego Padres,1475.4552001953125
2024-05-21T22:40:00Z,Pittsburgh Pirates,1515.8775634765625
2024-05-21T22:40:00Z,San Francisco Giants,1516.59375
2024-05-21T22:40:00Z,Philadelphia Phillies,1518.276611328125
2024-05-21T22:40:00Z,Texas Rangers,1468.20654296875
2024-05-21T22:40:00Z,Miami Marlins,1484.168212890625
2024-05-21T22:40:00Z,Milwaukee Brewers,1507.7313232421875
2024-05-21T22:45:00Z,Washington Nationals,1459.7216796875
2024-05-21T22:45:00Z,Minnesota Twins,1490.47998046875
2024-05-21T22:50:00Z,Tampa Bay Rays,1473.2803955078125
2024-05-21T22:50:00Z,Boston Red Sox,1519.5208740234375
2024-05-21T23:05:00Z,New York Yankees,1517.095703125
2024-05-21T23:05:00Z,Seattle Mariners,1558.678466796875
2024-05-21T23:07:00Z,Toronto Blue Jays,1495.77490234375
2024-05-21T23:07:00Z,Chicago White Sox,1522.68359375
2024-05-21T23:40:00Z,Kansas City Royals,1525.86767578125
2024-05-21T23:40:00Z,Detroit Tigers,1477.561279296875
2024-05-21T23:40:00Z,Chicago Cubs,1478.6522216796875
2024-05-21T23:40:00Z,Atlanta Braves,1469.69091796875
2024-05-21T23:45:00Z,St. Louis Cardinals,1503.4251708984375
2024-05-21T23:45:00Z,Baltimore Orioles,1481.390625
2024-05-22T00:10:00Z,Houston Astros,1515.908203125
2024-05-22T00:10:00Z,Los Angeles Angels,1502.2969970703125
2024-05-22T01:40:00Z,Oakland Athletics,1498.66357421875
2024-05-22T01:40:00Z,Colorado Rockies,1486.2001953125
2024-05-22T02:10:00Z,Los Angeles Dodgers,1486.001708984375
2024-05-22T02:10:00Z,Arizona Diamondbacks,1510.9251708984375
2024-05-22T16:15:00Z,St. Louis Cardinals,1509.3284912109375
2024-05-22T16:15:00Z,Baltimore Orioles,1475.4873046875
2024-05-22T17:05:00Z,Washington Nationals,1450.7645263671875
2024-05-22T17:05:00Z,Minnesota Twins,1499.4371337890625
2024-05-22T17:10:00Z,Cleveland Guardians,1546.12548828125
2024-05-22T17:10:00Z,New York Mets,1504.013427734375
2024-05-22T17:46:00Z,St. Louis Cardinals,1513.0433349609375
2024-05-22T17:46:00Z,Baltimore Orioles,1471.7724609375
2024-05-22T18:10:00Z,Houston Astros,1491.9095458984375
2024-05-22T18:10:00Z,Los Angeles Angels,1526.295654296875
2024-05-22T18:10:00Z,Kansas City Royals,1527.89013671875
2024-05-22T18:10:00Z,Detroit Tigers,1475.538818359375
2024-05-22T22:40:00Z,Cincinnati Reds,1465.5511474609375
2024-05-22T22:40:00Z,San Diego Padres,1499.636474609375
2024-05-22T22:40:00Z,Pittsburgh Pirates,1496.424072265625
2024-05-22T22:40:00Z,San Francisco Giants,1536.0472412109375
2024-05-22T22:40:00Z,Philadelphia Phillies,1520.1505126953125
2024-05-22T22:40:00Z,Texas Rangers,1466.3326416015625
2024-05-22T22:40:00Z,Miami Marlins,1504.92822265625
2024-05-22T22:40:00Z,Milwaukee Brewers,1486.9713134765625
2024-05-22T22:50:00Z,Tampa Bay Rays,1468.158935546875
2024-05-22T22:50:00Z,Boston Red Sox,1524.642333984375
2024-05-22T23:05:00Z,New York Yankees,1542.9830322265625
2024-05-22T23:05:00Z,Seattle Mariners,1532.7911376953125
2024-05-22T23:07:00Z,Toronto Blue Jays,1517.631103515625
2024-05-22T23:07:00Z,Chicago White Sox,1500.827392578125
2024-05-22T23:40:00Z,Chicago Cubs,1456.0057373046875
2024-05-22T23:40:00Z,Atlanta Braves,1492.33740234375
2024-05-23T01:40:00Z,Oakland Athletics,1474.986328125
2024-05-23T01:40:00Z,Colorado Rockies,1509.87744140625
2024-05-23T02:10:00Z,Los Angeles Dodgers,1475.2142333984375
2024-05-23T02:10:00Z,Arizona Diamondbacks,1521.712646484375
2024-05-23T16:35:00Z,Pittsburgh Pirates,1489.8526611328125
2024-05-23T16:35:00Z,San Francisco Giants,1542.61865234375
2024-05-23T16:35:00Z,New York Yankees,1551.9658203125
2024-05-23T16:35:00Z,Seattle Mariners,1523.808349609375
2024-05-23T17:05:00Z,Philadelphia Phillies,1521.7420654296875
2024-05-23T17:05:00Z,Texas Rangers,1464.7410888671875
2024-05-23T17:10:00Z,Cincinnati Reds,1457.5482177734375
2024-05-23T17:10:00Z,San Diego Padres,1507.639404296875
2024-05-23T18:20:00Z,Chicago Cubs,1448.607421875
2024-05-23T18:20:00Z,Atlanta Braves,1499.7357177734375
2024-05-23T19:37:00Z,Oakland Athletics,1499.2039794921875
2024-05-23T19:37:00Z,Colorado Rockies,1485.6597900390625
2024-05-23T22:40:00Z,Detroit Tigers,1469.5413818359375
2024-05-23T22:40:00Z,Toronto Blue Jays,1523.6285400390625
2024-05-23T23:40:00Z,Chicago White Sox,1473.329345703125
2024-05-23T23:40:00Z,Baltimore Orioles,1499.2705078125
2024-05-24T22:40:00Z,Detroit Tigers,1497.791015625
2024-05-24T22:40:00Z,Toronto Blue Jays,1495.37890625
2024-05-24T22:40:00Z,Pittsburgh Pirates,1505.72119140625
2024-05-24T22:40:00Z,Atlanta Braves,1483.8671875
2024-05-24T22:45:00Z,Washington Nationals,1481.083251953125
2024-05-24T22:45:00Z,Seattle Mariners,1493.4896240234375
2024-05-24T22:50:00Z,Tampa Bay Rays,1465.187255859375
2024-05-24T22:50:00Z,Kansas City Royals,1530.86181640625
2024-05-24T23:10:00Z,Cincinnati Reds,1476.2576904296875
2024-05-24T23:10:00Z,Los Angeles Dodgers,1456.5047607421875
2024-05-24T23:10:00Z,New York Mets,1497.19384765625
2024-05-24T23:10:00Z,San Francisco Giants,1549.438232421875
2024-05-24T23:10:00Z,Minnesota Twins,1503.024658203125
2024-05-24T23:10:00Z,Texas Rangers,1461.153564453125
2024-05-24T23:10:00Z,Boston Red Sox,1495.8160400390625
2024-05-24T23:10:00Z,Milwaukee Brewers,1515.797607421875
2024-05-24T23:40:00Z,Chicago White Sox,1462.8743896484375
2024-05-24T23:40:00Z,Baltimore Orioles,1509.7254638671875
2024-05-25T00:40:00Z,Colorado Rockies,1510.1959228515625
2024-05-25T00:40:00Z,Philadelphia Phillies,1497.2059326171875
2024-05-25T01:38:00Z,Los Angeles Angels,1513.7723388671875
2024-05-25T01:38:00Z,Cleveland Guardians,1558.6488037109375
2024-05-25T01:40:00Z,Oakland Athletics,1477.0736083984375
2024-05-25T01:40:00Z,Houston Astros,1514.0399169921875
2024-05-25T01:40:00Z,Arizona Diamondbacks,1496.8695068359375
2024-05-25T01:40:00Z,Miami Marlins,1529.7713623046875
2024-05-25T01:40:00Z,San Diego Padres,1502.1273193359375
2024-05-25T01:40:00Z,New York Yankees,1557.4779052734375
2024-05-25T17:10:00Z,Detroit Tigers,1509.25732421875
2024-05-25T17:10:00Z,Toronto Blue Jays,1483.91259765625
2024-05-25T17:40:00Z,New York Mets,1493.1533203125
2024-05-25T17:40:00Z,San Francisco Giants,1553.478759765625
2024-05-25T18:10:00Z,Minnesota Twins,1505.6866455078125
2024-05-25T18:10:00Z,Texas Rangers,1458.4915771484375
2024-05-25T18:10:00Z,Chicago White Sox,1457.8726806640625
2024-05-25T18:10:00Z,Baltimore Orioles,1514.7271728515625
2024-05-25T20:05:00Z,Washington Nationals,1497.8807373046875
2024-05-25T20:05:00Z,Seattle Mariners,1476.692138671875
2024-05-25T20:05:00Z,Pittsburgh Pirates,1511.6646728515625
2024-05-25T20:05:00Z,Atlanta Braves,1477.9237060546875
2024-05-25T20:07:00Z,Oakland Athletics,1501.8402099609375
2024-05-25T20:07:00Z,Houston Astros,1489.2733154296875
2024-05-25T20:10:00Z,Tampa Bay Rays,1462.875732421875
2024-05-25T20:10:00Z,Kansas City Royals,1533.17333984375
2024-05-25T20:10:00Z,Boston Red Sox,1483.345947265625
2024-05-25T20:10:00Z,Milwaukee Brewers,1528.2677001953125
2024-05-25T23:15:00Z,Cincinnati Reds,1482.6837158203125
2024-05-25T23:15:00Z,Los Angeles Dodgers,1450.0787353515625
2024-05-25T23:15:00Z,St. Louis Cardinals,1514.03857421875
2024-05-25T23:15:00Z,Chicago Cubs,1447.6121826171875
2024-05-26T01:10:00Z,Colorado Rockies,1486.3701171875
2024-05-26T01:10:00Z,Philadelphia Phillies,1521.03173828125
2024-05-26T01:38:00Z,Los Angeles Angels,1508.3748779296875
2024-05-26T01:38:00Z,Cleveland Guardians,1564.0462646484375
2024-05-26T01:40:00Z,San Diego Padres,1498.5654296875
2024-05-26T01:40:00Z,New York Yankees,1561.039794921875
2024-05-26T02:10:00Z,Arizona Diamondbacks,1520.5350341796875
2024-05-26T02:10:00Z,Miami Marlins,1506.1058349609375
2024-05-26T15:35:00Z,Detroit Tigers,1514.461669921875
2024-05-26T15:35:00Z,Toronto Blue Jays,1478.708251953125
2024-05-26T16:10:00Z,Cincinnati Reds,1486.589599609375
2024-05-26T16:10:00Z,Los Angeles Dodgers,1446.1728515625
2024-05-26T17:35:00Z,Washington Nationals,1471.973876953125
2024-05-26T17:35:00Z,Seattle Mariners,1502.5989990234375
2024-05-26T17:35:00Z,Pittsburgh Pirates,1483.3946533203125
2024-05-26T17:35:00Z,Atlanta Braves,1506.1937255859375
2024-05-26T17:35:00Z,Boston Red Sox,1509.957763671875
2024-05-26T17:35:00Z,Milwaukee Brewers,1501.6558837890625
2024-05-26T17:40:00Z,New York Mets,1522.254638671875
2024-05-26T17:40:00Z,San Francisco Giants,1524.37744140625
2024-05-26T17:40:00Z,Tampa Bay Rays,1492.981201171875
2024-05-26T17:40:00Z,Kansas City Royals,1503.06787109375
2024-05-26T18:10:00Z,Minnesota Twins,1475.8082275390625
2024-05-26T18:10:00Z,Texas Rangers,1488.3699951171875
2024-05-26T18:10:00Z,Chicago White Sox,1454.524169921875
2024-05-26T18:10:00Z,Baltimore Orioles,1518.07568359375
2024-05-26T19:10:00Z,Colorado Rockies,1510.525390625
2024-05-26T19:10:00Z,Philadelphia Phillies,1496.87646484375
2024-05-26T20:07:00Z,Los Angeles Angels,1504.859375
2024-05-26T20:07:00Z,Cleveland Guardians,1567.561767578125
2024-05-26T20:07:00Z,Oakland Athletics,1478.133544921875
2024-05-26T20:07:00Z,Houston Astros,1512.97998046875
2024-05-26T20:10:00Z,Arizona Diamondbacks,1496.3125
2024-05-26T20:10:00Z,Miami Marlins,1530.328369140625
2024-05-26T20:10:00Z,San Diego Padres,1527.917236328125
2024-05-26T20:10:00Z,New York Yankees,1531.68798828125
2024-05-26T23:10:00Z,St. Louis Cardinals,1514.9490966796875
2024-05-26T23:10:00Z,Chicago Cubs,1446.70166015625
2024-05-27T17:05:00Z,Baltimore Orioles,1527.6883544921875
2024-05-27T17:05:00Z,Boston Red Sox,1500.3450927734375
2024-05-27T18:10:00Z,Minnesota Twins,1497.776123046875
2024-05-27T18:10:00Z,Kansas City Royals,1481.0999755859375
2024-05-27T18:10:00Z,Chicago White Sox,1443.4918212890625
2024-05-27T18:10:00Z,Toronto Blue Jays,1489.7406005859375
2024-05-27T20:10:00Z,Colorado Rockies,1539.201904296875
2024-05-27T20:10:00Z,Cleveland Guardians,1538.88525390625
2024-05-27T20:10:00Z,Cincinnati Reds,1508.9029541015625
2024-05-27T20:10:00Z,St. Louis Cardinals,1492.6357421875
2024-05-27T20:10:00Z,Atlanta Braves,1477.8516845703125
2024-05-27T20:10:00Z,Washington Nationals,1500.31591796875
2024-05-27T20:10:00Z,Milwaukee Brewers,1503.170166015625
2024-05-27T20:10:00Z,Chicago Cubs,1445.1873779296875
2024-05-27T21:05:00Z,San Francisco Giants,1529.1634521484375
2024-05-27T21:05:00Z,Philadelphia Phillies,1492.0904541015625
2024-05-27T22:40:00Z,San Diego Padres,1541.0638427734375
2024-05-27T22:40:00Z,Miami Marlins,1517.1817626953125
2024-05-28T01:40:00Z,Seattle Mariners,1518.6510009765625
2024-05-28T01:40:00Z,Houston Astros,1496.927978515625
2024-05-28T20:10:00Z,New York Mets,1490.8443603515625
2024-05-28T20:10:00Z,Los Angeles Dodgers,1477.5831298828125
2024-05-28T20:15:00Z,New York Mets,1466.9427490234375
2024-05-28T20:15:00Z,Los Angeles Dodgers,1501.4847412109375
2024-05-28T22:35:00Z,Baltimore Orioles,1500.5040283203125
2024-05-28T22:35:00Z,Boston Red Sox,1527.5294189453125
2024-05-28T22:40:00Z,Cincinnati Reds,1484.1929931640625
2024-05-28T22:40:00Z,St. Louis Cardinals,1517.345703125
2024-05-28T22:50:00Z,Tampa Bay Rays,1468.645751953125
2024-05-28T22:50:00Z,Oakland Athletics,1502.468994140625
2024-05-28T23:20:00Z,Atlanta Braves,1498.239990234375
2024-05-28T23:20:00Z,Washington Nationals,1479.9276123046875
2024-05-28T23:40:00Z,Minnesota Twins,1504.960693359375
2024-05-28T23:40:00Z,Kansas City Royals,1473.9154052734375
2024-05-28T23:40:00Z,Chicago White Sox,1438.3719482421875
2024-05-28T23:40:00Z,Toronto Blue Jays,1494.8604736328125
2024-05-28T23:40:00Z,Milwaukee Brewers,1472.4954833984375
2024-05-28T23:40:00Z,Chicago Cubs,1475.862060546875
2024-05-29T00:05:00Z,Texas Rangers,1503.5244140625
2024-05-29T00:05:00Z,Arizona Diamondbacks,1481.1580810546875
2024-05-29T00:40:00Z,Colorado Rockies,1519.3875732421875
2024-05-29T00:40:00Z,Cleveland Guardians,1558.6995849609375
2024-05-29T01:38:00Z,Los Angeles Angels,1526.6900634765625
2024-05-29T01:38:00Z,New York Yankees,1509.8572998046875
2024-05-29T01:40:00Z,Seattle Mariners,1524.6236572265625
2024-05-29T01:40:00Z,Houston Astros,1490.955322265625
2024-05-29T01:40:00Z,San Diego Padres,1546.5684814453125
2024-05-29T01:40:00Z,Miami Marlins,1511.6771240234375
2024-05-29T01:45:00Z,San Francisco Giants,1532.416748046875
2024-05-29T01:45:00Z,Philadelphia Phillies,1488.837158203125
2024-05-29T16:40:00Z,Detroit Tigers,1518.616943359375
2024-05-29T16:40:00Z,Pittsburgh Pirates,1479.2393798828125
2024-05-29T16:45:00Z,Detroit Tigers,1489.572998046875
2024-05-29T16:45:00Z,Pittsburgh Pirates,1508.2833251953125
2024-05-29T17:10:00Z,Cincinnati Reds,1475.9295654296875
2024-05-29T17:10:00Z,St. Louis Cardinals,1525.609130859375
2024-05-29T18:35:00Z,Texas Rangers,1509.3544921875
2024-05-29T18:35:00Z,Arizona Diamondbacks,1475.3280029296875
2024-05-29T19:45:00Z,San Francisco Giants,1502.8929443359375
2024-05-29T19:45:00Z,Philadelphia Phillies,1518.3609619140625
2024-05-29T20:10:00Z,New York Mets,1459.0653076171875
2024-05-29T20:10:00Z,Los Angeles Dodgers,1509.3621826171875
2024-05-29T20:10:00Z,San Diego Padres,1518.12744140625
2024-05-29T20:10:00Z,Miami Marlins,1540.1181640625
2024-05-29T22:35:00Z,Baltimore Orioles,1522.3974609375
2024-05-29T22:35:00Z,Boston Red Sox,1505.635986328125
2024-05-29T22:50:00Z,Tampa Bay Rays,1492.5701904296875
2024-05-29T22:50:00Z,Oakland Athletics,1478.5445556640625
2024-05-29T23:20:00Z,Atlanta Braves,1473.013427734375
2024-05-29T23:20:00Z,Washington Nationals,1505.1541748046875
2024-05-29T23:40:00Z,Minnesota Twins,1477.11962890625
2024-05-29T23:40:00Z,Kansas City Royals,1501.7564697265625
2024-05-29T23:40:00Z,Chicago White Sox,1434.9725341796875
2024-05-29T23:40:00Z,Toronto Blue Jays,1498.2598876953125
2024-05-29T23:40:00Z,Milwaukee Brewers,1485.984130859375
2024-05-29T23:40:00Z,Chicago Cubs,1462.3734130859375
2024-05-30T00:40:00Z,Colorado Rockies,1544.740966796875
2024-05-30T00:40:00Z,Cleveland Guardians,1533.34619140625
2024-05-30T01:38:00Z,Los Angeles Angels,1501.83447265625
2024-05-30T01:38:00Z,New York Yankees,1534.712890625
2024-05-30T01:40:00Z,Seattle Mariners,1528.3646240234375
2024-05-30T01:40:00Z,Houston Astros,1487.21435546875
2024-05-30T17:10:00Z,Tampa Bay Rays,1500.45751953125
2024-05-30T17:10:00Z,Oakland Athletics,1470.6572265625
2024-05-30T17:10:00Z,Minnesota Twins,1498.237548828125
2024-05-30T17:10:00Z,Kansas City Royals,1480.6385498046875
2024-05-30T17:10:00Z,Milwaukee Brewers,1491.5458984375
2024-05-30T17:10:00Z,Chicago Cubs,1456.8116455078125
2024-05-30T20:10:00Z,Seattle Mariners,1499.1087646484375
2024-05-30T20:10:00Z,Houston Astros,1516.47021484375
2024-05-30T23:10:00Z,Boston Red Sox,1480.9791259765625
2024-05-30T23:10:00Z,Detroit Tigers,1514.2298583984375
2024-05-30T23:10:00Z,New York Mets,1477.27001953125
2024-05-30T23:10:00Z,Arizona Diamondbacks,1457.123291015625
2024-05-30T23:20:00Z,Atlanta Braves,1464.4610595703125
2024-05-30T23:20:00Z,Washington Nationals,1513.70654296875
2024-05-31T01:38:00Z,Los Angeles Angels,1493.4932861328125
2024-05-31T01:38:00Z,New York Yankees,1543.0540771484375
2024-05-31T18:20:00Z,Chicago Cubs,1444.03759765625
2024-05-31T18:20:00Z,Cincinnati Reds,1488.70361328125
2024-05-31T22:40:00Z,Philadelphia Phillies,1533.260498046875
2024-05-31T22:40:00Z,St. Louis Cardinals,1510.7095947265625
2024-05-31T23:05:00Z,Baltimore Orioles,1528.32177734375
2024-05-31T23:05:00Z,Tampa Bay Rays,1494.533203125
2024-05-31T23:07:00Z,Toronto Blue Jays,1514.1800537109375
2024-05-31T23:07:00Z,Pittsburgh Pirates,1492.3631591796875
2024-05-31T23:10:00Z,Boston Red Sox,1504.7432861328125
2024-05-31T23:10:00Z,Detroit Tigers,1490.4656982421875
2024-05-31T23:10:00Z,Cleveland Guardians,1539.799072265625
2024-05-31T23:10:00Z,Washington Nationals,1507.253662109375
2024-05-31T23:10:00Z,New York Mets,1483.6033935546875
2024-05-31T23:10:00Z,Arizona Diamondbacks,1450.7899169921875
2024-05-31T23:10:00Z,Miami Marlins,1544.32421875
2024-05-31T23:10:00Z,Texas Rangers,1505.1484375
2024-05-31T23:20:00Z,Atlanta Braves,1478.9755859375
2024-05-31T23:20:00Z,Oakland Athletics,1456.1427001953125
2024-06-01T00:10:00Z,Kansas City Royals,1473.5390625
2024-06-01T00:10:00Z,San Diego Padres,1525.2269287109375
2024-06-01T00:10:00Z,Houston Astros,1491.2633056640625
2024-06-01T00:10:00Z,Minnesota Twins,1523.4444580078125
2024-06-01T00:10:00Z,Milwaukee Brewers,1492.9561767578125
2024-06-01T00:10:00Z,Chicago White Sox,1433.562255859375
2024-06-01T02:10:00Z,Los Angeles Dodgers,1501.7113037109375
2024-06-01T02:10:00Z,Colorado Rockies,1552.391845703125
2024-06-01T02:10:00Z,Seattle Mariners,1509.5137939453125
2024-06-01T02:10:00Z,Los Angeles Angels,1483.0882568359375
2024-06-01T02:15:00Z,San Francisco Giants,1496.449951171875
2024-06-01T02:15:00Z,New York Yankees,1549.4970703125
2024-06-01T19:07:00Z,Toronto Blue Jays,1488.1317138671875
2024-06-01T19:07:00Z,Pittsburgh Pirates,1518.4114990234375
2024-06-01T20:05:00Z,Baltimore Orioles,1532.0445556640625
2024-06-01T20:05:00Z,Tampa Bay Rays,1490.8104248046875
2024-06-01T20:10:00Z,Boston Red Sox,1512.5618896484375
2024-06-01T20:10:00Z,Detroit Tigers,1482.6470947265625
2024-06-01T20:10:00Z,Cleveland Guardians,1543.71435546875
2024-06-01T20:10:00Z,Washington Nationals,1503.33837890625
2024-06-01T20:10:00Z,New York Mets,1455.4764404296875
2024-06-01T20:10:00Z,Arizona Diamondbacks,1478.9168701171875
2024-06-01T20:10:00Z,Kansas City Royals,1469.4071044921875
2024-06-01T20:10:00Z,San Diego Padres,1529.35888671875
2024-06-01T20:10:00Z,Houston Astros,1514.72265625
2024-06-01T20:10:00Z,Minnesota Twins,1499.985107421875
2024-06-01T20:10:00Z,Atlanta Braves,1452.7039794921875
2024-06-01T20:10:00Z,Oakland Athletics,1482.414306640625
2024-06-01T20:10:00Z,Miami Marlins,1515.3052978515625
2024-06-01T20:10:00Z,Texas Rangers,1534.1673583984375
2024-06-01T20:10:00Z,Milwaukee Brewers,1494.201416015625
2024-06-01T20:10:00Z,Chicago White Sox,1432.3170166015625
2024-06-01T23:15:00Z,Chicago Cubs,1470.596435546875
2024-06-01T23:15:00Z,Cincinnati Reds,1462.144775390625
2024-06-01T23:15:00Z,Seattle Mariners,1514.5048828125
2024-06-01T23:15:00Z,Los Angeles Angels,1478.09716796875
2024-06-01T23:15:00Z,Philadelphia Phillies,1539.0501708984375
2024-06-01T23:15:00Z,St. Louis Cardinals,1504.919921875
2024-06-02T02:05:00Z,San Francisco Giants,1492.5380859375
2024-06-02T02:05:00Z,New York Yankees,1553.408935546875
2024-06-02T02:10:00Z,Los Angeles Dodgers,1529.4095458984375
2024-06-02T02:10:00Z,Colorado Rockies,1524.693603515625
2024-06-02T17:05:00Z,Houston Astros,1490.416748046875
2024-06-02T17:05:00Z,Minnesota Twins,1524.291015625
2024-06-02T17:35:00Z,Boston Red Sox,1484.912841796875
2024-06-02T17:35:00Z,Detroit Tigers,1510.296142578125
2024-06-02T17:35:00Z,Baltimore Orioles,1502.779052734375
2024-06-02T17:35:00Z,Tampa Bay Rays,1520.075927734375
2024-06-02T17:35:00Z,Atlanta Braves,1475.4322509765625
2024-06-02T17:35:00Z,Oakland Athletics,1459.68603515625
2024-06-02T17:37:00Z,Toronto Blue Jays,1511.03173828125
2024-06-02T17:37:00Z,Pittsburgh Pirates,1495.511474609375
2024-06-02T17:40:00Z,Cleveland Guardians,1514.54931640625
2024-06-02T17:40:00Z,Washington Nationals,1532.50341796875
2024-06-02T17:40:00Z,New York Mets,1444.1951904296875
2024-06-02T17:40:00Z,Arizona Diamondbacks,1490.1981201171875
2024-06-02T17:40:00Z,Miami Marlins,1502.440673828125
2024-06-02T17:40:00Z,Texas Rangers,1547.031982421875
2024-06-02T18:10:00Z,Kansas City Royals,1498.4627685546875
2024-06-02T18:10:00Z,San Diego Padres,1500.30322265625
2024-06-02T18:10:00Z,Milwaukee Brewers,1495.31640625
2024-06-02T18:10:00Z,Chicago White Sox,1431.2020263671875
2024-06-02T18:20:00Z,Chicago Cubs,1448.1060791015625
2024-06-02T18:20:00Z,Cincinnati Reds,1484.6351318359375
2024-06-02T20:05:00Z,San Francisco Giants,1489.7049560546875
2024-06-02T20:05:00Z,New York Yankees,1556.2420654296875
2024-06-02T20:10:00Z,Los Angeles Dodgers,1540.1075439453125
2024-06-02T20:10:00Z,Colorado Rockies,1513.99560546875
2024-06-02T20:10:00Z,Seattle Mariners,1517.848876953125
2024-06-02T20:10:00Z,Los Angeles Angels,1474.753173828125
2024-06-02T23:10:00Z,Philadelphia Phillies,1510.721435546875
2024-06-02T23:10:00Z,St. Louis Cardinals,1533.2486572265625
2024-06-03T22:40:00Z,Philadelphia Phillies,1518.2374267578125
2024-06-03T22:40:00Z,Milwaukee Brewers,1487.8004150390625
2024-06-03T22:45:00Z,Washington Nationals,1500.8419189453125
2024-06-03T22:45:00Z,New York Mets,1475.856689453125
2024-06-03T23:07:00Z,Toronto Blue Jays,1488.602783203125
2024-06-03T23:07:00Z,Baltimore Orioles,1525.2080078125
2024-06-04T00:05:00Z,Texas Rangers,1518.3309326171875
2024-06-04T00:05:00Z,Detroit Tigers,1538.9971923828125
2024-06-04T00:10:00Z,Houston Astros,1516.58349609375
2024-06-04T00:10:00Z,St. Louis Cardinals,1507.0819091796875
2024-06-04T00:40:00Z,Colorado Rockies,1486.443359375
2024-06-04T00:40:00Z,Cincinnati Reds,1512.187255859375
2024-06-04T01:38:00Z,Los Angeles Angels,1496.1710205078125
2024-06-04T01:38:00Z,San Diego Padres,1478.8853759765625
2024-06-04T01:40:00Z,Arizona Diamondbacks,1502.322509765625
2024-06-04T01:40:00Z,San Francisco Giants,1477.58056640625
2024-06-04T22:40:00Z,Cleveland Guardians,1521.88623046875
2024-06-04T22:40:00Z,Kansas City Royals,1491.1258544921875
2024-06-04T22:40:00Z,Pittsburgh Pirates,1522.0557861328125
2024-06-04T22:40:00Z,Los Angeles Dodgers,1513.563232421875
2024-06-04T22:40:00Z,Miami Marlins,1489.13916015625
2024-06-04T22:40:00Z,Tampa Bay Rays,1533.37744140625
2024-06-04T22:40:00Z,Philadelphia Phillies,1522.498779296875
2024-06-04T22:40:00Z,Milwaukee Brewers,1483.5390625
2024-06-04T22:45:00Z,Washington Nationals,1474.118896484375
2024-06-04T22:45:00Z,New York Mets,1502.5797119140625
2024-06-04T23:05:00Z,New York Yankees,1560.2523193359375
2024-06-04T23:05:00Z,Minnesota Twins,1520.28076171875
2024-06-04T23:07:00Z,Toronto Blue Jays,1481.27587890625
2024-06-04T23:07:00Z,Baltimore Orioles,1532.534912109375
2024-06-04T23:10:00Z,Boston Red Sox,1462.10888671875
2024-06-04T23:10:00Z,Atlanta Braves,1498.2362060546875
2024-06-05T00:05:00Z,Texas Rangers,1506.0999755859375
2024-06-05T00:05:00Z,Detroit Tigers,1551.2281494140625
2024-06-05T00:05:00Z,Chicago Cubs,1455.2322998046875
2024-06-05T00:05:00Z,Chicago White Sox,1424.0758056640625
2024-06-05T00:10:00Z,Houston Astros,1525.773193359375
2024-06-05T00:10:00Z,St. Louis Cardinals,1497.8922119140625
2024-06-05T00:40:00Z,Colorado Rockies,1475.92431640625
2024-06-05T00:40:00Z,Cincinnati Reds,1522.706298828125
2024-06-05T01:38:00Z,Los Angeles Angels,1503.200439453125
2024-06-05T01:38:00Z,San Diego Padres,1471.85595703125
2024-06-05T01:40:00Z,Oakland Athletics,1456.513916015625
2024-06-05T01:40:00Z,Seattle Mariners,1521.02099609375
2024-06-05T01:40:00Z,Arizona Diamondbacks,1507.6490478515625
2024-06-05T01:40:00Z,San Francisco Giants,1472.2540283203125
2024-06-05T17:35:00Z,Boston Red Sox,1486.656982421875
2024-06-05T17:35:00Z,Atlanta Braves,1473.6881103515625
2024-06-05T18:10:00Z,Houston Astros,1498.4884033203125
2024-06-05T18:10:00Z,St. Louis Cardinals,1525.177001953125
2024-06-05T19:10:00Z,Colorado Rockies,1470.9091796875
2024-06-05T19:10:00Z,Cincinnati Reds,1527.721435546875
2024-06-05T19:40:00Z,Arizona Diamondbacks,1479.13525390625
2024-06-05T19:40:00Z,San Francisco Giants,1500.767822265625
2024-06-05T20:05:00Z,Washington Nationals,1464.4637451171875
2024-06-05T20:05:00Z,New York Mets,1512.23486328125
2024-06-05T20:05:00Z,Philadelphia Phillies,1525.5068359375
2024-06-05T20:05:00Z,Milwaukee Brewers,1480.531005859375
2024-06-05T22:40:00Z,Pittsburgh Pirates,1531.5528564453125
2024-06-05T22:40:00Z,Los Angeles Dodgers,1504.066162109375
2024-06-05T22:40:00Z,Miami Marlins,1483.6085205078125
2024-06-05T22:40:00Z,Tampa Bay Rays,1538.9080810546875
2024-06-05T23:05:00Z,New York Yankees,1563.1357421875
2024-06-05T23:05:00Z,Minnesota Twins,1517.3973388671875
2024-06-05T23:07:00Z,Toronto Blue Jays,1509.0723876953125
2024-06-05T23:07:00Z,Baltimore Orioles,1504.7384033203125
2024-06-06T00:05:00Z,Texas Rangers,1532.7542724609375
2024-06-06T00:05:00Z,Detroit Tigers,1524.5738525390625
2024-06-06T00:05:00Z,Chicago Cubs,1459.3726806640625
2024-06-06T00:05:00Z,Chicago White Sox,1419.9354248046875
2024-06-06T01:38:00Z,Los Angeles Angels,1507.309814453125
2024-06-06T01:38:00Z,San Diego Padres,1467.74658203125
2024-06-06T01:40:00Z,Oakland Athletics,1486.08447265625
2024-06-06T01:40:00Z,Seattle Mariners,1491.450439453125
2024-06-06T17:07:00Z,Toronto Blue Jays,1519.89599609375
2024-06-06T17:07:00Z,Baltimore Orioles,1493.914794921875
2024-06-06T17:10:00Z,Cleveland Guardians,1494.0928955078125
2024-06-06T17:10:00Z,Kansas City Royals,1518.919189453125
2024-06-06T19:37:00Z,Oakland Athletics,1468.2962646484375
2024-06-06T19:37:00Z,Seattle Mariners,1509.2386474609375
2024-06-06T22:40:00Z,Pittsburgh Pirates,1504.341552734375
2024-06-06T22:40:00Z,Los Angeles Dodgers,1531.2774658203125
2024-06-06T22:45:00Z,Washington Nationals,1448.089599609375
2024-06-06T22:45:00Z,Atlanta Braves,1490.062255859375
2024-06-06T23:05:00Z,New York Yankees,1565.3941650390625
2024-06-06T23:05:00Z,Minnesota Twins,1515.138916015625
2024-06-06T23:10:00Z,Cincinnati Reds,1528.5567626953125
2024-06-06T23:10:00Z,Chicago Cubs,1458.537353515625
2024-06-06T23:45:00Z,St. Louis Cardinals,1494.737548828125
2024-06-06T23:45:00Z,Colorado Rockies,1501.3486328125
2024-06-07T00:10:00Z,Chicago White Sox,1417.7252197265625
2024-06-07T00:10:00Z,Boston Red Sox,1488.8671875
2024-06-07T01:40:00Z,San Diego Padres,1452.169677734375
2024-06-07T01:40:00Z,Arizona Diamondbacks,1494.712158203125
2024-06-07T18:15:00Z,St. Louis Cardinals,1509.4036865234375
2024-06-07T18:15:00Z,Colorado Rockies,1486.6824951171875
2024-06-07T22:40:00Z,Pittsburgh Pirates,1520.546875
2024-06-07T22:40:00Z,Minnesota Twins,1498.93359375
2024-06-07T22:40:00Z,Detroit Tigers,1495.001708984375
2024-06-07T22:40:00Z,Milwaukee Brewers,1510.1031494140625
2024-06-07T22:45:00Z,Washington Nationals,1474.065185546875
2024-06-07T22:45:00Z,Atlanta Braves,1464.086669921875
2024-06-07T22:50:00Z,Tampa Bay Rays,1509.239501953125
2024-06-07T22:50:00Z,Baltimore Orioles,1523.5833740234375
2024-06-07T23:05:00Z,New York Yankees,1537.0675048828125
2024-06-07T23:05:00Z,Los Angeles Dodgers,1559.6041259765625
2024-06-07T23:10:00Z,Cincinnati Reds,1529.331787109375
2024-06-07T23:10:00Z,Chicago Cubs,1457.7623291015625
2024-06-07T23:10:00Z,Miami Marlins,1499.6986083984375
2024-06-07T23:10:00Z,Cleveland Guardians,1478.0028076171875
2024-06-08T00:05:00Z,Texas Rangers,1504.7589111328125
2024-06-08T00:05:00Z,San Francisco Giants,1528.76318359375
2024-06-08T00:10:00Z,Kansas City Royals,1528.054931640625
2024-06-08T00:10:00Z,Seattle Mariners,1500.1029052734375
2024-06-08T00:10:00Z,Chicago White Sox,1447.8988037109375
2024-06-08T00:10:00Z,Boston Red Sox,1458.693603515625
2024-06-08T01:38:00Z,Los Angeles Angels,1484.7060546875
2024-06-08T01:38:00Z,Houston Astros,1521.0921630859375
2024-06-08T01:40:00Z,San Diego Padres,1478.2725830078125
2024-06-08T01:40:00Z,Arizona Diamondbacks,1468.6092529296875
2024-06-08T01:40:00Z,Oakland Athletics,1496.1497802734375
2024-06-08T01:40:00Z,Toronto Blue Jays,1492.04248046875
2024-06-08T17:10:00Z,New York Mets,1497.35009765625
2024-06-08T17:10:00Z,Philadelphia Phillies,1540.3916015625
2024-06-08T20:05:00Z,Texas Rangers,1493.6666259765625
2024-06-08T20:05:00Z,San Francisco Giants,1539.85546875
2024-06-08T20:05:00Z,Pittsburgh Pirates,1526.544189453125
2024-06-08T20:05:00Z,Minnesota Twins,1492.936279296875
2024-06-08T20:05:00Z,Washington Nationals,1483.1116943359375
2024-06-08T20:05:00Z,Atlanta Braves,1455.0401611328125
2024-06-08T20:07:00Z,Oakland Athletics,1475.04833984375
2024-06-08T20:07:00Z,Toronto Blue Jays,1513.1439208984375
2024-06-08T20:10:00Z,Cincinnati Reds,1530.0545654296875
2024-06-08T20:10:00Z,Chicago Cubs,1457.03955078125
2024-06-08T20:10:00Z,Kansas City Royals,1532.7569580078125
2024-06-08T20:10:00Z,Seattle Mariners,1495.40087890625
2024-06-08T20:10:00Z,Tampa Bay Rays,1494.7469482421875
2024-06-08T20:10:00Z,Baltimore Orioles,1538.075927734375
2024-06-08T20:10:00Z,Chicago White Sox,1464.1031494140625
2024-06-08T20:10:00Z,Boston Red Sox,1442.4892578125
2024-06-08T20:10:00Z,Detroit Tigers,1480.7852783203125
2024-06-08T20:10:00Z,Milwaukee Brewers,1524.319580078125
2024-06-08T20:15:00Z,St. Louis Cardinals,1483.15625
2024-06-08T20:15:00Z,Colorado Rockies,1512.929931640625
2024-06-08T23:35:00Z,Miami Marlins,1473.6773681640625
2024-06-08T23:35:00Z,Cleveland Guardians,1504.0240478515625
2024-06-08T23:35:00Z,New York Yankees,1525.48046875
2024-06-08T23:35:00Z,Los Angeles Dodgers,1571.191162109375
2024-06-09T00:40:00Z,San Diego Padres,1487.41357421875
2024-06-09T00:40:00Z,Arizona Diamondbacks,1459.46826171875
2024-06-09T02:07:00Z,Los Angeles Angels,1477.322021484375
2024-06-09T02:07:00Z,Houston Astros,1528.4761962890625
2024-06-09T14:10:00Z,Philadelphia Phillies,1510.9249267578125
2024-06-09T14:10:00Z,New York Mets,1526.8167724609375
2024-06-09T17:05:00Z,Texas Rangers,1520.534912109375
2024-06-09T17:05:00Z,San Francisco Giants,1512.9871826171875
2024-06-09T17:35:00Z,Pittsburgh Pirates,1498.29443359375
2024-06-09T17:35:00Z,Minnesota Twins,1521.18603515625
2024-06-09T17:35:00Z,Washington Nationals,1487.791748046875
2024-06-09T17:35:00Z,Atlanta Braves,1450.360107421875
2024-06-09T17:40:00Z,Cincinnati Reds,1498.7318115234375
2024-06-09T17:40:00Z,Chicago Cubs,1488.3623046875
2024-06-09T17:40:00Z,Tampa Bay Rays,1489.0220947265625
2024-06-09T17:40:00Z,Baltimore Orioles,1543.80078125
2024-06-09T17:40:00Z,Miami Marlins,1464.597412109375
2024-06-09T17:40:00Z,Cleveland Guardians,1513.10400390625
2024-06-09T17:40:00Z,Detroit Tigers,1507.104736328125
2024-06-09T17:40:00Z,Milwaukee Brewers,1498.0001220703125
2024-06-09T18:10:00Z,Kansas City Royals,1503.972412109375
2024-06-09T18:10:00Z,Seattle Mariners,1524.1854248046875
2024-06-09T18:10:00Z,Chicago White Sox,1438.100341796875
2024-06-09T18:10:00Z,Boston Red Sox,1468.4920654296875
2024-06-09T18:15:00Z,St. Louis Cardinals,1505.9036865234375
2024-06-09T18:15:00Z,Colorado Rockies,1490.1824951171875
2024-06-09T20:07:00Z,Los Angeles Angels,1505.100830078125
2024-06-09T20:07:00Z,Houston Astros,1500.6973876953125
2024-06-09T20:07:00Z,Oakland Athletics,1468.1019287109375
2024-06-09T20:07:00Z,Toronto Blue Jays,1520.09033203125
2024-06-09T20:10:00Z,San Diego Padres,1460.116943359375
2024-06-09T20:10:00Z,Arizona Diamondbacks,1486.764892578125
2024-06-09T23:10:00Z,New York Yankees,1552.253173828125
2024-06-09T23:10:00Z,Los Angeles Dodgers,1544.41845703125
2024-06-10T22:50:00Z,Tampa Bay Rays,1485.3759765625
2024-06-10T22:50:00Z,Baltimore Orioles,1547.4468994140625
2024-06-10T23:40:00Z,Minnesota Twins,1525.3519287109375
2024-06-10T23:40:00Z,Colorado Rockies,1486.0166015625
2024-06-11T00:10:00Z,Kansas City Royals,1499.2423095703125
2024-06-11T00:10:00Z,New York Yankees,1556.9832763671875
2024-06-11T00:10:00Z,Milwaukee Brewers,1518.2607421875
2024-06-11T00:10:00Z,Toronto Blue Jays,1499.8297119140625
2024-06-11T01:40:00Z,San Diego Padres,1475.286865234375
2024-06-11T01:40:00Z,Oakland Athletics,1452.9320068359375
2024-06-11T01:40:00Z,Seattle Mariners,1524.56005859375
2024-06-11T01:40:00Z,Chicago White Sox,1437.725830078125
2024-06-11T01:45:00Z,San Francisco Giants,1521.3592529296875
2024-06-11T01:45:00Z,Houston Astros,1492.3253173828125
2024-06-11T22:35:00Z,Baltimore Orioles,1547.673583984375
2024-06-11T22:35:00Z,Atlanta Braves,1450.1334228515625
2024-06-11T22:40:00Z,Detroit Tigers,1481.6353759765625
2024-06-11T22:40:00Z,Washington Nationals,1513.2611083984375
2024-06-11T22:50:00Z,Tampa Bay Rays,1498.7281494140625
2024-06-11T22:50:00Z,Chicago Cubs,1475.0101318359375
2024-06-11T23:10:00Z,Cincinnati Reds,1484.2496337890625
2024-06-11T23:10:00Z,Cleveland Guardians,1527.586181640625
2024-06-11T23:10:00Z,Boston Red Sox,1462.5706787109375
2024-06-11T23:10:00Z,Philadelphia Phillies,1516.8463134765625
2024-06-11T23:10:00Z,New York Mets,1495.915283203125
2024-06-11T23:10:00Z,Miami Marlins,1495.4989013671875
2024-06-11T23:40:00Z,Minnesota Twins,1496.3131103515625
2024-06-11T23:40:00Z,Colorado Rockies,1515.055419921875
2024-06-11T23:45:00Z,St. Louis Cardinals,1483.6746826171875
2024-06-11T23:45:00Z,Pittsburgh Pirates,1520.5234375
2024-06-12T00:10:00Z,Kansas City Royals,1496.01416015625
2024-06-12T00:10:00Z,New York Yankees,1560.21142578125
2024-06-12T00:10:00Z,Milwaukee Brewers,1493.005126953125
2024-06-12T00:10:00Z,Toronto Blue Jays,1525.0853271484375
2024-06-12T01:40:00Z,Arizona Diamondbacks,1505.7135009765625
2024-06-12T01:40:00Z,Los Angeles Angels,1486.1522216796875
2024-06-12T01:40:00Z,San Diego Padres,1481.1195068359375
2024-06-12T01:40:00Z,Oakland Athletics,1447.099365234375
2024-06-12T01:40:00Z,Seattle Mariners,1524.922119140625
2024-06-12T01:40:00Z,Chicago White Sox,1437.36376953125
2024-06-12T01:45:00Z,San Francisco Giants,1493.864990234375
2024-06-12T01:45:00Z,Houston Astros,1519.819580078125
2024-06-12T02:10:00Z,Los Angeles Dodgers,1549.9227294921875
2024-06-12T02:10:00Z,Texas Rangers,1515.0306396484375
2024-06-12T17:10:00Z,Minnesota Twins,1515.406005859375
2024-06-12T17:10:00Z,Colorado Rockies,1495.96240234375
2024-06-12T18:10:00Z,Milwaukee Brewers,1516.435302734375
2024-06-12T18:10:00Z,Toronto Blue Jays,1501.6551513671875
2024-06-12T19:45:00Z,San Francisco Giants,1515.414306640625
2024-06-12T19:45:00Z,Houston Astros,1498.270263671875
2024-06-12T20:10:00Z,San Diego Padres,1484.807373046875
2024-06-12T20:10:00Z,Oakland Athletics,1443.4114990234375
2024-06-12T22:35:00Z,Baltimore Orioles,1547.8956298828125
2024-06-12T22:35:00Z,Atlanta Braves,1449.911376953125
2024-06-12T22:40:00Z,Detroit Tigers,1472.93359375
2024-06-12T22:40:00Z,Washington Nationals,1521.962890625
2024-06-12T22:50:00Z,Tampa Bay Rays,1472.267333984375
2024-06-12T22:50:00Z,Chicago Cubs,1501.470947265625
2024-06-12T23:10:00Z,Cincinnati Reds,1510.5263671875
2024-06-12T23:10:00Z,Cleveland Guardians,1501.3094482421875
2024-06-12T23:10:00Z,Boston Red Sox,1490.8489990234375
2024-06-12T23:10:00Z,Philadelphia Phillies,1488.5679931640625
2024-06-12T23:10:00Z,New York Mets,1508.0662841796875
2024-06-12T23:10:00Z,Miami Marlins,1483.347900390625
2024-06-12T23:45:00Z,St. Louis Cardinals,1508.4110107421875
2024-06-12T23:45:00Z,Pittsburgh Pirates,1495.787109375
2024-06-13T00:10:00Z,Kansas City Royals,1493.552490234375
2024-06-13T00:10:00Z,New York Yankees,1562.673095703125
2024-06-13T01:40:00Z,Arizona Diamondbacks,1480.1849365234375
2024-06-13T01:40:00Z,Los Angeles Angels,1511.6807861328125
2024-06-13T01:40:00Z,Seattle Mariners,1525.2723388671875
2024-06-13T01:40:00Z,Chicago White Sox,1437.0135498046875
2024-06-13T02:10:00Z,Los Angeles Dodgers,1521.4815673828125
2024-06-13T02:10:00Z,Texas Rangers,1543.4718017578125
2024-06-13T17:05:00Z,Baltimore Orioles,1516.11328125
2024-06-13T17:05:00Z,Atlanta Braves,1481.6937255859375
2024-06-13T17:10:00Z,Detroit Tigers,1500.3408203125
2024-06-13T17:10:00Z,Washington Nationals,1494.5556640625
2024-06-13T18:10:00Z,Kansas City Royals,1523.55908203125
2024-06-13T18:10:00Z,New York Yankees,1532.66650390625
2024-06-13T18:15:00Z,St. Louis Cardinals,1516.688232421875
2024-06-13T18:15:00Z,Pittsburgh Pirates,1487.5098876953125
2024-06-13T22:50:00Z,Tampa Bay Rays,1494.8411865234375
2024-06-13T22:50:00Z,Chicago Cubs,1478.8970947265625
2024-06-13T23:10:00Z,Boston Red Sox,1502.3597412109375
2024-06-13T23:10:00Z,Philadelphia Phillies,1477.0572509765625
2024-06-13T23:10:00Z,New York Mets,1513.3975830078125
2024-06-13T23:10:00Z,Miami Marlins,1478.0166015625
2024-06-13T23:40:00Z,Minnesota Twins,1516.1151123046875
2024-06-13T23:40:00Z,Oakland Athletics,1442.702392578125
2024-06-14T01:40:00Z,Arizona Diamondbacks,1503.4451904296875
2024-06-14T01:40:00Z,Los Angeles Angels,1488.4205322265625
2024-06-14T01:40:00Z,Seattle Mariners,1493.611572265625
2024-06-14T01:40:00Z,Chicago White Sox,1468.67431640625
2024-06-14T02:10:00Z,Los Angeles Dodgers,1509.7078857421875
2024-06-14T02:10:00Z,Texas Rangers,1555.2454833984375
2024-06-14T18:20:00Z,Chicago Cubs,1471.8741455078125
2024-06-14T18:20:00Z,St. Louis Cardinals,1523.711181640625
2024-06-14T22:30:00Z,Boston Red Sox,1493.267822265625
2024-06-14T22:30:00Z,New York Yankees,1541.7584228515625
2024-06-14T22:45:00Z,Washington Nationals,1501.775390625
2024-06-14T22:45:00Z,Miami Marlins,1470.796875
2024-06-14T23:05:00Z,Baltimore Orioles,1487.1092529296875
2024-06-14T23:05:00Z,Philadelphia Phillies,1506.061279296875
2024-06-14T23:07:00Z,Toronto Blue Jays,1481.8306884765625
2024-06-14T23:07:00Z,Cleveland Guardians,1521.1339111328125
2024-06-14T23:10:00Z,New York Mets,1517.9830322265625
2024-06-14T23:10:00Z,San Diego Padres,1480.221923828125
2024-06-14T23:20:00Z,Atlanta Braves,1498.7633056640625
2024-06-14T23:20:00Z,Tampa Bay Rays,1477.7716064453125
2024-06-15T00:10:00Z,Houston Astros,1511.2955322265625
2024-06-15T00:10:00Z,Detroit Tigers,1487.3155517578125
2024-06-15T00:10:00Z,Minnesota Twins,1516.7803955078125
2024-06-15T00:10:00Z,Oakland Athletics,1442.037109375
2024-06-15T00:10:00Z,Milwaukee Brewers,1494.74560546875
2024-06-15T00:10:00Z,Cincinnati Reds,1532.216064453125
2024-06-15T00:40:00Z,Colorado Rockies,1473.4718017578125
2024-06-15T00:40:00Z,Pittsburgh Pirates,1510.00048828125
2024-06-15T01:40:00Z,Arizona Diamondbacks,1507.021728515625
2024-06-15T01:40:00Z,Chicago White Sox,1465.0977783203125
2024-06-15T02:10:00Z,Los Angeles Dodgers,1527.0352783203125
2024-06-15T02:10:00Z,Kansas City Royals,1506.231689453125
2024-06-15T02:10:00Z,Seattle Mariners,1522.8677978515625
2024-06-15T02:10:00Z,Texas Rangers,1525.9892578125
2024-06-15T02:15:00Z,San Francisco Giants,1488.296142578125
2024-06-15T02:15:00Z,Los Angeles Angels,1515.5386962890625
2024-06-15T18:20:00Z,Chicago Cubs,1499.766845703125
2024-06-15T18:20:00Z,St. Louis Cardinals,1495.8184814453125
2024-06-15T19:07:00Z,Toronto Blue Jays,1507.1820068359375
2024-06-15T19:07:00Z,Cleveland Guardians,1495.7825927734375
2024-06-15T20:05:00Z,San Francisco Giants,1478.258544921875
2024-06-15T20:05:00Z,Los Angeles Angels,1525.5762939453125
2024-06-15T20:05:00Z,Baltimore Orioles,1506.2764892578125
2024-06-15T20:05:00Z,Philadelphia Phillies,1486.89404296875
2024-06-15T20:05:00Z,Washington Nationals,1505.9454345703125
2024-06-15T20:05:00Z,Miami Marlins,1466.6268310546875
2024-06-15T20:10:00Z,Houston Astros,1484.7796630859375
2024-06-15T20:10:00Z,Detroit Tigers,1513.8314208984375
2024-06-15T20:10:00Z,New York Mets,1521.1448974609375
2024-06-15T20:10:00Z,San Diego Padres,1477.06005859375
2024-06-15T20:10:00Z,Atlanta Braves,1504.9013671875
2024-06-15T20:10:00Z,Tampa Bay Rays,1471.633544921875
2024-06-15T20:10:00Z,Milwaukee Brewers,1519.641357421875
2024-06-15T20:10:00Z,Cincinnati Reds,1507.3203125
2024-06-15T23:15:00Z,Seattle Mariners,1536.2684326171875
2024-06-15T23:15:00Z,Texas Rangers,1512.588623046875
2024-06-15T23:15:00Z,Boston Red Sox,1520.5765380859375
2024-06-15T23:15:00Z,New York Yankees,1514.44970703125
2024-06-16T01:10:00Z,Los Angeles Dodgers,1501.2164306640625
2024-06-16T01:10:00Z,Kansas City Royals,1532.050537109375
2024-06-16T01:10:00Z,Colorado Rockies,1498.125
2024-06-16T01:10:00Z,Pittsburgh Pirates,1485.3472900390625
2024-06-16T02:10:00Z,Arizona Diamondbacks,1477.6778564453125
2024-06-16T02:10:00Z,Chicago White Sox,1494.441650390625
2024-06-16T17:05:00Z,Chicago Cubs,1478.718017578125
2024-06-16T17:05:00Z,St. Louis Cardinals,1516.8673095703125
2024-06-16T17:35:00Z,Baltimore Orioles,1512.79052734375
2024-06-16T17:35:00Z,Philadelphia Phillies,1480.3800048828125
2024-06-16T17:35:00Z,Atlanta Braves,1476.7037353515625
2024-06-16T17:35:00Z,Tampa Bay Rays,1499.8311767578125
2024-06-16T17:35:00Z,Washington Nationals,1508.90869140625
2024-06-16T17:35:00Z,Miami Marlins,1463.66357421875
2024-06-16T17:37:00Z,Toronto Blue Jays,1515.8099365234375
2024-06-16T17:37:00Z,Cleveland Guardians,1487.1546630859375
2024-06-16T17:40:00Z,New York Mets,1523.5684814453125
2024-06-16T17:40:00Z,San Diego Padres,1474.636474609375
2024-06-16T18:10:00Z,Houston Astros,1507.3070068359375
2024-06-16T18:10:00Z,Detroit Tigers,1491.3040771484375
2024-06-16T18:10:00Z,Minnesota Twins,1517.4068603515625
2024-06-16T18:10:00Z,Oakland Athletics,1441.41064453125
2024-06-16T18:10:00Z,Milwaukee Brewers,1528.0045166015625
2024-06-16T18:10:00Z,Cincinnati Reds,1498.9571533203125
2024-06-16T19:10:00Z,Colorado Rockies,1474.35888671875
2024-06-16T19:10:00Z,Pittsburgh Pirates,1509.1134033203125
2024-06-16T20:05:00Z,San Francisco Giants,1505.346923828125
2024-06-16T20:05:00Z,Los Angeles Angels,1498.4879150390625
2024-06-16T20:10:00Z,Los Angeles Dodgers,1524.28173828125
2024-06-16T20:10:00Z,Kansas City Royals,1508.9852294921875
2024-06-16T20:10:00Z,Seattle Mariners,1541.815673828125
2024-06-16T20:10:00Z,Texas Rangers,1507.0413818359375
2024-06-16T20:10:00Z,Arizona Diamondbacks,1496.0633544921875
2024-06-16T20:10:00Z,Chicago White Sox,1476.05615234375
2024-06-16T23:10:00Z,Boston Red Sox,1530.81689453125
2024-06-16T23:10:00Z,New York Yankees,1504.2093505859375
2024-06-16T23:40:00Z,Minnesota Twins,1517.9989013671875
2024-06-16T23:40:00Z,Oakland Athletics,1440.818603515625
2024-06-17T22:40:00Z,Pittsburgh Pirates,1518.1068115234375
2024-06-17T22:40:00Z,Cincinnati Reds,1489.9637451171875
2024-06-17T22:40:00Z,Philadelphia Phillies,1490.74365234375
2024-06-17T22:40:00Z,San Diego Padres,1464.2728271484375
2024-06-17T22:40:00Z,Miami Marlins,1459.7764892578125
2024-06-17T22:40:00Z,St. Louis Cardinals,1520.75439453125
2024-06-17T23:07:00Z,Toronto Blue Jays,1501.55908203125
2024-06-17T23:07:00Z,Boston Red Sox,1545.0677490234375
2024-06-17T23:20:00Z,Atlanta Braves,1494.3048095703125
2024-06-17T23:20:00Z,Detroit Tigers,1473.7030029296875
2024-06-18T00:05:00Z,Chicago Cubs,1468.4847412109375
2024-06-18T00:05:00Z,San Francisco Giants,1515.5802001953125
2024-06-18T00:05:00Z,Texas Rangers,1493.341552734375
2024-06-18T00:05:00Z,New York Mets,1537.268310546875
2024-06-18T00:40:00Z,Colorado Rockies,1469.925537109375
2024-06-18T00:40:00Z,Los Angeles Dodgers,1528.715087890625
2024-06-18T01:38:00Z,Los Angeles Angels,1521.1573486328125
2024-06-18T01:38:00Z,Milwaukee Brewers,1505.3350830078125
2024-06-18T22:10:00Z,Miami Marlins,1488.9560546875
2024-06-18T22:10:00Z,St. Louis Cardinals,1491.5748291015625
2024-06-18T22:40:00Z,Pittsburgh Pirates,1490.773681640625
2024-06-18T22:40:00Z,Cincinnati Reds,1517.296875
2024-06-18T22:40:00Z,Cleveland Guardians,1483.490966796875
2024-06-18T22:40:00Z,Seattle Mariners,1545.4793701171875
2024-06-18T22:40:00Z,Philadelphia Phillies,1495.7259521484375
2024-06-18T22:40:00Z,San Diego Padres,1459.29052734375
2024-06-18T22:45:00Z,Washington Nationals,1485.12353515625
2024-06-18T22:45:00Z,Arizona Diamondbacks,1519.8485107421875
2024-06-18T23:05:00Z,New York Yankees,1519.5985107421875
2024-06-18T23:05:00Z,Baltimore Orioles,1497.4013671875
2024-06-18T23:07:00Z,Toronto Blue Jays,1495.873046875
2024-06-18T23:07:00Z,Boston Red Sox,1550.7537841796875
2024-06-18T23:20:00Z,Atlanta Braves,1500.5323486328125
2024-06-18T23:20:00Z,Detroit Tigers,1467.4754638671875
2024-06-18T23:40:00Z,Minnesota Twins,1524.8079833984375
2024-06-18T23:40:00Z,Tampa Bay Rays,1493.0220947265625
2024-06-19T00:05:00Z,Chicago Cubs,1495.5303955078125
2024-06-19T00:05:00Z,San Francisco Giants,1488.5345458984375
2024-06-19T00:05:00Z,Texas Rangers,1487.7449951171875
2024-06-19T00:05:00Z,New York Mets,1542.8648681640625
2024-06-19T00:10:00Z,Chicago White Sox,1499.24462890625
2024-06-19T00:10:00Z,Houston Astros,1484.1185302734375
2024-06-19T00:40:00Z,Colorado Rockies,1466.8349609375
2024-06-19T00:40:00Z,Los Angeles Dodgers,1531.8056640625
2024-06-19T01:38:00Z,Los Angeles Angels,1496.5633544921875
2024-06-19T01:38:00Z,Milwaukee Brewers,1529.9290771484375
2024-06-19T01:40:00Z,Oakland Athletics,1470.741455078125
2024-06-19T01:40:00Z,Kansas City Royals,1479.0623779296875
2024-06-19T16:20:00Z,Atlanta Braves,1504.367431640625
2024-06-19T16:20:00Z,Detroit Tigers,1463.640380859375
2024-06-19T16:35:00Z,Pittsburgh Pirates,1512.5064697265625
2024-06-19T16:35:00Z,Cincinnati Reds,1495.5640869140625
2024-06-19T16:40:00Z,Miami Marlins,1502.1767578125
2024-06-19T16:40:00Z,St. Louis Cardinals,1478.3541259765625
2024-06-19T17:05:00Z,Philadelphia Phillies,1467.0660400390625
2024-06-19T17:05:00Z,San Diego Padres,1487.950439453125
2024-06-19T18:20:00Z,Chicago Cubs,1505.494140625
2024-06-19T18:20:00Z,San Francisco Giants,1478.57080078125
2024-06-19T20:05:00Z,Washington Nationals,1509.2960205078125
2024-06-19T20:05:00Z,Arizona Diamondbacks,1495.676025390625
2024-06-19T22:40:00Z,Cleveland Guardians,1512.7879638671875
2024-06-19T22:40:00Z,Seattle Mariners,1516.182373046875
2024-06-19T23:05:00Z,New York Yankees,1493.4658203125
2024-06-19T23:05:00Z,Baltimore Orioles,1523.5340576171875
2024-06-19T23:07:00Z,Toronto Blue Jays,1492.2420654296875
2024-06-19T23:07:00Z,Boston Red Sox,1554.384765625
2024-06-19T23:40:00Z,Minnesota Twins,1496.8450927734375
2024-06-19T23:40:00Z,Tampa Bay Rays,1520.9849853515625
2024-06-20T00:05:00Z,Texas Rangers,1516.1492919921875
2024-06-20T00:05:00Z,New York Mets,1514.4605712890625
2024-06-20T00:10:00Z,Chicago White Sox,1474.834716796875
2024-06-20T00:10:00Z,Houston Astros,1508.5284423828125
2024-06-20T00:40:00Z,Colorado Rockies,1496.4530029296875
2024-06-20T00:40:00Z,Los Angeles Dodgers,1502.1876220703125
2024-06-20T01:38:00Z,Los Angeles Angels,1488.35986328125
2024-06-20T01:38:00Z,Milwaukee Brewers,1538.132568359375
2024-06-20T01:40:00Z,Oakland Athletics,1486.034912109375
2024-06-20T01:40:00Z,Kansas City Royals,1463.7689208984375
2024-06-20T17:05:00Z,Washington Nationals,1485.294921875
2024-06-20T17:05:00Z,Arizona Diamondbacks,1519.6771240234375
2024-06-20T17:10:00Z,Cleveland Guardians,1526.28662109375
2024-06-20T17:10:00Z,Seattle Mariners,1502.6837158203125
2024-06-20T17:10:00Z,Minnesota Twins,1485.7979736328125
2024-06-20T17:10:00Z,Tampa Bay Rays,1532.0321044921875
2024-06-20T18:10:00Z,Chicago White Sox,1466.7230224609375
2024-06-20T18:10:00Z,Houston Astros,1516.64013671875
2024-06-20T19:10:00Z,Colorado Rockies,1478.799072265625
2024-06-20T19:10:00Z,Los Angeles Dodgers,1519.841552734375
2024-06-20T19:37:00Z,Oakland Athletics,1459.8870849609375
2024-06-20T19:37:00Z,Kansas City Royals,1489.916748046875
2024-06-20T20:05:00Z,New York Yankees,1484.30224609375
2024-06-20T20:05:00Z,Baltimore Orioles,1532.6976318359375
2024-06-20T23:15:00Z,St. Louis Cardinals,1490.7255859375
2024-06-20T23:15:00Z,San Francisco Giants,1466.1993408203125
2024-06-21T01:40:00Z,San Diego Padres,1515.5625
2024-06-21T01:40:00Z,Milwaukee Brewers,1510.5205078125
2024-06-21T18:20:00Z,Chicago Cubs,1489.0250244140625
2024-06-21T18:20:00Z,New York Mets,1530.9296875
2024-06-21T22:40:00Z,Pittsburgh Pirates,1499.876220703125
2024-06-21T22:40:00Z,Tampa Bay Rays,1544.662353515625
2024-06-21T22:40:00Z,Philadelphia Phillies,1463.084716796875
2024-06-21T22:40:00Z,Arizona Diamondbacks,1523.658447265625
2024-06-21T22:40:00Z,Detroit Tigers,1477.027099609375
2024-06-21T22:40:00Z,Chicago White Sox,1453.3363037109375
2024-06-21T23:05:00Z,New York Yankees,1471.8614501953125
2024-06-21T23:05:00Z,Atlanta Braves,1516.8082275390625
2024-06-21T23:10:00Z,Cincinnati Reds,1524.4774169921875
2024-06-21T23:10:00Z,Boston Red Sox,1525.471435546875
2024-06-21T23:10:00Z,Cleveland Guardians,1529.9708251953125
2024-06-21T23:10:00Z,Toronto Blue Jays,1488.557861328125
2024-06-21T23:10:00Z,Miami Marlins,1514.6497802734375
2024-06-21T23:10:00Z,Seattle Mariners,1490.210693359375
2024-06-22T00:05:00Z,Texas Rangers,1521.177978515625
2024-06-22T00:05:00Z,Kansas City Royals,1484.8880615234375
2024-06-22T00:10:00Z,Houston Astros,1534.7706298828125
2024-06-22T00:10:00Z,Baltimore Orioles,1514.567138671875
2024-06-22T00:40:00Z,Colorado Rockies,1461.423095703125
2024-06-22T00:40:00Z,Washington Nationals,1502.6708984375
2024-06-22T01:40:00Z,Oakland Athletics,1481.4222412109375
2024-06-22T01:40:00Z,Minnesota Twins,1464.2628173828125
2024-06-22T01:40:00Z,San Diego Padres,1526.15380859375
2024-06-22T01:40:00Z,Milwaukee Brewers,1499.92919921875
2024-06-22T02:10:00Z,Los Angeles Dodgers,1491.9283447265625
2024-06-22T02:10:00Z,Los Angeles Angels,1516.2730712890625
2024-06-22T17:10:00Z,Detroit Tigers,1450.572021484375
2024-06-22T17:10:00Z,Chicago White Sox,1479.7913818359375
2024-06-22T18:15:00Z,St. Louis Cardinals,1496.0963134765625
2024-06-22T18:15:00Z,San Francisco Giants,1460.82861328125
2024-06-22T18:20:00Z,Chicago Cubs,1514.9853515625
2024-06-22T18:20:00Z,New York Mets,1504.9693603515625
2024-06-22T20:05:00Z,Pittsburgh Pirates,1526.4600830078125
2024-06-22T20:05:00Z,Tampa Bay Rays,1518.0784912109375
2024-06-22T20:05:00Z,Texas Rangers,1524.5382080078125
2024-06-22T20:05:00Z,Kansas City Royals,1481.52783203125
2024-06-22T20:05:00Z,Philadelphia Phillies,1492.216064453125
2024-06-22T20:05:00Z,Arizona Diamondbacks,1494.527099609375
2024-06-22T20:07:00Z,Oakland Athletics,1456.4835205078125
2024-06-22T20:07:00Z,Minnesota Twins,1489.2015380859375
2024-06-22T20:10:00Z,Cincinnati Reds,1505.12158203125
2024-06-22T20:10:00Z,Boston Red Sox,1544.8272705078125
2024-06-22T20:10:00Z,Houston Astros,1541.0906982421875
2024-06-22T20:10:00Z,Baltimore Orioles,1508.2470703125
2024-06-22T20:10:00Z,Cleveland Guardians,1532.684814453125
2024-06-22T20:10:00Z,Toronto Blue Jays,1485.8438720703125
2024-06-22T20:10:00Z,Miami Marlins,1488.0384521484375
2024-06-22T20:10:00Z,Seattle Mariners,1516.822021484375
2024-06-22T23:15:00Z,New York Yankees,1498.478515625
2024-06-22T23:15:00Z,Atlanta Braves,1490.191162109375
2024-06-22T23:15:00Z,San Diego Padres,1531.1839599609375
2024-06-22T23:15:00Z,Milwaukee Brewers,1494.8990478515625
2024-06-23T01:10:00Z,Colorado Rockies,1487.2337646484375
2024-06-23T01:10:00Z,Washington Nationals,1476.8602294921875
2024-06-23T02:10:00Z,Los Angeles Dodgers,1512.949462890625
2024-06-23T02:10:00Z,Los Angeles Angels,1495.251953125
2024-06-23T15:35:00Z,Philadelphia Phillies,1505.326904296875
2024-06-23T15:35:00Z,Arizona Diamondbacks,1481.416259765625
2024-06-23T17:35:00Z,Pittsburgh Pirates,1503.9913330078125
2024-06-23T17:35:00Z,Tampa Bay Rays,1540.5472412109375
2024-06-23T17:35:00Z,New York Yankees,1476.038818359375
2024-06-23T17:35:00Z,Atlanta Braves,1512.630859375
2024-06-23T17:40:00Z,Cincinnati Reds,1498.5699462890625
2024-06-23T17:40:00Z,Boston Red Sox,1551.37890625
2024-06-23T17:40:00Z,Cleveland Guardians,1534.8388671875
2024-06-23T17:40:00Z,Toronto Blue Jays,1483.6898193359375
2024-06-23T17:40:00Z,Detroit Tigers,1473.1507568359375
2024-06-23T17:40:00Z,Chicago White Sox,1457.212646484375
2024-06-23T17:40:00Z,Miami Marlins,1510.483154296875
2024-06-23T17:40:00Z,Seattle Mariners,1494.3773193359375
2024-06-23T18:10:00Z,Houston Astros,1544.958984375
2024-06-23T18:10:00Z,Baltimore Orioles,1504.3787841796875
2024-06-23T18:15:00Z,St. Louis Cardinals,1499.600830078125
2024-06-23T18:15:00Z,San Francisco Giants,1457.3240966796875
2024-06-23T18:35:00Z,Texas Rangers,1527.074951171875
2024-06-23T18:35:00Z,Kansas City Royals,1478.9910888671875
2024-06-23T19:10:00Z,Colorado Rockies,1464.1627197265625
2024-06-23T19:10:00Z,Washington Nationals,1499.9312744140625
2024-06-23T20:07:00Z,Oakland Athletics,1448.0968017578125
2024-06-23T20:07:00Z,Minnesota Twins,1497.5882568359375
2024-06-23T20:10:00Z,San Diego Padres,1502.544921875
2024-06-23T20:10:00Z,Milwaukee Brewers,1523.5380859375
2024-06-23T23:10:00Z,Chicago Cubs,1492.0206298828125
2024-06-23T23:10:00Z,New York Mets,1527.93408203125
2024-06-24T22:35:00Z,Baltimore Orioles,1495.332763671875
2024-06-24T22:35:00Z,Cleveland Guardians,1543.8848876953125
2024-06-24T22:40:00Z,Detroit Tigers,1464.608642578125
2024-06-24T22:40:00Z,Philadelphia Phillies,1513.8690185546875
2024-06-24T22:50:00Z,Tampa Bay Rays,1542.7642822265625
2024-06-24T22:50:00Z,Seattle Mariners,1492.1602783203125
2024-06-24T23:10:00Z,Cincinnati Reds,1512.802001953125
2024-06-24T23:10:00Z,Pittsburgh Pirates,1489.75927734375
2024-06-24T23:10:00Z,Boston Red Sox,1552.2393798828125
2024-06-24T23:10:00Z,Toronto Blue Jays,1482.829345703125
2024-06-24T23:45:00Z,St. Louis Cardinals,1516.6273193359375
2024-06-24T23:45:00Z,Atlanta Braves,1495.6043701171875
2024-06-25T00:10:00Z,Chicago White Sox,1453.7066650390625
2024-06-25T00:10:00Z,Los Angeles Dodgers,1516.4554443359375
2024-06-25T00:10:00Z,Kansas City Royals,1502.250244140625
2024-06-25T00:10:00Z,Miami Marlins,1487.2239990234375
2024-06-25T00:10:00Z,Milwaukee Brewers,1537.0880126953125
2024-06-25T00:10:00Z,Texas Rangers,1513.5250244140625
2024-06-25T01:38:00Z,Los Angeles Angels,1497.377197265625
2024-06-25T01:38:00Z,Oakland Athletics,1445.9715576171875
2024-06-25T01:40:00Z,San Diego Padres,1513.943115234375
2024-06-25T01:40:00Z,Washington Nationals,1488.5330810546875
2024-06-25T01:45:00Z,San Francisco Giants,1481.4888916015625
2024-06-25T01:45:00Z,Chicago Cubs,1467.8558349609375
2024-06-25T22:35:00Z,Baltimore Orioles,1490.65283203125
2024-06-25T22:35:00Z,Cleveland Guardians,1548.5648193359375
2024-06-25T22:40:00Z,Detroit Tigers,1492.0574951171875
2024-06-25T22:40:00Z,Philadelphia Phillies,1486.420166015625
2024-06-25T22:50:00Z,Tampa Bay Rays,1544.59521484375
2024-06-25T22:50:00Z,Seattle Mariners,1490.329345703125
2024-06-25T23:10:00Z,Cincinnati Reds,1486.485107421875
2024-06-25T23:10:00Z,Pittsburgh Pirates,1516.076171875
2024-06-25T23:10:00Z,Boston Red Sox,1521.035888671875
2024-06-25T23:10:00Z,Toronto Blue Jays,1514.0328369140625
2024-06-25T23:10:00Z,New York Mets,1529.6650390625
2024-06-25T23:10:00Z,New York Yankees,1474.307861328125
2024-06-26T00:10:00Z,Houston Astros,1545.435302734375
2024-06-26T00:10:00Z,Colorado Rockies,1463.6864013671875
2024-06-26T00:10:00Z,Chicago White Sox,1451.0889892578125
2024-06-26T00:10:00Z,Los Angeles Dodgers,1519.0731201171875
2024-06-26T00:10:00Z,Kansas City Royals,1477.866943359375
2024-06-26T00:10:00Z,Miami Marlins,1511.6072998046875
2024-06-26T00:10:00Z,Milwaukee Brewers,1542.659912109375
2024-06-26T00:10:00Z,Texas Rangers,1507.953125
2024-06-26T01:38:00Z,Los Angeles Angels,1499.1455078125
2024-06-26T01:38:00Z,Oakland Athletics,1444.2032470703125
2024-06-26T01:40:00Z,San Diego Padres,1519.1343994140625
2024-06-26T01:40:00Z,Washington Nationals,1483.341796875
2024-06-26T01:40:00Z,Arizona Diamondbacks,1499.5882568359375
2024-06-26T01:40:00Z,Minnesota Twins,1479.416259765625
2024-06-26T01:45:00Z,San Francisco Giants,1489.4842529296875
2024-06-26T01:45:00Z,Chicago Cubs,1459.8604736328125
2024-06-26T16:10:00Z,Tampa Bay Rays,1514.1558837890625
2024-06-26T16:10:00Z,Seattle Mariners,1520.7686767578125
2024-06-26T17:10:00Z,Cincinnati Reds,1477.1771240234375
2024-06-26T17:10:00Z,Pittsburgh Pirates,1525.3841552734375
2024-06-26T17:10:00Z,Detroit Tigers,1470.4554443359375
2024-06-26T17:10:00Z,Philadelphia Phillies,1508.022216796875
2024-06-26T17:45:00Z,St. Louis Cardinals,1490.7581787109375
2024-06-26T17:45:00Z,Atlanta Braves,1521.4735107421875
2024-06-26T18:10:00Z,Houston Astros,1545.8914794921875
2024-06-26T18:10:00Z,Colorado Rockies,1463.230224609375
2024-06-26T18:10:00Z,Kansas City Royals,1501.768310546875
2024-06-26T18:10:00Z,Miami Marlins,1487.7059326171875
2024-06-26T18:10:00Z,Milwaukee Brewers,1546.245849609375
2024-06-26T18:10:00Z,Texas Rangers,1504.3671875
2024-06-26T20:07:00Z,Los Angeles Angels,1500.66064453125
2024-06-26T20:07:00Z,Oakland Athletics,1442.6881103515625
2024-06-26T20:10:00Z,San Diego Padres,1522.564208984375
2024-06-26T20:10:00Z,Washington Nationals,1479.912109375
2024-06-26T22:35:00Z,Baltimore Orioles,1519.447509765625
2024-06-26T22:35:00Z,Cleveland Guardians,1519.7701416015625
2024-06-26T23:10:00Z,Boston Red Sox,1498.997314453125
2024-06-26T23:10:00Z,Toronto Blue Jays,1536.0714111328125
2024-06-26T23:10:00Z,New York Mets,1531.15283203125
2024-06-26T23:10:00Z,New York Yankees,1472.820068359375
2024-06-26T23:15:00Z,St. Louis Cardinals,1513.7882080078125
2024-06-26T23:15:00Z,Atlanta Braves,1498.4434814453125
2024-06-27T00:10:00Z,Chicago White Sox,1448.9954833984375
2024-06-27T00:10:00Z,Los Angeles Dodgers,1521.1666259765625
2024-06-27T01:40:00Z,Arizona Diamondbacks,1473.915771484375
2024-06-27T01:40:00Z,Minnesota Twins,1505.0887451171875
2024-06-27T01:45:00Z,San Francisco Giants,1493.8858642578125
2024-06-27T01:45:00Z,Chicago Cubs,1455.4588623046875
2024-06-27T19:40:00Z,Arizona Diamondbacks,1465.081298828125
2024-06-27T19:40:00Z,Minnesota Twins,1513.9232177734375
2024-06-27T19:45:00Z,San Francisco Giants,1464.96142578125
2024-06-27T19:45:00Z,Chicago Cubs,1484.38330078125
2024-06-27T20:10:00Z,Chicago White Sox,1476.47802734375
2024-06-27T20:10:00Z,Atlanta Braves,1470.9609375
2024-06-27T22:20:00Z,Philadelphia Phillies,1482.3160400390625
2024-06-27T22:20:00Z,Miami Marlins,1513.412109375
2024-06-27T22:35:00Z,Baltimore Orioles,1527.0498046875
2024-06-27T22:35:00Z,Texas Rangers,1496.764892578125
2024-06-27T23:07:00Z,Toronto Blue Jays,1537.12060546875
2024-06-27T23:07:00Z,New York Yankees,1471.7708740234375
2024-06-27T23:45:00Z,St. Louis Cardinals,1485.104248046875
2024-06-27T23:45:00Z,Cincinnati Reds,1505.861083984375
2024-06-28T00:10:00Z,Kansas City Royals,1520.5977783203125
2024-06-28T00:10:00Z,Cleveland Guardians,1500.940673828125
2024-06-28T01:38:00Z,Los Angeles Angels,1504.9615478515625
2024-06-28T01:38:00Z,Detroit Tigers,1466.154541015625
2024-06-28T22:20:00Z,Philadelphia Phillies,1505.4588623046875
2024-06-28T22:20:00Z,Miami Marlins,1490.269287109375
2024-06-28T22:50:00Z,Tampa Bay Rays,1517.8101806640625
2024-06-28T22:50:00Z,Washington Nationals,1476.2578125
2024-06-28T23:05:00Z,Baltimore Orioles,1531.3370361328125
2024-06-28T23:05:00Z,Texas Rangers,1492.4776611328125
2024-06-28T23:07:00Z,Toronto Blue Jays,1506.0760498046875
2024-06-28T23:07:00Z,New York Yankees,1502.8154296875
2024-06-28T23:10:00Z,New York Mets,1548.8043212890625
2024-06-28T23:10:00Z,Houston Astros,1528.239990234375
2024-06-28T23:10:00Z,Boston Red Sox,1487.7586669921875
2024-06-28T23:10:00Z,San Diego Padres,1533.8028564453125
2024-06-28T23:10:00Z,Chicago White Sox,1484.5802001953125
2024-06-28T23:10:00Z,Colorado Rockies,1455.1280517578125
2024-06-28T23:20:00Z,Atlanta Braves,1499.2615966796875
2024-06-28T23:20:00Z,Pittsburgh Pirates,1497.08349609375
2024-06-29T00:10:00Z,Kansas City Royals,1527.0465087890625
2024-06-29T00:10:00Z,Cleveland Guardians,1494.491943359375
2024-06-29T00:10:00Z,Milwaukee Brewers,1547.3619384765625
2024-06-29T00:10:00Z,Chicago Cubs,1483.2672119140625
2024-06-29T00:15:00Z,St. Louis Cardinals,1504.90478515625
2024-06-29T00:15:00Z,Cincinnati Reds,1486.060546875
2024-06-29T01:38:00Z,Los Angeles Angels,1507.98876953125
2024-06-29T01:38:00Z,Detroit Tigers,1463.1273193359375
2024-06-29T01:40:00Z,Arizona Diamondbacks,1438.905517578125
2024-06-29T01:40:00Z,Oakland Athletics,1468.8638916015625
2024-06-29T01:40:00Z,Seattle Mariners,1530.780029296875
2024-06-29T01:40:00Z,Minnesota Twins,1503.911865234375
2024-06-29T02:15:00Z,San Francisco Giants,1493.522216796875
2024-06-29T02:15:00Z,Los Angeles Dodgers,1492.6058349609375
2024-06-29T18:10:00Z,Chicago White Sox,1489.0118408203125
2024-06-29T18:10:00Z,Colorado Rockies,1450.6964111328125
2024-06-29T18:15:00Z,St. Louis Cardinals,1479.54833984375
2024-06-29T18:15:00Z,Cincinnati Reds,1511.4169921875
2024-06-29T19:07:00Z,Toronto Blue Jays,1517.2564697265625
2024-06-29T19:07:00Z,New York Yankees,1491.635009765625
2024-06-29T20:05:00Z,Philadelphia Phillies,1481.031982421875
2024-06-29T20:05:00Z,Miami Marlins,1514.6961669921875
2024-06-29T20:10:00Z,Kansas City Royals,1498.9603271484375
2024-06-29T20:10:00Z,Cleveland Guardians,1522.578125
2024-06-29T20:10:00Z,New York Mets,1523.04052734375
2024-06-29T20:10:00Z,Houston Astros,1554.0037841796875
2024-06-29T20:10:00Z,Arizona Diamondbacks,1461.7088623046875
2024-06-29T20:10:00Z,Oakland Athletics,1446.060546875
2024-06-29T20:10:00Z,Boston Red Sox,1482.59814453125
2024-06-29T20:10:00Z,San Diego Padres,1538.96337890625
2024-06-29T20:10:00Z,Tampa Bay Rays,1488.5081787109375
2024-06-29T20:10:00Z,Washington Nationals,1505.559814453125
2024-06-29T20:10:00Z,Atlanta Braves,1510.807373046875
2024-06-29T20:10:00Z,Pittsburgh Pirates,1485.5377197265625
2024-06-29T20:10:00Z,Milwaukee Brewers,1516.3724365234375
2024-06-29T20:10:00Z,Chicago Cubs,1514.2567138671875
2024-06-29T23:15:00Z,San Francisco Giants,1473.5001220703125
2024-06-29T23:15:00Z,Los Angeles Dodgers,1512.6279296875
2024-06-29T23:15:00Z,Baltimore Orioles,1534.357666015625
2024-06-29T23:15:00Z,Texas Rangers,1489.45703125
2024-06-30T02:07:00Z,Los Angeles Angels,1510.3333740234375
2024-06-30T02:07:00Z,Detroit Tigers,1460.78271484375
2024-06-30T02:10:00Z,Seattle Mariners,1503.6859130859375
2024-06-30T02:10:00Z,Minnesota Twins,1531.0059814453125
2024-06-30T15:35:00Z,Atlanta Braves,1484.02685546875
2024-06-30T15:35:00Z,Pittsburgh Pirates,1512.3182373046875
2024-06-30T17:35:00Z,Boston Red Sox,1511.181396484375
2024-06-30T17:35:00Z,San Diego Padres,1510.380126953125
2024-06-30T17:35:00Z,Philadelphia Phillies,1504.912109375
2024-06-30T17:35:00Z,Miami Marlins,1490.8160400390625
2024-06-30T17:37:00Z,Toronto Blue Jays,1490.405517578125
2024-06-30T17:37:00Z,New York Yankees,1518.4859619140625
2024-06-30T17:40:00Z,New York Mets,1514.1441650390625
2024-06-30T17:40:00Z,Houston Astros,1562.900146484375
2024-06-30T17:40:00Z,Tampa Bay Rays,1506.997314453125
2024-06-30T17:40:00Z,Washington Nationals,1487.0706787109375
2024-06-30T18:10:00Z,Kansas City Royals,1519.73876953125
2024-06-30T18:10:00Z,Cleveland Guardians,1501.7998046875
2024-06-30T18:10:00Z,Chicago White Sox,1460.1016845703125
2024-06-30T18:10:00Z,Colorado Rockies,1479.6065673828125
2024-06-30T18:10:00Z,Milwaukee Brewers,1527.9393310546875
2024-06-30T18:10:00Z,Chicago Cubs,1502.6898193359375
2024-06-30T18:15:00Z,St. Louis Cardinals,1502.917236328125
2024-06-30T18:15:00Z,Cincinnati Reds,1488.048095703125
2024-06-30T20:05:00Z,San Francisco Giants,1498.808837890625
2024-06-30T20:05:00Z,Los Angeles Dodgers,1487.3192138671875
2024-06-30T20:07:00Z,Los Angeles Angels,1480.2498779296875
2024-06-30T20:07:00Z,Detroit Tigers,1490.8662109375
2024-06-30T20:10:00Z,Arizona Diamondbacks,1469.1605224609375
2024-06-30T20:10:00Z,Oakland Athletics,1438.60888671875
2024-06-30T20:10:00Z,Seattle Mariners,1493.6728515625
2024-06-30T20:10:00Z,Minnesota Twins,1541.01904296875
2024-06-30T23:10:00Z,Baltimore Orioles,1504.6983642578125
2024-06-30T23:10:00Z,Texas Rangers,1519.1163330078125
2024-07-01T19:07:00Z,Toronto Blue Jays,1488.6834716796875
2024-07-01T19:07:00Z,Houston Astros,1564.6221923828125
2024-07-01T22:45:00Z,Washington Nationals,1476.9793701171875
2024-07-01T22:45:00Z,New York Mets,1524.2354736328125
2024-07-02T00:40:00Z,Colorado Rockies,1506.8861083984375
2024-07-02T00:40:00Z,Milwaukee Brewers,1500.6597900390625
2024-07-02T22:40:00Z,Pittsburgh Pirates,1489.538330078125
2024-07-02T22:40:00Z,St. Louis Cardinals,1525.6971435546875
2024-07-02T22:40:00Z,Cleveland Guardians,1504.4813232421875
2024-07-02T22:40:00Z,Chicago White Sox,1457.420166015625
2024-07-02T22:40:00Z,Miami Marlins,1478.480224609375
2024-07-02T22:40:00Z,Boston Red Sox,1523.5172119140625
2024-07-02T22:45:00Z,Washington Nationals,1472.055908203125
2024-07-02T22:45:00Z,New York Mets,1529.158935546875
2024-07-02T23:05:00Z,New York Yankees,1490.7471923828125
2024-07-02T23:05:00Z,Cincinnati Reds,1515.786865234375
2024-07-02T23:07:00Z,Toronto Blue Jays,1519.202392578125
2024-07-02T23:07:00Z,Houston Astros,1534.103271484375
2024-07-02T23:20:00Z,Atlanta Braves,1469.694091796875
2024-07-02T23:20:00Z,San Francisco Giants,1513.1416015625
2024-07-02T23:40:00Z,Minnesota Twins,1542.88623046875
2024-07-02T23:40:00Z,Detroit Tigers,1488.9990234375
2024-07-03T00:05:00Z,Texas Rangers,1528.53857421875
2024-07-03T00:05:00Z,San Diego Padres,1500.9578857421875
2024-07-03T00:05:00Z,Chicago Cubs,1483.76904296875
2024-07-03T00:05:00Z,Philadelphia Phillies,1523.8328857421875
2024-07-03T00:10:00Z,Kansas City Royals,1495.98291015625
2024-07-03T00:10:00Z,Tampa Bay Rays,1530.753173828125
2024-07-03T00:40:00Z,Colorado Rockies,1485.0946044921875
2024-07-03T00:40:00Z,Milwaukee Brewers,1522.4512939453125
2024-07-03T01:40:00Z,Oakland Athletics,1464.5093994140625
2024-07-03T01:40:00Z,Los Angeles Angels,1454.349365234375
2024-07-03T01:40:00Z,Seattle Mariners,1477.962158203125
2024-07-03T01:40:00Z,Baltimore Orioles,1520.4090576171875
2024-07-03T02:10:00Z,Los Angeles Dodgers,1494.1304931640625
2024-07-03T02:10:00Z,Arizona Diamondbacks,1462.3492431640625
2024-07-03T22:40:00Z,Pittsburgh Pirates,1514.0946044921875
2024-07-03T22:40:00Z,St. Louis Cardinals,1501.140869140625
2024-07-03T22:40:00Z,Cleveland Guardians,1474.6151123046875
2024-07-03T22:40:00Z,Chicago White Sox,1487.286376953125
2024-07-03T22:40:00Z,Miami Marlins,1473.1158447265625
2024-07-03T22:40:00Z,Boston Red Sox,1528.881591796875
2024-07-03T22:45:00Z,Washington Nationals,1500.7415771484375
2024-07-03T22:45:00Z,New York Mets,1500.4732666015625
2024-07-03T23:05:00Z,New York Yankees,1479.9979248046875
2024-07-03T23:05:00Z,Cincinnati Reds,1526.5361328125
2024-07-03T23:07:00Z,Toronto Blue Jays,1504.9129638671875
2024-07-03T23:07:00Z,Houston Astros,1548.3927001953125
2024-07-03T23:20:00Z,Atlanta Braves,1495.994873046875
2024-07-03T23:20:00Z,San Francisco Giants,1486.8408203125
2024-07-04T00:05:00Z,Texas Rangers,1501.3096923828125
2024-07-04T00:05:00Z,San Diego Padres,1528.186767578125
2024-07-04T00:05:00Z,Chicago Cubs,1477.302978515625
2024-07-04T00:05:00Z,Philadelphia Phillies,1530.2989501953125
2024-07-04T00:10:00Z,Kansas City Royals,1520.167724609375
2024-07-04T00:10:00Z,Tampa Bay Rays,1506.568359375
2024-07-04T00:10:00Z,Minnesota Twins,1512.4730224609375
2024-07-04T00:10:00Z,Detroit Tigers,1519.4122314453125
2024-07-04T00:40:00Z,Colorado Rockies,1477.96142578125
2024-07-04T00:40:00Z,Milwaukee Brewers,1529.58447265625
2024-07-04T01:40:00Z,Oakland Athletics,1473.501708984375
2024-07-04T01:40:00Z,Los Angeles Angels,1445.3570556640625
2024-07-04T02:10:00Z,Los Angeles Dodgers,1466.1683349609375
2024-07-04T02:10:00Z,Arizona Diamondbacks,1490.3114013671875
2024-07-04T02:10:00Z,Seattle Mariners,1472.0438232421875
2024-07-04T02:10:00Z,Baltimore Orioles,1526.327392578125
2024-07-04T15:05:00Z,Washington Nationals,1512.9439697265625
2024-07-04T15:05:00Z,New York Mets,1488.2708740234375
2024-07-04T16:35:00Z,Pittsburgh Pirates,1490.279052734375
2024-07-04T16:35:00Z,St. Louis Cardinals,1524.9564208984375
2024-07-04T17:05:00Z,New York Yankees,1474.9351806640625
2024-07-04T17:05:00Z,Cincinnati Reds,1531.598876953125
2024-07-04T17:07:00Z,Toronto Blue Jays,1499.220703125
2024-07-04T17:07:00Z,Houston Astros,1554.0849609375
2024-07-04T17:10:00Z,Cleveland Guardians,1491.5098876953125
2024-07-04T17:10:00Z,Chicago White Sox,1470.3916015625
2024-07-04T17:10:00Z,Miami Marlins,1469.614013671875
2024-07-04T17:10:00Z,Boston Red Sox,1532.3834228515625
2024-07-04T18:20:00Z,Chicago Cubs,1505.383056640625
2024-07-04T18:20:00Z,Philadelphia Phillies,1502.2188720703125
2024-07-04T18:35:00Z,Texas Rangers,1491.15576171875
2024-07-04T18:35:00Z,San Diego Padres,1538.3406982421875
2024-07-04T20:07:00Z,Oakland Athletics,1478.1683349609375
2024-07-04T20:07:00Z,Los Angeles Angels,1440.6904296875
2024-07-04T20:10:00Z,Seattle Mariners,1500.3233642578125
2024-07-04T20:10:00Z,Baltimore Orioles,1498.0478515625
2024-07-04T23:20:00Z,Atlanta Braves,1473.289794921875
2024-07-04T23:20:00Z,San Francisco Giants,1509.5458984375
2024-07-05T00:10:00Z,Kansas City Royals,1496.17236328125
2024-07-05T00:10:00Z,Tampa Bay Rays,1530.563720703125
2024-07-05T00:10:00Z,Colorado Rockies,1505.8187255859375
2024-07-05T00:10:00Z,Milwaukee Brewers,1501.7271728515625
2024-07-05T01:10:00Z,Los Angeles Dodgers,1455.122314453125
2024-07-05T01:10:00Z,Arizona Diamondbacks,1501.357421875
2024-07-05T18:20:00Z,Chicago Cubs,1506.366943359375
2024-07-05T18:20:00Z,Los Angeles Angels,1439.70654296875
2024-07-05T22:40:00Z,Pittsburgh Pirates,1501.882568359375
2024-07-05T22:40:00Z,New York Mets,1476.6673583984375
2024-07-05T22:45:00Z,Washington Nationals,1497.5965576171875
2024-07-05T22:45:00Z,St. Louis Cardinals,1540.3038330078125
2024-07-05T23:05:00Z,New York Yankees,1471.667724609375
2024-07-05T23:05:00Z,Boston Red Sox,1535.65087890625
2024-07-05T23:10:00Z,Cincinnati Reds,1508.000244140625
2024-07-05T23:10:00Z,Detroit Tigers,1543.0107421875
2024-07-05T23:10:00Z,Cleveland Guardians,1478.3515625
2024-07-05T23:10:00Z,San Francisco Giants,1522.7042236328125
2024-07-05T23:10:00Z,Miami Marlins,1450.18212890625
2024-07-05T23:10:00Z,Chicago White Sox,1489.823486328125
2024-07-05T23:20:00Z,Atlanta Braves,1463.7794189453125
2024-07-05T23:20:00Z,Philadelphia Phillies,1511.729248046875
2024-07-06T00:05:00Z,Texas Rangers,1516.532470703125
2024-07-06T00:05:00Z,Tampa Bay Rays,1505.18701171875
2024-07-06T00:10:00Z,Colorado Rockies,1514.96484375
2024-07-06T00:10:00Z,Kansas City Royals,1487.0262451171875
2024-07-06T00:10:00Z,Minnesota Twins,1506.366943359375
2024-07-06T00:10:00Z,Houston Astros,1560.1910400390625
2024-07-06T01:40:00Z,Oakland Athletics,1465.6624755859375
2024-07-06T01:40:00Z,Baltimore Orioles,1510.5537109375
2024-07-06T01:40:00Z,San Diego Padres,1541.6060791015625
2024-07-06T01:40:00Z,Arizona Diamondbacks,1498.092041015625
2024-07-06T01:40:00Z,Seattle Mariners,1512.237060546875
2024-07-06T01:40:00Z,Toronto Blue Jays,1487.3070068359375
2024-07-06T02:10:00Z,Los Angeles Dodgers,1482.0726318359375
2024-07-06T02:10:00Z,Milwaukee Brewers,1474.77685546875
2024-07-06T17:05:00Z,New York Yankees,1501.1834716796875
2024-07-06T17:05:00Z,Boston Red Sox,1506.1351318359375
2024-07-06T18:10:00Z,Minnesota Twins,1534.5762939453125
2024-07-06T18:10:00Z,Houston Astros,1531.981689453125
2024-07-06T18:20:00Z,Chicago Cubs,1475.2679443359375
2024-07-06T18:20:00Z,Los Angeles Angels,1470.8055419921875
2024-07-06T20:05:00Z,Pittsburgh Pirates,1475.113037109375
2024-07-06T20:05:00Z,New York Mets,1503.4368896484375
2024-07-06T20:05:00Z,Washington Nationals,1523.73583984375
2024-07-06T20:05:00Z,St. Louis Cardinals,1514.16455078125
2024-07-06T20:05:00Z,Texas Rangers,1525.1761474609375
2024-07-06T20:05:00Z,Tampa Bay Rays,1496.5433349609375
2024-07-06T20:07:00Z,Oakland Athletics,1492.26806640625
2024-07-06T20:07:00Z,Baltimore Orioles,1483.9481201171875
2024-07-06T20:10:00Z,Cincinnati Reds,1500.250244140625
2024-07-06T20:10:00Z,Detroit Tigers,1550.7607421875
2024-07-06T20:10:00Z,Cleveland Guardians,1504.844970703125
2024-07-06T20:10:00Z,San Francisco Giants,1496.2108154296875
2024-07-06T20:10:00Z,Seattle Mariners,1485.525146484375
2024-07-06T20:10:00Z,Toronto Blue Jays,1514.0189208984375
2024-07-06T20:10:00Z,Miami Marlins,1475.6151123046875
2024-07-06T20:10:00Z,Chicago White Sox,1464.3905029296875
2024-07-06T23:15:00Z,Atlanta Braves,1490.987548828125
2024-07-06T23:15:00Z,Philadelphia Phillies,1484.5211181640625
2024-07-06T23:15:00Z,Los Angeles Dodgers,1491.9417724609375
2024-07-06T23:15:00Z,Milwaukee Brewers,1464.90771484375
2024-07-07T01:10:00Z,Colorado Rockies,1519.66943359375
2024-07-07T01:10:00Z,Kansas City Royals,1482.3216552734375
2024-07-07T01:40:00Z,San Diego Padres,1512.089111328125
2024-07-07T01:40:00Z,Arizona Diamondbacks,1527.6090087890625
2024-07-07T17:35:00Z,Pittsburgh Pirates,1465.415283203125
2024-07-07T17:35:00Z,New York Mets,1513.1346435546875
2024-07-07T17:35:00Z,Washington Nationals,1500.904541015625
2024-07-07T17:35:00Z,St. Louis Cardinals,1536.995849609375
2024-07-07T17:35:00Z,Atlanta Braves,1501.1192626953125
2024-07-07T17:35:00Z,Philadelphia Phillies,1474.389404296875
2024-07-07T17:40:00Z,Cincinnati Reds,1495.9193115234375
2024-07-07T17:40:00Z,Detroit Tigers,1555.0916748046875
2024-07-07T17:40:00Z,Cleveland Guardians,1514.298583984375
2024-07-07T17:40:00Z,San Francisco Giants,1486.7572021484375
2024-07-07T17:40:00Z,Miami Marlins,1484.2939453125
2024-07-07T17:40:00Z,Chicago White Sox,1455.711669921875
2024-07-07T18:10:00Z,Minnesota Twins,1545.9808349609375
2024-07-07T18:10:00Z,Houston Astros,1520.5771484375
2024-07-07T18:20:00Z,Chicago Cubs,1486.0491943359375
2024-07-07T18:20:00Z,Los Angeles Angels,1460.0242919921875
2024-07-07T18:35:00Z,Texas Rangers,1529.75390625
2024-07-07T18:35:00Z,Tampa Bay Rays,1491.965576171875
2024-07-07T19:10:00Z,Colorado Rockies,1490.885986328125
2024-07-07T19:10:00Z,Kansas City Royals,1511.1051025390625
2024-07-07T20:07:00Z,Oakland Athletics,1469.8182373046875
2024-07-07T20:07:00Z,Baltimore Orioles,1506.39794921875
2024-07-07T20:10:00Z,San Diego Padres,1498.0247802734375
2024-07-07T20:10:00Z,Arizona Diamondbacks,1541.67333984375
2024-07-07T20:10:00Z,Seattle Mariners,1475.8802490234375
2024-07-07T20:10:00Z,Toronto Blue Jays,1523.663818359375
2024-07-07T20:10:00Z,Los Angeles Dodgers,1464.81591796875
2024-07-07T20:10:00Z,Milwaukee Brewers,1492.0335693359375
2024-07-07T23:10:00Z,New York Yankees,1483.2447509765625
2024-07-07T23:10:00Z,Boston Red Sox,1524.0738525390625
2024-07-08T16:35:00Z,Pittsburgh Pirates,1492.580078125
2024-07-08T16:35:00Z,New York Mets,1485.9698486328125
2024-07-08T20:05:00Z,Washington Nationals,1493.443115234375
2024-07-08T20:05:00Z,St. Louis Cardinals,1544.457275390625
2024-07-08T22:40:00Z,Detroit Tigers,1557.8773193359375
2024-07-08T22:40:00Z,Cleveland Guardians,1511.512939453125
2024-07-08T23:10:00Z,Cincinnati Reds,1506.513427734375
2024-07-08T23:10:00Z,Colorado Rockies,1480.2918701171875
2024-07-09T00:10:00Z,Chicago White Sox,1454.9285888671875
2024-07-09T00:10:00Z,Minnesota Twins,1546.763916015625
2024-07-09T01:38:00Z,Los Angeles Angels,1458.0826416015625
2024-07-09T01:38:00Z,Texas Rangers,1531.695556640625
2024-07-09T01:40:00Z,Arizona Diamondbacks,1512.4871826171875
2024-07-09T01:40:00Z,Atlanta Braves,1530.305419921875
2024-07-09T22:35:00Z,Baltimore Orioles,1480.6842041015625
2024-07-09T22:35:00Z,Chicago Cubs,1511.762939453125
2024-07-09T22:40:00Z,Detroit Tigers,1528.075927734375
2024-07-09T22:40:00Z,Cleveland Guardians,1541.3143310546875
2024-07-09T22:40:00Z,Philadelphia Phillies,1483.557373046875
2024-07-09T22:40:00Z,Los Angeles Dodgers,1455.64794921875
2024-07-09T22:50:00Z,Tampa Bay Rays,1501.392578125
2024-07-09T22:50:00Z,New York Yankees,1473.8177490234375
2024-07-09T23:10:00Z,Cincinnati Reds,1511.544189453125
2024-07-09T23:10:00Z,Colorado Rockies,1475.2611083984375
2024-07-09T23:10:00Z,New York Mets,1500.951904296875
2024-07-09T23:10:00Z,Washington Nationals,1478.4610595703125
2024-07-09T23:10:00Z,Boston Red Sox,1525.63525390625
2024-07-09T23:10:00Z,Oakland Athletics,1468.2568359375
2024-07-10T00:10:00Z,Houston Astros,1523.9383544921875
2024-07-10T00:10:00Z,Miami Marlins,1480.9327392578125
2024-07-10T00:10:00Z,Milwaukee Brewers,1472.5205078125
2024-07-10T00:10:00Z,Pittsburgh Pirates,1512.0931396484375
2024-07-10T01:38:00Z,Los Angeles Angels,1456.442626953125
2024-07-10T01:38:00Z,Texas Rangers,1533.3355712890625
2024-07-10T01:40:00Z,San Diego Padres,1471.9036865234375
2024-07-10T01:40:00Z,Seattle Mariners,1502.0013427734375
2024-07-10T01:40:00Z,Arizona Diamondbacks,1499.2510986328125
2024-07-10T01:40:00Z,Atlanta Braves,1543.54150390625
2024-07-10T01:45:00Z,San Francisco Giants,1511.5084228515625
2024-07-10T01:45:00Z,Toronto Blue Jays,1498.91259765625
2024-07-10T17:45:00Z,St. Louis Cardinals,1516.2467041015625
2024-07-10T17:45:00Z,Kansas City Royals,1539.315673828125
2024-07-10T18:10:00Z,Chicago White Sox,1486.19873046875
2024-07-10T18:10:00Z,Minnesota Twins,1515.4937744140625
2024-07-10T18:15:00Z,Chicago White Sox,1476.800537109375
2024-07-10T18:15:00Z,Minnesota Twins,1524.8919677734375
2024-07-10T22:35:00Z,Baltimore Orioles,1471.8218994140625
2024-07-10T22:35:00Z,Chicago Cubs,1520.625244140625
2024-07-10T22:40:00Z,Detroit Tigers,1545.1788330078125
2024-07-10T22:40:00Z,Cleveland Guardians,1524.21142578125
2024-07-10T22:40:00Z,San Diego Padres,1462.7490234375
2024-07-10T22:40:00Z,Seattle Mariners,1511.156005859375
2024-07-10T22:50:00Z,Tampa Bay Rays,1474.164794921875
2024-07-10T22:50:00Z,New York Yankees,1501.0455322265625
2024-07-10T23:05:00Z,Philadelphia Phillies,1488.267333984375
2024-07-10T23:05:00Z,Los Angeles Dodgers,1450.93798828125
2024-07-10T23:10:00Z,Cincinnati Reds,1482.9053955078125
2024-07-10T23:10:00Z,Colorado Rockies,1503.89990234375
2024-07-10T23:10:00Z,New York Mets,1506.7547607421875
2024-07-10T23:10:00Z,Washington Nationals,1472.658203125
2024-07-10T23:10:00Z,Boston Red Sox,1494.9964599609375
2024-07-10T23:10:00Z,Oakland Athletics,1498.8956298828125
2024-07-10T23:45:00Z,St. Louis Cardinals,1504.8402099609375
2024-07-10T23:45:00Z,Kansas City Royals,1550.72216796875
2024-07-11T00:10:00Z,Houston Astros,1526.4755859375
2024-07-11T00:10:00Z,Miami Marlins,1478.3955078125
2024-07-11T00:10:00Z,Milwaukee Brewers,1497.9368896484375
2024-07-11T00:10:00Z,Pittsburgh Pirates,1486.6767578125
2024-07-11T01:38:00Z,Los Angeles Angels,1487.0223388671875
2024-07-11T01:38:00Z,Texas Rangers,1502.755859375
2024-07-11T01:40:00Z,Arizona Diamondbacks,1525.7314453125
2024-07-11T01:40:00Z,Atlanta Braves,1517.0611572265625
2024-07-11T01:45:00Z,San Francisco Giants,1487.7935791015625
2024-07-11T01:45:00Z,Toronto Blue Jays,1522.62744140625
2024-07-11T17:10:00Z,Cincinnati Reds,1502.7884521484375
2024-07-11T17:10:00Z,Colorado Rockies,1484.016845703125
2024-07-11T17:10:00Z,Detroit Tigers,1551.3223876953125
2024-07-11T17:10:00Z,Cleveland Guardians,1518.06787109375
2024-07-11T17:10:00Z,New York Mets,1510.43115234375
2024-07-11T17:10:00Z,Washington Nationals,1468.9818115234375
2024-07-11T18:10:00Z,Milwaukee Brewers,1474.6053466796875
2024-07-11T18:10:00Z,Pittsburgh Pirates,1510.00830078125
2024-07-11T19:45:00Z,San Francisco Giants,1479.9957275390625
2024-07-11T19:45:00Z,Toronto Blue Jays,1530.42529296875
2024-07-11T22:05:00Z,Philadelphia Phillies,1491.486328125
2024-07-11T22:05:00Z,Los Angeles Dodgers,1447.718994140625
2024-07-11T22:35:00Z,Baltimore Orioles,1467.18798828125
2024-07-11T22:35:00Z,Chicago Cubs,1525.2591552734375
2024-07-11T22:50:00Z,Tampa Bay Rays,1496.0120849609375
2024-07-11T22:50:00Z,New York Yankees,1479.1982421875
2024-07-11T23:10:00Z,Boston Red Sox,1508.6768798828125
2024-07-11T23:10:00Z,Oakland Athletics,1485.2152099609375
2024-07-12T00:10:00Z,Houston Astros,1528.517822265625
2024-07-12T00:10:00Z,Miami Marlins,1476.353271484375
2024-07-12T01:38:00Z,Los Angeles Angels,1475.97314453125
2024-07-12T01:38:00Z,Seattle Mariners,1522.2052001953125
2024-07-12T01:40:00Z,Arizona Diamondbacks,1535.1739501953125
2024-07-12T01:40:00Z,Atlanta Braves,1507.61865234375
2024-07-12T22:40:00Z,Detroit Tigers,1519.4906005859375
2024-07-12T22:40:00Z,Los Angeles Dodgers,1479.55078125
2024-07-12T22:40:00Z,Philadelphia Phillies,1469.680419921875
2024-07-12T22:40:00Z,Oakland Athletics,1507.0211181640625
2024-07-12T22:50:00Z,Tampa Bay Rays,1516.2608642578125
2024-07-12T22:50:00Z,Cleveland Guardians,1497.819091796875
2024-07-12T23:05:00Z,Baltimore Orioles,1451.83984375
2024-07-12T23:05:00Z,New York Yankees,1494.54638671875
2024-07-12T23:10:00Z,Boston Red Sox,1502.6688232421875
2024-07-12T23:10:00Z,Kansas City Royals,1556.730224609375
2024-07-12T23:10:00Z,New York Mets,1515.4244384765625
2024-07-12T23:10:00Z,Colorado Rockies,1479.0235595703125
2024-07-12T23:10:00Z,Cincinnati Reds,1507.7777099609375
2024-07-12T23:10:00Z,Miami Marlins,1471.364013671875
2024-07-13T00:10:00Z,Houston Astros,1533.6390380859375
2024-07-13T00:10:00Z,Texas Rangers,1497.6346435546875
2024-07-13T00:10:00Z,Chicago White Sox,1468.5526123046875
2024-07-13T00:10:00Z,Pittsburgh Pirates,1518.2562255859375
2024-07-13T00:10:00Z,Milwaukee Brewers,1453.0078125
2024-07-13T00:10:00Z,Washington Nationals,1490.579345703125
2024-07-13T00:15:00Z,St. Louis Cardinals,1492.5230712890625
2024-07-13T00:15:00Z,Chicago Cubs,1537.5762939453125
2024-07-13T01:38:00Z,Los Angeles Angels,1502.8499755859375
2024-07-13T01:38:00Z,Seattle Mariners,1495.328369140625
2024-07-13T01:40:00Z,Arizona Diamondbacks,1545.8612060546875
2024-07-13T01:40:00Z,Toronto Blue Jays,1519.738037109375
2024-07-13T01:40:00Z,San Diego Padres,1457.35009765625
2024-07-13T01:40:00Z,Atlanta Braves,1513.017578125
2024-07-13T02:15:00Z,San Francisco Giants,1506.602294921875
2024-07-13T02:15:00Z,Minnesota Twins,1498.285400390625
2024-07-13T17:10:00Z,Detroit Tigers,1522.3778076171875
2024-07-13T17:10:00Z,Los Angeles Dodgers,1476.66357421875
2024-07-13T18:10:00Z,Chicago White Sox,1464.08056640625
2024-07-13T18:10:00Z,Pittsburgh Pirates,1522.728271484375
2024-07-13T18:15:00Z,St. Louis Cardinals,1519.1619873046875
2024-07-13T18:15:00Z,Chicago Cubs,1510.9373779296875
2024-07-13T20:05:00Z,Philadelphia Phillies,1494.5430908203125
2024-07-13T20:05:00Z,Oakland Athletics,1482.158447265625
2024-07-13T20:05:00Z,Baltimore Orioles,1445.97900390625
2024-07-13T20:05:00Z,New York Yankees,1500.4072265625
2024-07-13T20:10:00Z,Boston Red Sox,1530.91455078125
2024-07-13T20:10:00Z,Kansas City Royals,1528.4844970703125
2024-07-13T20:10:00Z,New York Mets,1518.7694091796875
2024-07-13T20:10:00Z,Colorado Rockies,1475.6785888671875
2024-07-13T20:10:00Z,Tampa Bay Rays,1491.0025634765625
2024-07-13T20:10:00Z,Cleveland Guardians,1523.077392578125
2024-07-13T20:10:00Z,Houston Astros,1505.0390625
2024-07-13T20:10:00Z,Texas Rangers,1526.234619140625
2024-07-13T20:10:00Z,Cincinnati Reds,1511.120849609375
2024-07-13T20:10:00Z,Miami Marlins,1468.0208740234375
2024-07-13T20:10:00Z,Milwaukee Brewers,1445.9293212890625
2024-07-13T20:10:00Z,Washington Nationals,1497.6578369140625
2024-07-13T23:15:00Z,San Francisco Giants,1484.1534423828125
2024-07-13T23:15:00Z,Minnesota Twins,1520.7342529296875
2024-07-13T23:15:00Z,San Diego Padres,1485.8341064453125
2024-07-13T23:15:00Z,Atlanta Braves,1484.5335693359375
2024-07-14T00:15:00Z,St. Louis Cardinals,1528.74169921875
2024-07-14T00:15:00Z,Chicago Cubs,1501.357666015625
2024-07-14T01:38:00Z,Los Angeles Angels,1512.6483154296875
2024-07-14T01:38:00Z,Seattle Mariners,1485.530029296875
2024-07-14T02:10:00Z,Arizona Diamondbacks,1550.9112548828125
2024-07-14T02:10:00Z,Toronto Blue Jays,1514.68798828125
2024-07-14T15:35:00Z,Baltimore Orioles,1474.2803955078125
2024-07-14T15:35:00Z,New York Yankees,1472.1058349609375
2024-07-14T17:35:00Z,Boston Red Sox,1542.374755859375
2024-07-14T17:35:00Z,Kansas City Royals,1517.0242919921875
2024-07-14T17:35:00Z,Philadelphia Phillies,1470.88818359375
2024-07-14T17:35:00Z,Oakland Athletics,1505.8133544921875
2024-07-14T17:40:00Z,Detroit Tigers,1524.6385498046875
2024-07-14T17:40:00Z,Los Angeles Dodgers,1474.40283203125
2024-07-14T17:40:00Z,New York Mets,1489.2974853515625
2024-07-14T17:40:00Z,Colorado Rockies,1505.1505126953125
2024-07-14T17:40:00Z,Tampa Bay Rays,1514.43115234375
2024-07-14T17:40:00Z,Cleveland Guardians,1499.6488037109375
2024-07-14T17:40:00Z,Cincinnati Reds,1481.64794921875
2024-07-14T17:40:00Z,Miami Marlins,1497.4937744140625
2024-07-14T18:10:00Z,Houston Astros,1492.99169921875
2024-07-14T18:10:00Z,Texas Rangers,1538.281982421875
2024-07-14T18:10:00Z,Chicago White Sox,1460.9716796875
2024-07-14T18:10:00Z,Pittsburgh Pirates,1525.837158203125
2024-07-14T18:10:00Z,Milwaukee Brewers,1473.80419921875
2024-07-14T18:10:00Z,Washington Nationals,1469.782958984375
2024-07-14T18:15:00Z,St. Louis Cardinals,1501.5496826171875
2024-07-14T18:15:00Z,Chicago Cubs,1528.5496826171875
2024-07-14T20:05:00Z,San Francisco Giants,1508.8201904296875
2024-07-14T20:05:00Z,Minnesota Twins,1496.0675048828125
2024-07-14T20:07:00Z,Los Angeles Angels,1517.5064697265625
2024-07-14T20:07:00Z,Seattle Mariners,1480.671875
2024-07-14T20:10:00Z,Arizona Diamondbacks,1522.28076171875
2024-07-14T20:10:00Z,Toronto Blue Jays,1543.3184814453125
2024-07-14T20:10:00Z,San Diego Padres,1465.6796875
2024-07-14T20:10:00Z,Atlanta Braves,1504.68798828125
2024-07-19T18:20:00Z,Chicago Cubs,1506.7445068359375
2024-07-19T18:20:00Z,Arizona Diamondbacks,1544.0859375
2024-07-19T22:40:00Z,Pittsburgh Pirates,1527.351806640625
2024-07-19T22:40:00Z,Philadelphia Phillies,1469.37353515625
2024-07-19T22:45:00Z,Washington Nationals,1486.38134765625
2024-07-19T22:45:00Z,Cincinnati Reds,1465.049560546875
2024-07-19T23:05:00Z,New York Yankees,1498.1605224609375
2024-07-19T23:05:00Z,Tampa Bay Rays,1488.37646484375
2024-07-19T23:07:00Z,Toronto Blue Jays,1518.001953125
2024-07-19T23:07:00Z,Detroit Tigers,1549.955078125
2024-07-19T23:10:00Z,Cleveland Guardians,1503.3443603515625
2024-07-19T23:10:00Z,San Diego Padres,1461.984130859375
2024-07-19T23:10:00Z,Miami Marlins,1507.0821533203125
2024-07-19T23:10:00Z,New York Mets,1479.7091064453125
2024-07-20T00:05:00Z,Texas Rangers,1507.296630859375
2024-07-20T00:05:00Z,Baltimore Orioles,1505.2657470703125
2024-07-20T00:10:00Z,Kansas City Royals,1518.46728515625
2024-07-20T00:10:00Z,Chicago White Sox,1459.5286865234375
2024-07-20T00:40:00Z,Colorado Rockies,1518.7481689453125
2024-07-20T00:40:00Z,San Francisco Giants,1495.2225341796875
2024-07-20T01:40:00Z,Oakland Athletics,1522.3485107421875
2024-07-20T01:40:00Z,Los Angeles Angels,1500.9713134765625
2024-07-20T02:10:00Z,Los Angeles Dodgers,1504.3082275390625
2024-07-20T02:10:00Z,Boston Red Sox,1512.4693603515625
2024-07-20T02:10:00Z,Seattle Mariners,1465.4375
2024-07-20T02:10:00Z,Houston Astros,1508.22607421875
2024-07-20T17:05:00Z,New York Yankees,1475.2652587890625
2024-07-20T17:05:00Z,Tampa Bay Rays,1511.271728515625
2024-07-20T17:07:00Z,Atlanta Braves,1515.909423828125
2024-07-20T17:07:00Z,St. Louis Cardinals,1490.3282470703125
2024-07-20T19:07:00Z,Toronto Blue Jays,1509.3953857421875
2024-07-20T19:07:00Z,Detroit Tigers,1558.5616455078125
2024-07-20T20:07:00Z,Oakland Athletics,1528.39892578125
2024-07-20T20:07:00Z,Los Angeles Angels,1494.9208984375
2024-07-20T20:10:00Z,Miami Marlins,1479.8922119140625
2024-07-20T20:10:00Z,New York Mets,1506.8990478515625
2024-07-20T22:40:00Z,Pittsburgh Pirates,1528.6773681640625
2024-07-20T22:40:00Z,Philadelphia Phillies,1468.0479736328125
2024-07-20T22:45:00Z,Washington Nationals,1492.4420166015625
2024-07-20T22:45:00Z,Cincinnati Reds,1458.9888916015625
2024-07-20T23:05:00Z,Texas Rangers,1486.8924560546875
2024-07-20T23:05:00Z,Baltimore Orioles,1525.669921875
2024-07-20T23:10:00Z,Cleveland Guardians,1474.0643310546875
2024-07-20T23:10:00Z,San Diego Padres,1491.26416015625
2024-07-20T23:10:00Z,Kansas City Royals,1519.73779296875
2024-07-20T23:10:00Z,Chicago White Sox,1458.2581787109375
2024-07-20T23:10:00Z,Minnesota Twins,1469.9202880859375
2024-07-20T23:10:00Z,Milwaukee Brewers,1499.951416015625
2024-07-20T23:15:00Z,Chicago Cubs,1499.607421875
2024-07-20T23:15:00Z,Arizona Diamondbacks,1551.2230224609375
2024-07-20T23:15:00Z,Los Angeles Dodgers,1519.54296875
2024-07-20T23:15:00Z,Boston Red Sox,1497.234619140625
2024-07-20T23:20:00Z,Atlanta Braves,1489.0665283203125
2024-07-20T23:20:00Z,St. Louis Cardinals,1517.171142578125
2024-07-21T00:10:00Z,Colorado Rockies,1524.3280029296875
2024-07-21T00:10:00Z,San Francisco Giants,1489.6427001953125
2024-07-21T01:40:00Z,Seattle Mariners,1459.5947265625
2024-07-21T01:40:00Z,Houston Astros,1514.06884765625
2024-07-21T17:05:00Z,Minnesota Twins,1460.74560546875
2024-07-21T17:05:00Z,Milwaukee Brewers,1509.1260986328125
2024-07-21T17:35:00Z,Washington Nationals,1496.2159423828125
2024-07-21T17:35:00Z,Cincinnati Reds,1455.2149658203125
2024-07-21T17:35:00Z,Pittsburgh Pirates,1497.856201171875
2024-07-21T17:35:00Z,Philadelphia Phillies,1498.869140625
2024-07-21T17:35:00Z,Atlanta Braves,1479.3004150390625
2024-07-21T17:35:00Z,St. Louis Cardinals,1526.937255859375
2024-07-21T17:35:00Z,New York Yankees,1467.781494140625
2024-07-21T17:35:00Z,Tampa Bay Rays,1518.7554931640625
2024-07-21T17:37:00Z,Toronto Blue Jays,1536.827392578125
2024-07-21T17:37:00Z,Detroit Tigers,1531.129638671875
2024-07-21T17:40:00Z,Cleveland Guardians,1460.606689453125
2024-07-21T17:40:00Z,San Diego Padres,1504.7218017578125
2024-07-21T17:40:00Z,Miami Marlins,1501.7796630859375
2024-07-21T17:40:00Z,New York Mets,1485.0115966796875
2024-07-21T18:10:00Z,Kansas City Royals,1520.873046875
2024-07-21T18:10:00Z,Chicago White Sox,1457.1229248046875
2024-07-21T18:20:00Z,Chicago Cubs,1527.4635009765625
2024-07-21T18:20:00Z,Arizona Diamondbacks,1523.366943359375
2024-07-21T18:35:00Z,Texas Rangers,1512.1153564453125
2024-07-21T18:35:00Z,Baltimore Orioles,1500.447021484375
2024-07-21T19:10:00Z,Colorado Rockies,1495.9171142578125
2024-07-21T19:10:00Z,San Francisco Giants,1518.0535888671875
2024-07-21T20:07:00Z,Oakland Athletics,1500.1689453125
2024-07-21T20:07:00Z,Los Angeles Angels,1523.15087890625
2024-07-21T20:10:00Z,Seattle Mariners,1487.9029541015625
2024-07-21T20:10:00Z,Houston Astros,1485.7606201171875
2024-07-21T23:10:00Z,Los Angeles Dodgers,1525.3858642578125
2024-07-21T23:10:00Z,Boston Red Sox,1491.3917236328125
2024-07-22T17:05:00Z,New York Yankees,1495.5299072265625
2024-07-22T17:05:00Z,Tampa Bay Rays,1491.007080078125
2024-07-22T22:40:00Z,Cleveland Guardians,1458.7305908203125
2024-07-22T22:40:00Z,Detroit Tigers,1533.0057373046875
2024-07-22T22:40:00Z,Pittsburgh Pirates,1520.3924560546875
2024-07-22T22:40:00Z,St. Louis Cardinals,1504.4010009765625
2024-07-22T22:40:00Z,Miami Marlins,1476.940673828125
2024-07-22T22:40:00Z,New York Mets,1509.8505859375
2024-07-22T23:20:00Z,Atlanta Braves,1452.762451171875
2024-07-22T23:20:00Z,Cincinnati Reds,1481.7529296875
2024-07-22T23:40:00Z,Minnesota Twins,1485.8062744140625
2024-07-22T23:40:00Z,Philadelphia Phillies,1473.8084716796875
2024-07-23T00:05:00Z,Texas Rangers,1513.6270751953125
2024-07-23T00:05:00Z,Chicago White Sox,1455.6112060546875
2024-07-23T00:05:00Z,Chicago Cubs,1534.2308349609375
2024-07-23T00:05:00Z,Milwaukee Brewers,1502.3587646484375
2024-07-23T00:10:00Z,Kansas City Royals,1534.0491943359375
2024-07-23T00:10:00Z,Arizona Diamondbacks,1510.1907958984375
2024-07-23T00:40:00Z,Colorado Rockies,1506.677734375
2024-07-23T00:40:00Z,Boston Red Sox,1480.631103515625
2024-07-23T01:40:00Z,Oakland Athletics,1507.9520263671875
2024-07-23T01:40:00Z,Houston Astros,1477.9775390625
2024-07-23T01:40:00Z,Seattle Mariners,1480.217041015625
2024-07-23T01:40:00Z,Los Angeles Angels,1530.8367919921875
2024-07-23T02:10:00Z,Los Angeles Dodgers,1535.24365234375
2024-07-23T02:10:00Z,San Francisco Giants,1508.19580078125
2024-07-23T22:40:00Z,Cleveland Guardians,1489.137451171875
2024-07-23T22:40:00Z,Detroit Tigers,1502.598876953125
2024-07-23T22:40:00Z,Pittsburgh Pirates,1495.754150390625
2024-07-23T22:40:00Z,St. Louis Cardinals,1529.039306640625
2024-07-23T22:40:00Z,Miami Marlins,1497.681640625
2024-07-23T22:40:00Z,Baltimore Orioles,1479.7060546875
2024-07-23T22:45:00Z,Washington Nationals,1479.577392578125
2024-07-23T22:45:00Z,San Diego Padres,1521.3603515625
2024-07-23T23:05:00Z,New York Yankees,1481.0289306640625
2024-07-23T23:05:00Z,New York Mets,1524.3515625
2024-07-23T23:07:00Z,Toronto Blue Jays,1507.077880859375
2024-07-23T23:07:00Z,Tampa Bay Rays,1520.756591796875
2024-07-23T23:40:00Z,Minnesota Twins,1462.26171875
2024-07-23T23:40:00Z,Philadelphia Phillies,1497.35302734375
2024-07-24T00:05:00Z,Texas Rangers,1514.950439453125
2024-07-24T00:05:00Z,Chicago White Sox,1454.287841796875
2024-07-24T00:05:00Z,Chicago Cubs,1506.25390625
2024-07-24T00:05:00Z,Milwaukee Brewers,1530.335693359375
2024-07-24T00:10:00Z,Kansas City Royals,1507.558837890625
2024-07-24T00:10:00Z,Arizona Diamondbacks,1536.68115234375
2024-07-24T00:40:00Z,Colorado Rockies,1479.7427978515625
2024-07-24T00:40:00Z,Boston Red Sox,1507.5660400390625
2024-07-24T01:40:00Z,Oakland Athletics,1512.2926025390625
2024-07-24T01:40:00Z,Houston Astros,1473.636962890625
2024-07-24T01:40:00Z,Seattle Mariners,1475.9049072265625
2024-07-24T01:40:00Z,Los Angeles Angels,1535.14892578125
2024-07-24T02:10:00Z,Los Angeles Dodgers,1540.115234375
2024-07-24T02:10:00Z,San Francisco Giants,1503.32421875
2024-07-24T16:20:00Z,Atlanta Braves,1443.2708740234375
2024-07-24T16:20:00Z,Cincinnati Reds,1491.2445068359375
2024-07-24T16:35:00Z,Pittsburgh Pirates,1519.5279541015625
2024-07-24T16:35:00Z,St. Louis Cardinals,1505.2655029296875
2024-07-24T17:10:00Z,Minnesota Twins,1486.5335693359375
2024-07-24T17:10:00Z,Philadelphia Phillies,1473.0811767578125
2024-07-24T18:20:00Z,Chicago Cubs,1495.1875
2024-07-24T18:20:00Z,Milwaukee Brewers,1541.402099609375
2024-07-24T19:10:00Z,Colorado Rockies,1501.8885498046875
2024-07-24T19:10:00Z,Boston Red Sox,1485.4202880859375
2024-07-24T19:37:00Z,Oakland Athletics,1483.3389892578125
2024-07-24T19:37:00Z,Houston Astros,1502.590576171875
2024-07-24T19:40:00Z,Seattle Mariners,1472.8721923828125
2024-07-24T19:40:00Z,Los Angeles Angels,1538.181640625
2024-07-24T22:40:00Z,Cleveland Guardians,1506.3221435546875
2024-07-24T22:40:00Z,Detroit Tigers,1485.4141845703125
2024-07-24T22:40:00Z,Miami Marlins,1504.538330078125
2024-07-24T22:40:00Z,Baltimore Orioles,1472.849365234375
2024-07-24T22:45:00Z,Washington Nationals,1473.5101318359375
2024-07-24T22:45:00Z,San Diego Padres,1527.4276123046875
2024-07-24T23:05:00Z,New York Yankees,1475.302734375
2024-07-24T23:05:00Z,New York Mets,1530.0777587890625
2024-07-24T23:07:00Z,Toronto Blue Jays,1524.3421630859375
2024-07-24T23:07:00Z,Tampa Bay Rays,1503.4923095703125
2024-07-25T00:05:00Z,Texas Rangers,1516.1275634765625
2024-07-25T00:05:00Z,Chicago White Sox,1453.1107177734375
2024-07-25T00:10:00Z,Kansas City Royals,1498.1077880859375
2024-07-25T00:10:00Z,Arizona Diamondbacks,1546.1322021484375
2024-07-25T02:10:00Z,Los Angeles Dodgers,1511.40673828125
2024-07-25T02:10:00Z,San Francisco Giants,1532.03271484375
2024-07-25T16:05:00Z,Washington Nationals,1469.73388671875
2024-07-25T16:05:00Z,San Diego Padres,1531.203857421875
2024-07-25T16:10:00Z,Miami Marlins,1476.5911865234375
2024-07-25T16:10:00Z,Baltimore Orioles,1500.7965087890625
2024-07-25T17:10:00Z,Cleveland Guardians,1480.4793701171875
2024-07-25T17:10:00Z,Detroit Tigers,1511.2569580078125
2024-07-25T18:35:00Z,Texas Rangers,1517.187744140625
2024-07-25T18:35:00Z,Chicago White Sox,1452.050537109375
2024-07-25T19:07:00Z,Toronto Blue Jays,1498.5126953125
2024-07-25T19:07:00Z,Tampa Bay Rays,1529.32177734375
2024-07-25T20:10:00Z,Los Angeles Dodgers,1531.1617431640625
2024-07-25T20:10:00Z,San Francisco Giants,1512.2777099609375
2024-07-25T23:10:00Z,New York Mets,1530.440185546875
2024-07-25T23:10:00Z,Atlanta Braves,1442.908447265625
2024-07-26T01:38:00Z,Los Angeles Angels,1507.703369140625
2024-07-26T01:38:00Z,Oakland Athletics,1513.8172607421875
2024-07-26T22:40:00Z,Detroit Tigers,1484.5872802734375
2024-07-26T22:40:00Z,Minnesota Twins,1513.2032470703125
2024-07-26T22:40:00Z,Philadelphia Phillies,1456.0357666015625
2024-07-26T22:40:00Z,Cleveland Guardians,1497.5247802734375
2024-07-26T22:50:00Z,Tampa Bay Rays,1500.4423828125
2024-07-26T22:50:00Z,Cincinnati Reds,1520.1239013671875
2024-07-26T23:05:00Z,Baltimore Orioles,1491.7347412109375
2024-07-26T23:05:00Z,San Diego Padres,1540.265625
2024-07-26T23:07:00Z,Toronto Blue Jays,1517.581787109375
2024-07-26T23:07:00Z,Texas Rangers,1498.11865234375
2024-07-26T23:10:00Z,New York Mets,1530.7908935546875
2024-07-26T23:10:00Z,Atlanta Braves,1442.5577392578125
2024-07-26T23:10:00Z,Boston Red Sox,1494.42529296875
2024-07-26T23:10:00Z,New York Yankees,1466.2977294921875
2024-07-27T00:10:00Z,Kansas City Royals,1509.4024658203125
2024-07-27T00:10:00Z,Chicago Cubs,1483.892822265625
2024-07-27T00:10:00Z,Houston Astros,1524.9696044921875
2024-07-27T00:10:00Z,Los Angeles Dodgers,1508.78271484375
2024-07-27T00:10:00Z,Chicago White Sox,1439.8736572265625
2024-07-27T00:10:00Z,Seattle Mariners,1485.049072265625
2024-07-27T00:10:00Z,Milwaukee Brewers,1510.3807373046875
2024-07-27T00:10:00Z,Miami Marlins,1507.612548828125
2024-07-27T00:15:00Z,St. Louis Cardinals,1476.732177734375
2024-07-27T00:15:00Z,Washington Nationals,1498.2672119140625
2024-07-27T01:38:00Z,Los Angeles Angels,1490.1878662109375
2024-07-27T01:38:00Z,Oakland Athletics,1531.332763671875
2024-07-27T01:40:00Z,Arizona Diamondbacks,1551.0887451171875
2024-07-27T01:40:00Z,Pittsburgh Pirates,1514.5714111328125
2024-07-27T02:15:00Z,San Francisco Giants,1521.2020263671875
2024-07-27T02:15:00Z,Colorado Rockies,1492.9642333984375
2024-07-27T19:07:00Z,Toronto Blue Jays,1524.0765380859375
2024-07-27T19:07:00Z,Texas Rangers,1491.6239013671875
2024-07-27T20:05:00Z,Baltimore Orioles,1487.0509033203125
2024-07-27T20:05:00Z,San Diego Padres,1544.949462890625
2024-07-27T20:10:00Z,Tampa Bay Rays,1519.866943359375
2024-07-27T20:10:00Z,Cincinnati Reds,1500.6993408203125
2024-07-27T20:10:00Z,New York Mets,1499.130615234375
2024-07-27T20:10:00Z,Atlanta Braves,1474.218017578125
2024-07-27T22:05:00Z,Philadelphia Phillies,1481.9017333984375
2024-07-27T22:05:00Z,Cleveland Guardians,1471.6588134765625
2024-07-27T22:10:00Z,Detroit Tigers,1506.980224609375
2024-07-27T22:10:00Z,Minnesota Twins,1490.810302734375
2024-07-27T23:05:00Z,San Francisco Giants,1525.8515625
2024-07-27T23:05:00Z,Colorado Rockies,1488.314697265625
2024-07-27T23:10:00Z,San Francisco Giants,1529.04296875
2024-07-27T23:10:00Z,Colorado Rockies,1485.123291015625
2024-07-27T23:10:00Z,Kansas City Royals,1482.5738525390625
2024-07-27T23:10:00Z,Chicago Cubs,1510.721435546875
2024-07-27T23:10:00Z,Houston Astros,1532.280517578125
2024-07-27T23:10:00Z,Los Angeles Dodgers,1501.4718017578125
2024-07-27T23:10:00Z,Milwaukee Brewers,1489.7266845703125
2024-07-27T23:10:00Z,Miami Marlins,1528.2666015625
2024-07-27T23:15:00Z,St. Louis Cardinals,1464.8021240234375
2024-07-27T23:15:00Z,Washington Nationals,1510.197265625
2024-07-27T23:15:00Z,Chicago White Sox,1434.53759765625
2024-07-27T23:15:00Z,Seattle Mariners,1490.3851318359375
2024-07-27T23:15:00Z,Boston Red Sox,1467.0950927734375
2024-07-27T23:15:00Z,New York Yankees,1493.6279296875
2024-07-28T00:10:00Z,Arizona Diamondbacks,1554.4176025390625
2024-07-28T00:10:00Z,Pittsburgh Pirates,1511.2425537109375
2024-07-28T01:38:00Z,Los Angeles Angels,1483.974853515625
2024-07-28T01:38:00Z,Oakland Athletics,1537.5457763671875
2024-07-28T15:35:00Z,Tampa Bay Rays,1526.4324951171875
2024-07-28T15:35:00Z,Cincinnati Reds,1494.1337890625
2024-07-28T17:35:00Z,Baltimore Orioles,1515.84375
2024-07-28T17:35:00Z,San Diego Padres,1516.1566162109375
2024-07-28T17:35:00Z,Philadelphia Phillies,1458.869384765625
2024-07-28T17:35:00Z,Cleveland Guardians,1494.691162109375
2024-07-28T17:37:00Z,Toronto Blue Jays,1528.0064697265625
2024-07-28T17:37:00Z,Texas Rangers,1487.6939697265625
2024-07-28T17:40:00Z,Detroit Tigers,1482.2955322265625
2024-07-28T17:40:00Z,Minnesota Twins,1515.4949951171875
2024-07-28T17:40:00Z,New York Mets,1472.42236328125
2024-07-28T17:40:00Z,Atlanta Braves,1500.92626953125
2024-07-28T18:10:00Z,Kansas City Royals,1472.8211669921875
2024-07-28T18:10:00Z,Chicago Cubs,1520.47412109375
2024-07-28T18:10:00Z,Houston Astros,1504.47900390625
2024-07-28T18:10:00Z,Los Angeles Dodgers,1529.2733154296875
2024-07-28T18:10:00Z,Chicago White Sox,1431.0474853515625
2024-07-28T18:10:00Z,Seattle Mariners,1493.875244140625
2024-07-28T18:10:00Z,Milwaukee Brewers,1514.8909912109375
2024-07-28T18:10:00Z,Miami Marlins,1503.102294921875
2024-07-28T18:15:00Z,St. Louis Cardinals,1491.510986328125
2024-07-28T18:15:00Z,Washington Nationals,1483.4884033203125
2024-07-28T20:05:00Z,San Francisco Giants,1531.483642578125
2024-07-28T20:05:00Z,Colorado Rockies,1482.6826171875
2024-07-28T20:07:00Z,Los Angeles Angels,1512.1451416015625
2024-07-28T20:07:00Z,Oakland Athletics,1509.37548828125
2024-07-28T20:10:00Z,Arizona Diamondbacks,1524.9366455078125
2024-07-28T20:10:00Z,Pittsburgh Pirates,1540.7235107421875
2024-07-28T23:10:00Z,Boston Red Sox,1456.8310546875
2024-07-28T23:10:00Z,New York Yankees,1503.8919677734375
2024-07-29T19:05:00Z,Baltimore Orioles,1532.5516357421875
2024-07-29T19:05:00Z,Toronto Blue Jays,1511.298583984375
2024-07-29T19:10:00Z,Baltimore Orioles,1506.630126953125
2024-07-29T19:10:00Z,Toronto Blue Jays,1537.2200927734375
2024-07-29T22:40:00Z,Detroit Tigers,1467.0889892578125
2024-07-29T22:40:00Z,Cleveland Guardians,1509.897705078125
2024-07-29T22:40:00Z,Philadelphia Phillies,1453.501953125
2024-07-29T22:40:00Z,New York Yankees,1509.2593994140625
2024-07-29T23:10:00Z,Cincinnati Reds,1515.8077392578125
2024-07-29T23:10:00Z,Chicago Cubs,1498.8001708984375
2024-07-29T23:10:00Z,Boston Red Sox,1481.6177978515625
2024-07-29T23:10:00Z,Seattle Mariners,1469.0885009765625
2024-07-29T23:10:00Z,New York Mets,1498.641845703125
2024-07-29T23:10:00Z,Minnesota Twins,1489.2755126953125
2024-07-29T23:45:00Z,St. Louis Cardinals,1470.5057373046875
2024-07-29T23:45:00Z,Texas Rangers,1508.69921875
2024-07-30T00:10:00Z,Houston Astros,1497.057861328125
2024-07-30T00:10:00Z,Pittsburgh Pirates,1548.1446533203125
2024-07-30T00:10:00Z,Chicago White Sox,1424.9781494140625
2024-07-30T00:10:00Z,Kansas City Royals,1478.8905029296875
2024-07-30T00:10:00Z,Milwaukee Brewers,1522.7950439453125
2024-07-30T00:10:00Z,Atlanta Braves,1493.022216796875
2024-07-30T01:40:00Z,Arizona Diamondbacks,1527.6466064453125
2024-07-30T01:40:00Z,Washington Nationals,1480.7784423828125
2024-07-30T17:10:00Z,Detroit Tigers,1461.2506103515625
2024-07-30T17:10:00Z,Cleveland Guardians,1515.736083984375
2024-07-30T22:35:00Z,Baltimore Orioles,1529.6229248046875
2024-07-30T22:35:00Z,Toronto Blue Jays,1514.227294921875
2024-07-30T22:40:00Z,Philadelphia Phillies,1449.9989013671875
2024-07-30T22:40:00Z,New York Yankees,1512.762451171875
2024-07-30T22:50:00Z,Tampa Bay Rays,1532.053955078125
2024-07-30T22:50:00Z,Miami Marlins,1497.4808349609375
2024-07-30T23:10:00Z,Cincinnati Reds,1522.9075927734375
2024-07-30T23:10:00Z,Chicago Cubs,1491.7003173828125
2024-07-30T23:10:00Z,Boston Red Sox,1457.921875
2024-07-30T23:10:00Z,Seattle Mariners,1492.784423828125
2024-07-30T23:10:00Z,New York Mets,1507.872314453125
2024-07-30T23:10:00Z,Minnesota Twins,1480.0450439453125
2024-07-30T23:45:00Z,St. Louis Cardinals,1495.5838623046875
2024-07-30T23:45:00Z,Texas Rangers,1483.62109375
2024-07-31T00:10:00Z,Houston Astros,1492.8253173828125
2024-07-31T00:10:00Z,Pittsburgh Pirates,1552.377197265625
2024-07-31T00:10:00Z,Chicago White Sox,1421.2010498046875
2024-07-31T00:10:00Z,Kansas City Royals,1482.6676025390625
2024-07-31T00:10:00Z,Milwaukee Brewers,1495.170654296875
2024-07-31T00:10:00Z,Atlanta Braves,1520.6466064453125
2024-07-31T01:38:00Z,Los Angeles Angels,1516.574951171875
2024-07-31T01:38:00Z,Colorado Rockies,1478.2528076171875
2024-07-31T01:40:00Z,Arizona Diamondbacks,1529.7982177734375
2024-07-31T01:40:00Z,Washington Nationals,1478.6268310546875
2024-07-31T01:40:00Z,San Diego Padres,1533.21484375
2024-07-31T01:40:00Z,Los Angeles Dodgers,1512.215087890625
2024-07-31T01:45:00Z,San Francisco Giants,1505.37060546875
2024-07-31T01:45:00Z,Oakland Athletics,1535.488525390625
2024-07-31T16:10:00Z,Tampa Bay Rays,1503.6595458984375
2024-07-31T16:10:00Z,Miami Marlins,1525.875244140625
2024-07-31T16:35:00Z,Baltimore Orioles,1537.141357421875
2024-07-31T16:35:00Z,Toronto Blue Jays,1506.7088623046875
2024-07-31T16:35:00Z,Philadelphia Phillies,1447.3829345703125
2024-07-31T16:35:00Z,New York Yankees,1515.37841796875
2024-07-31T17:10:00Z,New York Mets,1480.5975341796875
2024-07-31T17:10:00Z,Minnesota Twins,1507.31982421875
2024-07-31T18:10:00Z,Chicago White Sox,1418.43798828125
2024-07-31T18:10:00Z,Kansas City Royals,1485.4306640625
2024-07-31T18:10:00Z,Milwaukee Brewers,1484.5643310546875
2024-07-31T18:10:00Z,Atlanta Braves,1531.2529296875
2024-07-31T18:15:00Z,St. Louis Cardinals,1504.04931640625
2024-07-31T18:15:00Z,Texas Rangers,1475.1556396484375
2024-07-31T19:40:00Z,Arizona Diamondbacks,1531.5845947265625
2024-07-31T19:40:00Z,Washington Nationals,1476.8404541015625
2024-07-31T20:10:00Z,Boston Red Sox,1482.1318359375
2024-07-31T20:10:00Z,Seattle Mariners,1468.574462890625
2024-07-31T23:10:00Z,Cincinnati Reds,1495.03955078125
2024-07-31T23:10:00Z,Chicago Cubs,1519.568359375
2024-08-01T00:10:00Z,Houston Astros,1521.831298828125
2024-08-01T00:10:00Z,Pittsburgh Pirates,1523.3712158203125
2024-08-01T00:40:00Z,San Diego Padres,1539.35107421875
2024-08-01T00:40:00Z,Los Angeles Dodgers,1506.078857421875
2024-08-01T01:38:00Z,Los Angeles Angels,1487.6639404296875
2024-08-01T01:38:00Z,Colorado Rockies,1507.163818359375
2024-08-01T01:45:00Z,San Francisco Giants,1528.2220458984375
2024-08-01T01:45:00Z,Oakland Athletics,1512.6370849609375
2024-08-01T22:40:00Z,Cleveland Guardians,1535.76123046875
2024-08-01T22:40:00Z,Baltimore Orioles,1517.1162109375
2024-08-01T22:40:00Z,Detroit Tigers,1450.2169189453125
2024-08-01T22:40:00Z,Kansas City Royals,1496.46435546875
2024-08-01T23:20:00Z,Atlanta Braves,1541.7349853515625
2024-08-01T23:20:00Z,Miami Marlins,1515.3931884765625
2024-08-02T00:05:00Z,Chicago Cubs,1527.05419921875
2024-08-02T00:05:00Z,St. Louis Cardinals,1496.5634765625
2024-08-02T01:38:00Z,Los Angeles Angels,1475.024658203125
2024-08-02T01:38:00Z,Colorado Rockies,1519.8031005859375
2024-08-02T18:20:00Z,Chicago Cubs,1531.306396484375
2024-08-02T18:20:00Z,St. Louis Cardinals,1492.311279296875
2024-08-02T22:40:00Z,Detroit Tigers,1445.0968017578125
2024-08-02T22:40:00Z,Kansas City Royals,1501.58447265625
2024-08-02T22:40:00Z,Pittsburgh Pirates,1506.6251220703125
2024-08-02T22:40:00Z,Arizona Diamondbacks,1548.3306884765625
2024-08-02T22:45:00Z,Washington Nationals,1459.91455078125
2024-08-02T22:45:00Z,Milwaukee Brewers,1501.490234375
2024-08-02T23:05:00Z,New York Yankees,1492.8211669921875
2024-08-02T23:05:00Z,Toronto Blue Jays,1529.26611328125
2024-08-02T23:10:00Z,Cleveland Guardians,1542.4532470703125
2024-08-02T23:10:00Z,Baltimore Orioles,1510.4241943359375
2024-08-02T23:10:00Z,Cincinnati Reds,1486.784423828125
2024-08-02T23:10:00Z,San Francisco Giants,1536.4771728515625
2024-08-02T23:20:00Z,Atlanta Braves,1546.7423095703125
2024-08-02T23:20:00Z,Miami Marlins,1510.3858642578125
2024-08-03T00:05:00Z,Texas Rangers,1457.9554443359375
2024-08-03T00:05:00Z,Boston Red Sox,1499.33203125
2024-08-03T00:10:00Z,Houston Astros,1528.639404296875
2024-08-03T00:10:00Z,Tampa Bay Rays,1496.8514404296875
2024-08-03T00:10:00Z,Minnesota Twins,1507.649658203125
2024-08-03T00:10:00Z,Chicago White Sox,1418.108154296875
2024-08-03T01:38:00Z,Los Angeles Angels,1457.311767578125
2024-08-03T01:38:00Z,New York Mets,1498.3104248046875
2024-08-03T01:40:00Z,Oakland Athletics,1522.7396240234375
2024-08-03T01:40:00Z,Los Angeles Dodgers,1495.976318359375
2024-08-03T01:40:00Z,San Diego Padres,1513.82568359375
2024-08-03T01:40:00Z,Colorado Rockies,1545.3284912109375
2024-08-03T01:40:00Z,Seattle Mariners,1474.6669921875
2024-08-03T01:40:00Z,Philadelphia Phillies,1441.2904052734375
2024-08-03T17:05:00Z,New York Yankees,1517.4525146484375
2024-08-03T17:05:00Z,Toronto Blue Jays,1504.634765625
2024-08-03T18:20:00Z,Chicago Cubs,1502.3099365234375
2024-08-03T18:20:00Z,St. Louis Cardinals,1521.3077392578125
2024-08-03T20:05:00Z,Washington Nationals,1485.80029296875
2024-08-03T20:05:00Z,Milwaukee Brewers,1475.6044921875
2024-08-03T22:10:00Z,Detroit Tigers,1473.697265625
2024-08-03T22:10:00Z,Kansas City Royals,1472.9840087890625
2024-08-03T22:40:00Z,Pittsburgh Pirates,1532.5404052734375
2024-08-03T22:40:00Z,Arizona Diamondbacks,1522.4154052734375
2024-08-03T23:05:00Z,Texas Rangers,1483.795654296875
2024-08-03T23:05:00Z,Boston Red Sox,1473.4918212890625
2024-08-03T23:10:00Z,Minnesota Twins,1507.9696044921875
2024-08-03T23:10:00Z,Chicago White Sox,1417.7882080078125
2024-08-03T23:15:00Z,Cleveland Guardians,1514.450927734375
2024-08-03T23:15:00Z,Baltimore Orioles,1538.426513671875
2024-08-03T23:15:00Z,Cincinnati Reds,1514.310546875
2024-08-03T23:15:00Z,San Francisco Giants,1508.9510498046875
2024-08-03T23:15:00Z,Houston Astros,1500.6761474609375
2024-08-03T23:15:00Z,Tampa Bay Rays,1524.814697265625
2024-08-03T23:20:00Z,Atlanta Braves,1518.0933837890625
2024-08-03T23:20:00Z,Miami Marlins,1539.0347900390625
2024-08-04T00:40:00Z,San Diego Padres,1537.0880126953125
2024-08-04T00:40:00Z,Colorado Rockies,1522.066162109375
2024-08-04T01:07:00Z,Oakland Athletics,1495.66552734375
2024-08-04T01:07:00Z,Los Angeles Dodgers,1523.0504150390625
2024-08-04T01:38:00Z,Los Angeles Angels,1483.06494140625
2024-08-04T01:38:00Z,New York Mets,1472.5572509765625
2024-08-04T01:40:00Z,Seattle Mariners,1478.45263671875
2024-08-04T01:40:00Z,Philadelphia Phillies,1437.5047607421875
2024-08-04T16:05:00Z,Cincinnati Reds,1492.7984619140625
2024-08-04T16:05:00Z,San Francisco Giants,1530.463134765625
2024-08-04T17:35:00Z,Pittsburgh Pirates,1509.543212890625
2024-08-04T17:35:00Z,Arizona Diamondbacks,1545.41259765625
2024-08-04T17:35:00Z,Atlanta Braves,1505.9580078125
2024-08-04T17:35:00Z,Miami Marlins,1551.170166015625
2024-08-04T17:35:00Z,New York Yankees,1525.6751708984375
2024-08-04T17:35:00Z,Toronto Blue Jays,1496.412109375
2024-08-04T17:35:00Z,Washington Nationals,1494.781982421875
2024-08-04T17:35:00Z,Milwaukee Brewers,1466.622802734375
2024-08-04T17:40:00Z,Cleveland Guardians,1503.34912109375
2024-08-04T17:40:00Z,Baltimore Orioles,1549.5283203125
2024-08-04T17:40:00Z,Detroit Tigers,1453.745361328125
2024-08-04T17:40:00Z,Kansas City Royals,1492.9359130859375
2024-08-04T18:10:00Z,Houston Astros,1489.628662109375
2024-08-04T18:10:00Z,Tampa Bay Rays,1535.8621826171875
2024-08-04T18:10:00Z,Minnesota Twins,1508.2803955078125
2024-08-04T18:10:00Z,Chicago White Sox,1417.4774169921875
2024-08-04T18:35:00Z,Texas Rangers,1460.7452392578125
2024-08-04T18:35:00Z,Boston Red Sox,1496.542236328125
2024-08-04T20:07:00Z,Los Angeles Angels,1491.9541015625
2024-08-04T20:07:00Z,New York Mets,1463.6680908203125
2024-08-04T20:07:00Z,Oakland Athletics,1485.673095703125
2024-08-04T20:07:00Z,Los Angeles Dodgers,1533.0428466796875
2024-08-04T20:10:00Z,San Diego Padres,1544.7059326171875
2024-08-04T20:10:00Z,Colorado Rockies,1514.4482421875
2024-08-04T20:10:00Z,Seattle Mariners,1449.22021484375
2024-08-04T20:10:00Z,Philadelphia Phillies,1466.7371826171875
2024-08-04T23:10:00Z,Chicago Cubs,1521.493408203125
2024-08-04T23:10:00Z,St. Louis Cardinals,1502.124267578125
2024-08-05T21:15:00Z,St. Louis Cardinals,1473.196044921875
2024-08-05T21:15:00Z,New York Mets,1492.5963134765625
2024-08-05T22:40:00Z,Cleveland Guardians,1497.34521484375
2024-08-05T22:40:00Z,Arizona Diamondbacks,1551.41650390625
2024-08-05T22:40:00Z,Miami Marlins,1520.472900390625
2024-08-05T22:40:00Z,Cincinnati Reds,1523.4957275390625
2024-08-05T22:45:00Z,Washington Nationals,1487.2119140625
2024-08-05T22:45:00Z,San Francisco Giants,1538.033203125
2024-08-06T00:05:00Z,Texas Rangers,1483.220703125
2024-08-06T00:05:00Z,Houston Astros,1467.1531982421875
2024-08-06T00:05:00Z,Chicago Cubs,1497.6053466796875
2024-08-06T00:05:00Z,Minnesota Twins,1532.16845703125
2024-08-06T00:10:00Z,Kansas City Royals,1474.5108642578125
2024-08-06T00:10:00Z,Boston Red Sox,1514.96728515625
2024-08-06T01:40:00Z,Oakland Athletics,1486.5142822265625
2024-08-06T01:40:00Z,Chicago White Sox,1416.63623046875
2024-08-06T02:10:00Z,Los Angeles Dodgers,1533.958251953125
2024-08-06T02:10:00Z,Philadelphia Phillies,1465.82177734375
2024-08-06T22:40:00Z,Pittsburgh Pirates,1501.8343505859375
2024-08-06T22:40:00Z,San Diego Padres,1552.414794921875
2024-08-06T22:40:00Z,Miami Marlins,1501.8382568359375
2024-08-06T22:40:00Z,Cincinnati Reds,1542.13037109375
2024-08-06T22:45:00Z,Washington Nationals,1514.934326171875
2024-08-06T22:45:00Z,San Francisco Giants,1510.310791015625
2024-08-06T23:07:00Z,Toronto Blue Jays,1524.51123046875
2024-08-06T23:07:00Z,Baltimore Orioles,1521.42919921875
2024-08-06T23:20:00Z,Atlanta Braves,1476.919189453125
2024-08-06T23:20:00Z,Milwaukee Brewers,1495.66162109375
2024-08-06T23:45:00Z,St. Louis Cardinals,1502.5692138671875
2024-08-06T23:45:00Z,Tampa Bay Rays,1506.489013671875
2024-08-07T00:05:00Z,Texas Rangers,1458.5626220703125
2024-08-07T00:05:00Z,Houston Astros,1491.811279296875
2024-08-07T00:05:00Z,Chicago Cubs,1521.7337646484375
2024-08-07T00:05:00Z,Minnesota Twins,1508.0400390625
2024-08-07T00:10:00Z,Kansas City Royals,1468.1375732421875
2024-08-07T00:10:00Z,Boston Red Sox,1521.340576171875
2024-08-07T00:40:00Z,Colorado Rockies,1520.39208984375
2024-08-07T00:40:00Z,New York Mets,1486.6524658203125
2024-08-07T01:40:00Z,Seattle Mariners,1431.1268310546875
2024-08-07T01:40:00Z,Detroit Tigers,1471.8387451171875
2024-08-07T01:40:00Z,Oakland Athletics,1455.294189453125
2024-08-07T01:40:00Z,Chicago White Sox,1447.8563232421875
2024-08-07T02:10:00Z,Los Angeles Dodgers,1502.8016357421875
2024-08-07T02:10:00Z,Philadelphia Phillies,1496.9783935546875
2024-08-07T17:10:00Z,Cleveland Guardians,1493.5924072265625
2024-08-07T17:10:00Z,Arizona Diamondbacks,1555.1693115234375
2024-08-07T17:15:00Z,Cleveland Guardians,1490.842041015625
2024-08-07T17:15:00Z,Arizona Diamondbacks,1557.919677734375
2024-08-07T18:20:00Z,Chicago Cubs,1529.7122802734375
2024-08-07T18:20:00Z,Minnesota Twins,1500.0615234375
2024-08-07T18:35:00Z,Texas Rangers,1450.326171875
2024-08-07T18:35:00Z,Houston Astros,1500.0477294921875
2024-08-07T19:37:00Z,Oakland Athletics,1465.1187744140625
2024-08-07T19:37:00Z,Chicago White Sox,1438.03173828125
2024-08-07T20:05:00Z,New York Yankees,1529.408203125
2024-08-07T20:05:00Z,Los Angeles Angels,1488.2210693359375
2024-08-07T20:10:00Z,New York Yankees,1500.1480712890625
2024-08-07T20:10:00Z,Los Angeles Angels,1517.481201171875
2024-08-07T22:40:00Z,Pittsburgh Pirates,1497.515380859375
2024-08-07T22:40:00Z,San Diego Padres,1556.7337646484375
2024-08-07T22:40:00Z,Miami Marlins,1527.42626953125
2024-08-07T22:40:00Z,Cincinnati Reds,1516.5423583984375
2024-08-07T22:45:00Z,Washington Nationals,1493.66259765625
2024-08-07T22:45:00Z,San Francisco Giants,1531.58251953125
2024-08-07T23:07:00Z,Toronto Blue Jays,1503.7515869140625
2024-08-07T23:07:00Z,Baltimore Orioles,1542.1888427734375
2024-08-07T23:20:00Z,Atlanta Braves,1464.01220703125
2024-08-07T23:20:00Z,Milwaukee Brewers,1508.568603515625
2024-08-07T23:45:00Z,St. Louis Cardinals,1516.257080078125
2024-08-07T23:45:00Z,Tampa Bay Rays,1492.8011474609375
2024-08-08T00:10:00Z,Kansas City Royals,1496.2503662109375
2024-08-08T00:10:00Z,Boston Red Sox,1493.227783203125
2024-08-08T00:40:00Z,Colorado Rockies,1492.122314453125
2024-08-08T00:40:00Z,New York Mets,1514.9222412109375
2024-08-08T01:40:00Z,Seattle Mariners,1424.8133544921875
2024-08-08T01:40:00Z,Detroit Tigers,1478.1522216796875
2024-08-08T02:10:00Z,Los Angeles Dodgers,1481.1396484375
2024-08-08T02:10:00Z,Philadelphia Phillies,1518.640380859375
2024-08-08T16:05:00Z,Washington Nationals,1486.672119140625
2024-08-08T16:05:00Z,San Francisco Giants,1538.572998046875
2024-08-08T16:20:00Z,Atlanta Braves,1458.5482177734375
2024-08-08T16:20:00Z,Milwaukee Brewers,1514.0325927734375
2024-08-08T16:35:00Z,Pittsburgh Pirates,1494.4794921875
2024-08-08T16:35:00Z,San Diego Padres,1559.7696533203125
2024-08-08T19:10:00Z,Colorado Rockies,1480.624755859375
2024-08-08T19:10:00Z,New York Mets,1526.4197998046875
2024-08-08T22:10:00Z,Miami Marlins,1504.20458984375
2024-08-08T22:10:00Z,Cincinnati Reds,1539.763916015625
2024-08-08T23:05:00Z,New York Yankees,1486.73828125
2024-08-08T23:05:00Z,Los Angeles Angels,1530.8909912109375
2024-08-08T23:07:00Z,Toronto Blue Jays,1528.890380859375
2024-08-08T23:07:00Z,Baltimore Orioles,1517.050048828125
2024-08-08T23:15:00Z,St. Louis Cardinals,1489.8516845703125
2024-08-08T23:15:00Z,Tampa Bay Rays,1519.20654296875
2024-08-09T01:40:00Z,Seattle Mariners,1452.9473876953125
2024-08-09T01:40:00Z,Detroit Tigers,1450.0181884765625
2024-08-09T01:40:00Z,Arizona Diamondbacks,1528.8878173828125
2024-08-09T01:40:00Z,Philadelphia Phillies,1547.6722412109375
2024-08-09T18:10:00Z,Minnesota Twins,1509.3365478515625
2024-08-09T18:10:00Z,Cleveland Guardians,1481.5670166015625
2024-08-09T22:45:00Z,Washington Nationals,1513.1373291015625
2024-08-09T22:45:00Z,Los Angeles Angels,1504.42578125
2024-08-09T22:50:00Z,Tampa Bay Rays,1498.7596435546875
2024-08-09T22:50:00Z,Baltimore Orioles,1537.4969482421875
2024-08-09T23:07:00Z,Toronto Blue Jays,1529.91552734375
2024-08-09T23:07:00Z,Oakland Athletics,1464.0936279296875
2024-08-09T23:10:00Z,Boston Red Sox,1475.9703369140625
2024-08-09T23:10:00Z,Houston Astros,1517.30517578125
2024-08-09T23:10:00Z,Miami Marlins,1500.673828125
2024-08-09T23:10:00Z,San Diego Padres,1563.3004150390625
2024-08-10T00:10:00Z,Minnesota Twins,1514.0723876953125
2024-08-10T00:10:00Z,Cleveland Guardians,1476.8311767578125
2024-08-10T00:10:00Z,Kansas City Royals,1474.40380859375
2024-08-10T00:10:00Z,St. Louis Cardinals,1511.6982421875
2024-08-10T00:10:00Z,Chicago White Sox,1437.2967529296875
2024-08-10T00:10:00Z,Chicago Cubs,1530.447265625
2024-08-10T00:10:00Z,Milwaukee Brewers,1535.509521484375
2024-08-10T00:10:00Z,Cincinnati Reds,1518.2869873046875
2024-08-10T00:40:00Z,Colorado Rockies,1486.518798828125
2024-08-10T00:40:00Z,Atlanta Braves,1452.6541748046875
2024-08-10T01:40:00Z,Arizona Diamondbacks,1547.9957275390625
2024-08-10T01:40:00Z,Philadelphia Phillies,1528.5643310546875
2024-08-10T02:10:00Z,Los Angeles Dodgers,1498.27978515625
2024-08-10T02:10:00Z,Pittsburgh Pirates,1477.33935546875
2024-08-10T02:10:00Z,Seattle Mariners,1483.2972412109375
2024-08-10T02:10:00Z,New York Mets,1496.0699462890625
2024-08-10T02:15:00Z,San Francisco Giants,1538.90771484375
2024-08-10T02:15:00Z,Detroit Tigers,1449.6834716796875
2024-08-10T17:05:00Z,New York Yankees,1490.0816650390625
2024-08-10T17:05:00Z,Texas Rangers,1446.9827880859375
2024-08-10T17:10:00Z,New York Yankees,1460.60888671875
2024-08-10T17:10:00Z,Texas Rangers,1476.45556640625
2024-08-10T19:07:00Z,Toronto Blue Jays,1498.8509521484375
2024-08-10T19:07:00Z,Oakland Athletics,1495.158203125
2024-08-10T20:05:00Z,San Francisco Giants,1539.232421875
2024-08-10T20:05:00Z,Detroit Tigers,1449.3587646484375
2024-08-10T20:10:00Z,Boston Red Sox,1469.801025390625
2024-08-10T20:10:00Z,Houston Astros,1523.4744873046875
2024-08-10T20:10:00Z,Miami Marlins,1498.0426025390625
2024-08-10T20:10:00Z,San Diego Padres,1565.931640625
2024-08-10T22:45:00Z,Washington Nationals,1522.567138671875
2024-08-10T22:45:00Z,Los Angeles Angels,1494.9959716796875
2024-08-10T23:10:00Z,Kansas City Royals,1499.254638671875
2024-08-10T23:10:00Z,St. Louis Cardinals,1486.847412109375
2024-08-10T23:10:00Z,Minnesota Twins,1485.3031005859375
2024-08-10T23:10:00Z,Cleveland Guardians,1505.6004638671875
2024-08-10T23:10:00Z,Milwaukee Brewers,1542.5548095703125
2024-08-10T23:10:00Z,Cincinnati Reds,1511.24169921875
2024-08-10T23:15:00Z,Tampa Bay Rays,1491.97265625
2024-08-10T23:15:00Z,Baltimore Orioles,1544.283935546875
2024-08-10T23:15:00Z,Chicago White Sox,1436.60888671875
2024-08-10T23:15:00Z,Chicago Cubs,1531.1351318359375
2024-08-11T00:10:00Z,Arizona Diamondbacks,1554.498046875
2024-08-11T00:10:00Z,Philadelphia Phillies,1522.06201171875
2024-08-11T00:10:00Z,Colorado Rockies,1458.2301025390625
2024-08-11T00:10:00Z,Atlanta Braves,1480.94287109375
2024-08-11T01:10:00Z,Los Angeles Dodgers,1504.4295654296875
2024-08-11T01:10:00Z,Pittsburgh Pirates,1471.1895751953125
2024-08-11T01:40:00Z,Seattle Mariners,1500.229248046875
2024-08-11T01:40:00Z,New York Mets,1479.137939453125
2024-08-11T15:35:00Z,Washington Nationals,1495.3399658203125
2024-08-11T15:35:00Z,Los Angeles Angels,1522.22314453125
2024-08-11T17:35:00Z,Boston Red Sox,1465.9871826171875
2024-08-11T17:35:00Z,Houston Astros,1527.288330078125
2024-08-11T17:35:00Z,New York Yankees,1478.6630859375
2024-08-11T17:35:00Z,Texas Rangers,1458.4013671875
2024-08-11T17:37:00Z,Toronto Blue Jays,1477.8870849609375
2024-08-11T17:37:00Z,Oakland Athletics,1516.1220703125
2024-08-11T17:40:00Z,Tampa Bay Rays,1519.9429931640625
2024-08-11T17:40:00Z,Baltimore Orioles,1516.3135986328125
2024-08-11T17:40:00Z,Miami Marlins,1527.9404296875
2024-08-11T17:40:00Z,San Diego Padres,1536.0338134765625
2024-08-11T18:10:00Z,Minnesota Twins,1472.9434814453125
2024-08-11T18:10:00Z,Cleveland Guardians,1517.9600830078125
2024-08-11T18:10:00Z,Milwaukee Brewers,1514.6693115234375
2024-08-11T18:10:00Z,Cincinnati Reds,1539.127197265625
2024-08-11T19:10:00Z,Colorado Rockies,1478.702880859375
2024-08-11T19:10:00Z,Atlanta Braves,1460.4700927734375
2024-08-11T20:05:00Z,San Francisco Giants,1507.547607421875
2024-08-11T20:05:00Z,Detroit Tigers,1481.0435791015625
2024-08-11T20:10:00Z,Los Angeles Dodgers,1508.2362060546875
2024-08-11T20:10:00Z,Pittsburgh Pirates,1467.3829345703125
2024-08-11T20:10:00Z,Arizona Diamondbacks,1558.4306640625
2024-08-11T20:10:00Z,Philadelphia Phillies,1518.12939453125
2024-08-11T23:10:00Z,Seattle Mariners,1506.344482421875
2024-08-11T23:10:00Z,New York Mets,1473.022705078125
2024-08-12T22:40:00Z,Cleveland Guardians,1535.039794921875
2024-08-12T22:40:00Z,Chicago Cubs,1514.055419921875
2024-08-12T22:40:00Z,Cincinnati Reds,1540.8294677734375
2024-08-12T22:40:00Z,St. Louis Cardinals,1485.1451416015625
2024-08-12T22:50:00Z,Tampa Bay Rays,1502.878173828125
2024-08-12T22:50:00Z,Houston Astros,1544.3531494140625
2024-08-12T23:10:00Z,Boston Red Sox,1475.7655029296875
2024-08-12T23:10:00Z,Texas Rangers,1448.623046875
2024-08-12T23:40:00Z,Minnesota Twins,1494.6080322265625
2024-08-12T23:40:00Z,Kansas City Royals,1477.590087890625
2024-08-13T00:10:00Z,Chicago White Sox,1462.6029052734375
2024-08-13T00:10:00Z,New York Yankees,1452.6690673828125
2024-08-13T00:10:00Z,Milwaukee Brewers,1492.811767578125
2024-08-13T00:10:00Z,Los Angeles Dodgers,1530.09375
2024-08-13T01:38:00Z,Los Angeles Angels,1492.620849609375
2024-08-13T01:38:00Z,Toronto Blue Jays,1507.4893798828125
2024-08-13T01:40:00Z,Arizona Diamondbacks,1558.9306640625
2024-08-13T01:40:00Z,Colorado Rockies,1478.202880859375
2024-08-13T01:40:00Z,San Diego Padres,1536.85791015625
2024-08-13T01:40:00Z,Pittsburgh Pirates,1466.558837890625
2024-08-13T01:45:00Z,San Francisco Giants,1477.679931640625
2024-08-13T01:45:00Z,Atlanta Braves,1490.3377685546875
2024-08-13T22:35:00Z,Baltimore Orioles,1490.4556884765625
2024-08-13T22:35:00Z,Washington Nationals,1521.1978759765625
2024-08-13T22:40:00Z,Cleveland Guardians,1541.179443359375
2024-08-13T22:40:00Z,Chicago Cubs,1507.915771484375
2024-08-13T22:40:00Z,Detroit Tigers,1502.3800048828125
2024-08-13T22:40:00Z,Seattle Mariners,1485.008056640625
2024-08-13T22:40:00Z,Cincinnati Reds,1542.2960205078125
2024-08-13T22:40:00Z,St. Louis Cardinals,1483.6785888671875
2024-08-13T22:40:00Z,Philadelphia Phillies,1501.9713134765625
2024-08-13T22:40:00Z,Miami Marlins,1544.0985107421875
2024-08-13T22:50:00Z,Tampa Bay Rays,1496.740966796875
2024-08-13T22:50:00Z,Houston Astros,1550.4903564453125
2024-08-13T23:10:00Z,New York Mets,1467.2479248046875
2024-08-13T23:10:00Z,Oakland Athletics,1521.8968505859375
2024-08-13T23:10:00Z,Boston Red Sox,1480.619140625
2024-08-13T23:10:00Z,Texas Rangers,1443.7694091796875
2024-08-13T23:40:00Z,Minnesota Twins,1501.705322265625
2024-08-13T23:40:00Z,Kansas City Royals,1470.4927978515625
2024-08-14T00:10:00Z,Chicago White Sox,1439.6627197265625
2024-08-14T00:10:00Z,New York Yankees,1475.6092529296875
2024-08-14T00:10:00Z,Milwaukee Brewers,1485.659423828125
2024-08-14T00:10:00Z,Los Angeles Dodgers,1537.24609375
2024-08-14T01:38:00Z,Los Angeles Angels,1478.319580078125
2024-08-14T01:38:00Z,Toronto Blue Jays,1521.7906494140625
2024-08-14T01:40:00Z,Arizona Diamondbacks,1559.408447265625
2024-08-14T01:40:00Z,Colorado Rockies,1477.72509765625
2024-08-14T01:40:00Z,San Diego Padres,1537.623291015625
2024-08-14T01:40:00Z,Pittsburgh Pirates,1465.79345703125
2024-08-14T01:45:00Z,San Francisco Giants,1462.56982421875
2024-08-14T01:45:00Z,Atlanta Braves,1505.4478759765625
2024-08-14T17:10:00Z,Minnesota Twins,1473.83642578125
2024-08-14T17:10:00Z,Kansas City Royals,1498.3616943359375
2024-08-14T19:40:00Z,Arizona Diamondbacks,1559.865966796875
2024-08-14T19:40:00Z,Colorado Rockies,1477.267578125
2024-08-14T20:10:00Z,San Diego Padres,1538.337646484375
2024-08-14T20:10:00Z,Pittsburgh Pirates,1465.0791015625
2024-08-14T22:10:00Z,Boston Red Sox,1451.902587890625
2024-08-14T22:10:00Z,Texas Rangers,1472.4859619140625
2024-08-14T22:35:00Z,Baltimore Orioles,1513.4937744140625
2024-08-14T22:35:00Z,Washington Nationals,1498.1597900390625
2024-08-14T22:40:00Z,Cleveland Guardians,1544.982421875
2024-08-14T22:40:00Z,Chicago Cubs,1504.11279296875
2024-08-14T22:40:00Z,Detroit Tigers,1509.3875732421875
2024-08-14T22:40:00Z,Seattle Mariners,1478.00048828125
2024-08-14T22:40:00Z,Cincinnati Reds,1543.584716796875
2024-08-14T22:40:00Z,St. Louis Cardinals,1482.389892578125
2024-08-14T22:40:00Z,Philadelphia Phillies,1527.981689453125
2024-08-14T22:40:00Z,Miami Marlins,1518.088134765625
2024-08-14T22:50:00Z,Tampa Bay Rays,1492.9388427734375
2024-08-14T22:50:00Z,Houston Astros,1554.29248046875
2024-08-14T23:10:00Z,New York Mets,1495.5823974609375
2024-08-14T23:10:00Z,Oakland Athletics,1493.5623779296875
2024-08-15T00:10:00Z,Chicago White Sox,1432.1630859375
2024-08-15T00:10:00Z,New York Yankees,1483.10888671875
2024-08-15T00:10:00Z,Milwaukee Brewers,1513.5107421875
2024-08-15T00:10:00Z,Los Angeles Dodgers,1509.394775390625
2024-08-15T01:38:00Z,Los Angeles Angels,1472.6253662109375
2024-08-15T01:38:00Z,Toronto Blue Jays,1527.48486328125
2024-08-15T01:45:00Z,San Francisco Giants,1456.7467041015625
2024-08-15T01:45:00Z,Atlanta Braves,1511.27099609375
2024-08-15T17:10:00Z,New York Mets,1475.181884765625
2024-08-15T17:10:00Z,Oakland Athletics,1513.962890625
2024-08-15T17:10:00Z,Detroit Tigers,1513.4898681640625
2024-08-15T17:10:00Z,Seattle Mariners,1473.898193359375
2024-08-15T18:10:00Z,Milwaukee Brewers,1524.4063720703125
2024-08-15T18:10:00Z,Los Angeles Dodgers,1498.4991455078125
2024-08-15T19:45:00Z,San Francisco Giants,1485.0625
2024-08-15T19:45:00Z,Atlanta Braves,1482.9552001953125
2024-08-15T22:35:00Z,Baltimore Orioles,1514.6234130859375
2024-08-15T22:35:00Z,Boston Red Sox,1450.77294921875
2024-08-15T22:40:00Z,Philadelphia Phillies,1532.3487548828125
2024-08-15T22:40:00Z,Washington Nationals,1493.792724609375
2024-08-16T00:05:00Z,Texas Rangers,1453.2559814453125
2024-08-16T00:05:00Z,Minnesota Twins,1493.06640625
2024-08-16T18:20:00Z,Chicago Cubs,1524.80859375
2024-08-16T18:20:00Z,Toronto Blue Jays,1506.7890625
2024-08-16T22:40:00Z,Cincinnati Reds,1513.8934326171875
2024-08-16T22:40:00Z,Kansas City Royals,1528.052978515625
2024-08-16T22:40:00Z,Pittsburgh Pirates,1480.5557861328125
2024-08-16T22:40:00Z,Seattle Mariners,1458.4215087890625
2024-08-16T22:40:00Z,Philadelphia Phillies,1535.4078369140625
2024-08-16T22:40:00Z,Washington Nationals,1490.733642578125
2024-08-16T22:40:00Z,Detroit Tigers,1485.7607421875
2024-08-16T22:40:00Z,New York Yankees,1510.8380126953125
2024-08-16T22:50:00Z,Tampa Bay Rays,1522.748046875
2024-08-16T22:50:00Z,Arizona Diamondbacks,1530.0567626953125
2024-08-16T23:05:00Z,Baltimore Orioles,1483.6448974609375
2024-08-16T23:05:00Z,Boston Red Sox,1481.75146484375
2024-08-16T23:10:00Z,New York Mets,1501.364990234375
2024-08-16T23:10:00Z,Miami Marlins,1491.905029296875
2024-08-17T00:05:00Z,Texas Rangers,1446.7294921875
2024-08-17T00:05:00Z,Minnesota Twins,1499.5928955078125
2024-08-17T00:10:00Z,Houston Astros,1522.3643798828125
2024-08-17T00:10:00Z,Chicago White Sox,1464.0911865234375
2024-08-17T00:10:00Z,Milwaukee Brewers,1544.14404296875
2024-08-17T00:10:00Z,Cleveland Guardians,1525.2447509765625
2024-08-17T00:15:00Z,St. Louis Cardinals,1468.5391845703125
2024-08-17T00:15:00Z,Los Angeles Dodgers,1512.349853515625
2024-08-17T00:40:00Z,Colorado Rockies,1506.4580078125
2024-08-17T00:40:00Z,San Diego Padres,1509.147216796875
2024-08-17T01:38:00Z,Los Angeles Angels,1488.658447265625
2024-08-17T01:38:00Z,Atlanta Braves,1466.922119140625
2024-08-17T17:05:00Z,Pittsburgh Pirates,1486.43701171875
2024-08-17T17:05:00Z,Seattle Mariners,1452.540283203125
2024-08-17T17:10:00Z,Detroit Tigers,1507.0238037109375
2024-08-17T17:10:00Z,New York Yankees,1489.574951171875
2024-08-17T18:20:00Z,Chicago Cubs,1531.654296875
2024-08-17T18:20:00Z,Toronto Blue Jays,1499.943359375
2024-08-17T20:10:00Z,Tampa Bay Rays,1537.6697998046875
2024-08-17T20:10:00Z,Arizona Diamondbacks,1515.135009765625
2024-08-17T20:10:00Z,New York Mets,1510.5672607421875
2024-08-17T20:10:00Z,Miami Marlins,1482.7027587890625
2024-08-17T22:05:00Z,Philadelphia Phillies,1537.771240234375
2024-08-17T22:05:00Z,Washington Nationals,1488.3702392578125
2024-08-17T22:40:00Z,Cincinnati Reds,1499.33349609375
2024-08-17T22:40:00Z,Kansas City Royals,1542.6129150390625
2024-08-17T23:05:00Z,Baltimore Orioles,1463.28759765625
2024-08-17T23:05:00Z,Boston Red Sox,1502.1087646484375
2024-08-17T23:05:00Z,Texas Rangers,1442.7884521484375
2024-08-17T23:05:00Z,Minnesota Twins,1503.533935546875
2024-08-17T23:07:00Z,Oakland Athletics,1518.492431640625
2024-08-17T23:07:00Z,San Francisco Giants,1480.532958984375
2024-08-17T23:10:00Z,Houston Astros,1523.6728515625
2024-08-17T23:10:00Z,Chicago White Sox,1462.78271484375
2024-08-17T23:15:00Z,St. Louis Cardinals,1494.9178466796875
2024-08-17T23:15:00Z,Los Angeles Dodgers,1485.97119140625
2024-08-17T23:15:00Z,Milwaukee Brewers,1550.7742919921875
2024-08-17T23:15:00Z,Cleveland Guardians,1518.614501953125
2024-08-18T00:10:00Z,Colorado Rockies,1487.703857421875
2024-08-18T00:10:00Z,San Diego Padres,1527.9013671875
2024-08-18T01:38:00Z,Los Angeles Angels,1462.628173828125
2024-08-18T01:38:00Z,Atlanta Braves,1492.952392578125
2024-08-18T16:05:00Z,New York Mets,1483.2855224609375
2024-08-18T16:05:00Z,Miami Marlins,1509.9844970703125
2024-08-18T17:35:00Z,Baltimore Orioles,1488.521240234375
2024-08-18T17:35:00Z,Boston Red Sox,1476.8751220703125
2024-08-18T17:35:00Z,Pittsburgh Pirates,1458.1434326171875
2024-08-18T17:35:00Z,Seattle Mariners,1480.8338623046875
2024-08-18T17:35:00Z,Philadelphia Phillies,1507.7001953125
2024-08-18T17:35:00Z,Washington Nationals,1518.4412841796875
2024-08-18T17:40:00Z,Cincinnati Reds,1493.597900390625
2024-08-18T17:40:00Z,Kansas City Royals,1548.3485107421875
2024-08-18T17:40:00Z,Tampa Bay Rays,1543.4630126953125
2024-08-18T17:40:00Z,Arizona Diamondbacks,1509.341796875
2024-08-18T18:10:00Z,Houston Astros,1524.838134765625
2024-08-18T18:10:00Z,Chicago White Sox,1461.617431640625
2024-08-18T18:10:00Z,Milwaukee Brewers,1554.7509765625
2024-08-18T18:10:00Z,Cleveland Guardians,1514.6378173828125
2024-08-18T18:15:00Z,St. Louis Cardinals,1472.27587890625
2024-08-18T18:15:00Z,Los Angeles Dodgers,1508.6131591796875
2024-08-18T18:20:00Z,Chicago Cubs,1503.7034912109375
2024-08-18T18:20:00Z,Toronto Blue Jays,1527.8941650390625
2024-08-18T18:35:00Z,Texas Rangers,1471.9403076171875
2024-08-18T18:35:00Z,Minnesota Twins,1474.382080078125
2024-08-18T19:10:00Z,Colorado Rockies,1513.26953125
2024-08-18T19:10:00Z,San Diego Padres,1502.335693359375
2024-08-18T20:07:00Z,Oakland Athletics,1489.62841796875
2024-08-18T20:07:00Z,San Francisco Giants,1509.39697265625
2024-08-18T20:07:00Z,Los Angeles Angels,1453.54150390625
2024-08-18T20:07:00Z,Atlanta Braves,1502.0390625
2024-08-18T23:10:00Z,Detroit Tigers,1514.0120849609375
2024-08-18T23:10:00Z,New York Yankees,1482.586669921875
2024-08-19T22:40:00Z,Miami Marlins,1490.0570068359375
2024-08-19T22:40:00Z,Arizona Diamondbacks,1529.269287109375
2024-08-19T23:07:00Z,Toronto Blue Jays,1499.5406494140625
2024-08-19T23:07:00Z,Cincinnati Reds,1521.951416015625
2024-08-19T23:10:00Z,New York Mets,1497.449951171875
2024-08-19T23:10:00Z,Baltimore Orioles,1474.3568115234375
2024-08-20T00:05:00Z,Texas Rangers,1479.8905029296875
2024-08-20T00:05:00Z,Pittsburgh Pirates,1450.1932373046875
2024-08-20T00:10:00Z,Houston Astros,1526.8907470703125
2024-08-20T00:10:00Z,Boston Red Sox,1474.822509765625
2024-08-20T00:10:00Z,Kansas City Royals,1548.60009765625
2024-08-20T00:10:00Z,Los Angeles Angels,1453.2899169921875
2024-08-20T01:40:00Z,Oakland Athletics,1517.83935546875
2024-08-20T01:40:00Z,Tampa Bay Rays,1515.2520751953125
2024-08-20T01:40:00Z,San Diego Padres,1507.0374755859375
2024-08-20T01:40:00Z,Minnesota Twins,1469.6802978515625
2024-08-20T01:45:00Z,San Francisco Giants,1511.4658203125
2024-08-20T01:45:00Z,Chicago White Sox,1459.548583984375
2024-08-20T02:10:00Z,Los Angeles Dodgers,1513.34716796875
2024-08-20T02:10:00Z,Seattle Mariners,1476.099853515625
2024-08-20T22:40:00Z,Miami Marlins,1483.38623046875
2024-08-20T22:40:00Z,Arizona Diamondbacks,1535.9400634765625
2024-08-20T22:45:00Z,Washington Nationals,1496.9903564453125
2024-08-20T22:45:00Z,Colorado Rockies,1534.720458984375
2024-08-20T23:05:00Z,New York Yankees,1474.0084228515625
2024-08-20T23:05:00Z,Cleveland Guardians,1523.216064453125
2024-08-20T23:07:00Z,Toronto Blue Jays,1519.9107666015625
2024-08-20T23:07:00Z,Cincinnati Reds,1501.581298828125
2024-08-20T23:10:00Z,New York Mets,1471.1221923828125
2024-08-20T23:10:00Z,Baltimore Orioles,1500.6845703125
2024-08-20T23:20:00Z,Atlanta Braves,1516.3583984375
2024-08-20T23:20:00Z,Philadelphia Phillies,1493.380859375
2024-08-20T23:45:00Z,St. Louis Cardinals,1471.1663818359375
2024-08-20T23:45:00Z,Milwaukee Brewers,1555.8604736328125
2024-08-21T00:05:00Z,Chicago Cubs,1519.728759765625
2024-08-21T00:05:00Z,Detroit Tigers,1497.98681640625
2024-08-21T00:05:00Z,Texas Rangers,1452.279296875
2024-08-21T00:05:00Z,Pittsburgh Pirates,1477.804443359375
2024-08-21T00:10:00Z,Houston Astros,1496.6087646484375
2024-08-21T00:10:00Z,Boston Red Sox,1505.1044921875
2024-08-21T00:10:00Z,Kansas City Royals,1516.8460693359375
2024-08-21T00:10:00Z,Los Angeles Angels,1485.0439453125
2024-08-21T01:40:00Z,Oakland Athletics,1497.2464599609375
2024-08-21T01:40:00Z,Tampa Bay Rays,1535.844970703125
2024-08-21T01:40:00Z,San Diego Padres,1510.2528076171875
2024-08-21T01:40:00Z,Minnesota Twins,1466.4649658203125
2024-08-21T01:45:00Z,San Francisco Giants,1513.1951904296875
2024-08-21T01:45:00Z,Chicago White Sox,1457.8192138671875
2024-08-21T02:10:00Z,Los Angeles Dodgers,1516.5771484375
2024-08-21T02:10:00Z,Seattle Mariners,1472.869873046875
2024-08-21T17:10:00Z,New York Mets,1493.8055419921875
2024-08-21T17:10:00Z,Baltimore Orioles,1478.001220703125
2024-08-21T18:10:00Z,Houston Astros,1479.966552734375
2024-08-21T18:10:00Z,Boston Red Sox,1521.7467041015625
2024-08-21T18:35:00Z,Texas Rangers,1473.68896484375
2024-08-21T18:35:00Z,Pittsburgh Pirates,1456.394775390625
2024-08-21T19:45:00Z,San Francisco Giants,1482.6817626953125
2024-08-21T19:45:00Z,Chicago White Sox,1488.3326416015625
2024-08-21T22:40:00Z,San Diego Padres,1480.7071533203125
2024-08-21T22:40:00Z,Minnesota Twins,1496.0106201171875
2024-08-21T22:40:00Z,Miami Marlins,1479.395751953125
2024-08-21T22:40:00Z,Arizona Diamondbacks,1539.9305419921875
2024-08-21T22:45:00Z,Washington Nationals,1521.9520263671875
2024-08-21T22:45:00Z,Colorado Rockies,1509.7587890625
2024-08-21T23:05:00Z,New York Yankees,1501.4478759765625
2024-08-21T23:05:00Z,Cleveland Guardians,1495.776611328125
2024-08-21T23:07:00Z,Toronto Blue Jays,1494.6800537109375
2024-08-21T23:07:00Z,Cincinnati Reds,1526.81201171875
2024-08-21T23:20:00Z,Atlanta Braves,1490.0555419921875
2024-08-21T23:20:00Z,Philadelphia Phillies,1519.6837158203125
2024-08-21T23:45:00Z,St. Louis Cardinals,1502.1612548828125
2024-08-21T23:45:00Z,Milwaukee Brewers,1524.8656005859375
2024-08-22T00:05:00Z,Chicago Cubs,1493.697265625
2024-08-22T00:05:00Z,Detroit Tigers,1524.018310546875
2024-08-22T00:10:00Z,Kansas City Royals,1520.8804931640625
2024-08-22T00:10:00Z,Los Angeles Angels,1481.009521484375
2024-08-22T01:40:00Z,Oakland Athletics,1490.4251708984375
2024-08-22T01:40:00Z,Tampa Bay Rays,1542.666259765625
2024-08-22T02:10:00Z,Los Angeles Dodgers,1519.0399169921875
2024-08-22T02:10:00Z,Seattle Mariners,1470.4071044921875
2024-08-22T17:05:00Z,Washington Nationals,1530.3515625
2024-08-22T17:05:00Z,Colorado Rockies,1501.3592529296875
2024-08-22T17:05:00Z,New York Yankees,1511.8348388671875
2024-08-22T17:05:00Z,Cleveland Guardians,1485.3896484375
2024-08-22T18:15:00Z,St. Louis Cardinals,1522.6312255859375
2024-08-22T18:15:00Z,Milwaukee Brewers,1504.3956298828125
2024-08-22T18:20:00Z,Chicago Cubs,1516.609619140625
2024-08-22T18:20:00Z,Detroit Tigers,1501.10595703125
2024-08-22T19:37:00Z,Oakland Athletics,1518.384033203125
2024-08-22T19:37:00Z,Tampa Bay Rays,1514.7073974609375
2024-08-22T22:40:00Z,Pittsburgh Pirates,1486.5101318359375
2024-08-22T22:40:00Z,Cincinnati Reds,1496.6966552734375
2024-08-22T23:07:00Z,Toronto Blue Jays,1502.6650390625
2024-08-22T23:07:00Z,Los Angeles Angels,1473.0245361328125
2024-08-22T23:08:00Z,Baltimore Orioles,1458.9891357421875
2024-08-22T23:08:00Z,Houston Astros,1498.9786376953125
2024-08-22T23:08:00Z,Atlanta Braves,1512.7589111328125
2024-08-22T23:08:00Z,Philadelphia Phillies,1496.9803466796875
2024-08-23T01:40:00Z,San Diego Padres,1465.7586669921875
2024-08-23T01:40:00Z,New York Mets,1508.7540283203125
2024-08-23T22:40:00Z,Pittsburgh Pirates,1502.490478515625
2024-08-23T22:40:00Z,Cincinnati Reds,1480.71630859375
2024-08-23T23:05:00Z,Baltimore Orioles,1484.50537109375
2024-08-23T23:05:00Z,Houston Astros,1473.46240234375
2024-08-23T23:05:00Z,New York Yankees,1520.7335205078125
2024-08-23T23:05:00Z,Colorado Rockies,1492.4605712890625
2024-08-23T23:07:00Z,Toronto Blue Jays,1507.063720703125
2024-08-23T23:07:00Z,Los Angeles Angels,1468.6258544921875
2024-08-23T23:10:00Z,Boston Red Sox,1508.64111328125
2024-08-23T23:10:00Z,Arizona Diamondbacks,1553.0361328125
2024-08-23T23:10:00Z,Cleveland Guardians,1461.930419921875
2024-08-23T23:10:00Z,Texas Rangers,1497.148193359375
2024-08-23T23:10:00Z,Miami Marlins,1472.2259521484375
2024-08-23T23:10:00Z,Chicago Cubs,1523.7794189453125
2024-08-23T23:20:00Z,Atlanta Braves,1531.442138671875
2024-08-23T23:20:00Z,Washington Nationals,1511.6683349609375
2024-08-24T00:10:00Z,Minnesota Twins,1485.774658203125
2024-08-24T00:10:00Z,St. Louis Cardinals,1532.8671875
2024-08-24T00:10:00Z,Kansas City Royals,1526.38134765625
2024-08-24T00:10:00Z,Philadelphia Phillies,1491.4794921875
2024-08-24T00:10:00Z,Chicago White Sox,1473.264892578125
2024-08-24T00:10:00Z,Detroit Tigers,1516.1737060546875
2024-08-24T01:40:00Z,San Diego Padres,1491.961181640625
2024-08-24T01:40:00Z,New York Mets,1482.551513671875
2024-08-24T01:40:00Z,Oakland Athletics,1494.2816162109375
2024-08-24T01:40:00Z,Milwaukee Brewers,1528.498046875
2024-08-24T02:10:00Z,Seattle Mariners,1487.1561279296875
2024-08-24T02:10:00Z,San Francisco Giants,1465.9327392578125
2024-08-24T02:10:00Z,Los Angeles Dodgers,1529.864013671875
2024-08-24T02:10:00Z,Tampa Bay Rays,1503.88330078125
2024-08-24T18:05:00Z,New York Yankees,1493.3765869140625
2024-08-24T18:05:00Z,Colorado Rockies,1519.8175048828125
2024-08-24T19:07:00Z,Toronto Blue Jays,1510.137939453125
2024-08-24T19:07:00Z,Los Angeles Angels,1465.5516357421875
2024-08-24T20:05:00Z,Baltimore Orioles,1493.2371826171875
2024-08-24T20:05:00Z,Houston Astros,1464.7305908203125
2024-08-24T20:07:00Z,Oakland Athletics,1486.3148193359375
2024-08-24T20:07:00Z,Milwaukee Brewers,1536.46484375
2024-08-24T20:10:00Z,Boston Red Sox,1503.1434326171875
2024-08-24T20:10:00Z,Arizona Diamondbacks,1558.5338134765625
2024-08-24T20:10:00Z,Seattle Mariners,1461.2413330078125
2024-08-24T20:10:00Z,San Francisco Giants,1491.8475341796875
2024-08-24T20:10:00Z,Miami Marlins,1468.07177734375
2024-08-24T20:10:00Z,Chicago Cubs,1527.93359375
2024-08-24T22:40:00Z,Pittsburgh Pirates,1476.4517822265625
2024-08-24T22:40:00Z,Cincinnati Reds,1506.7550048828125
2024-08-24T23:10:00Z,Cleveland Guardians,1486.236328125
2024-08-24T23:10:00Z,Texas Rangers,1472.84228515625
2024-08-24T23:10:00Z,Minnesota Twins,1512.8197021484375
2024-08-24T23:10:00Z,St. Louis Cardinals,1505.8221435546875
2024-08-24T23:10:00Z,Kansas City Royals,1497.938720703125
2024-08-24T23:10:00Z,Philadelphia Phillies,1519.922119140625
2024-08-24T23:10:00Z,Chicago White Sox,1467.448486328125
2024-08-24T23:10:00Z,Detroit Tigers,1521.9901123046875
2024-08-24T23:20:00Z,Atlanta Braves,1537.8631591796875
2024-08-24T23:20:00Z,Washington Nationals,1505.247314453125
2024-08-25T00:40:00Z,San Diego Padres,1469.1785888671875
2024-08-25T00:40:00Z,New York Mets,1505.3341064453125
2024-08-25T01:10:00Z,Los Angeles Dodgers,1502.9420166015625
2024-08-25T01:10:00Z,Tampa Bay Rays,1530.8052978515625
2024-08-25T16:05:00Z,Atlanta Braves,1509.767333984375
2024-08-25T16:05:00Z,Washington Nationals,1533.3431396484375
2024-08-25T17:35:00Z,Boston Red Sox,1499.5872802734375
2024-08-25T17:35:00Z,Arizona Diamondbacks,1562.0899658203125
2024-08-25T17:35:00Z,Pittsburgh Pirates,1499.35888671875
2024-08-25T17:35:00Z,Cincinnati Reds,1483.847900390625
2024-08-25T17:35:00Z,New York Yankees,1515.0830078125
2024-08-25T17:35:00Z,Colorado Rockies,1498.111083984375
2024-08-25T17:37:00Z,Toronto Blue Jays,1512.51025390625
2024-08-25T17:37:00Z,Los Angeles Angels,1463.1793212890625
2024-08-25T17:40:00Z,Cleveland Guardians,1494.2978515625
2024-08-25T17:40:00Z,Texas Rangers,1464.78076171875
2024-08-25T17:40:00Z,Miami Marlins,1497.1163330078125
2024-08-25T17:40:00Z,Chicago Cubs,1498.8890380859375
2024-08-25T18:10:00Z,Minnesota Twins,1490.7828369140625
2024-08-25T18:10:00Z,St. Louis Cardinals,1527.8590087890625
2024-08-25T18:10:00Z,Kansas City Royals,1486.1627197265625
2024-08-25T18:10:00Z,Philadelphia Phillies,1531.6981201171875
2024-08-25T18:10:00Z,Chicago White Sox,1463.766845703125
2024-08-25T18:10:00Z,Detroit Tigers,1525.6717529296875
2024-08-25T20:07:00Z,Oakland Athletics,1513.9212646484375
2024-08-25T20:07:00Z,Milwaukee Brewers,1508.8583984375
2024-08-25T20:10:00Z,San Diego Padres,1493.7340087890625
2024-08-25T20:10:00Z,New York Mets,1480.7786865234375
2024-08-25T20:10:00Z,Seattle Mariners,1484.2388916015625
2024-08-25T20:10:00Z,San Francisco Giants,1468.8499755859375
2024-08-25T20:10:00Z,Los Angeles Dodgers,1525.100341796875
2024-08-25T20:10:00Z,Tampa Bay Rays,1508.64697265625
2024-08-25T23:10:00Z,Baltimore Orioles,1465.8377685546875
2024-08-25T23:10:00Z,Houston Astros,1492.1300048828125
2024-08-26T17:10:00Z,Cleveland Guardians,1471.9051513671875
2024-08-26T17:10:00Z,Kansas City Royals,1508.555419921875
2024-08-26T18:05:00Z,Boston Red Sox,1484.574462890625
2024-08-26T18:05:00Z,Toronto Blue Jays,1527.5230712890625
2024-08-26T22:40:00Z,Cleveland Guardians,1464.5899658203125
2024-08-26T22:40:00Z,Kansas City Royals,1515.87060546875
2024-08-26T22:40:00Z,Pittsburgh Pirates,1479.4913330078125
2024-08-26T22:40:00Z,Chicago Cubs,1518.756591796875
2024-08-26T22:40:00Z,Philadelphia Phillies,1534.630615234375
2024-08-26T22:40:00Z,Houston Astros,1489.197509765625
2024-08-26T22:45:00Z,Washington Nationals,1508.12939453125
2024-08-26T22:45:00Z,New York Yankees,1540.2967529296875
2024-08-26T23:10:00Z,Boston Red Sox,1478.766845703125
2024-08-26T23:10:00Z,Toronto Blue Jays,1533.3306884765625
2024-08-26T23:40:00Z,Minnesota Twins,1477.9615478515625
2024-08-26T23:40:00Z,Atlanta Braves,1522.588623046875
2024-08-26T23:45:00Z,St. Louis Cardinals,1499.5311279296875
2024-08-26T23:45:00Z,San Diego Padres,1522.0618896484375
2024-08-27T00:10:00Z,Chicago White Sox,1461.0543212890625
2024-08-27T00:10:00Z,Detroit Tigers,1528.38427734375
2024-08-27T00:40:00Z,Colorado Rockies,1510.06201171875
2024-08-27T00:40:00Z,Miami Marlins,1485.1654052734375
2024-08-27T01:40:00Z,Seattle Mariners,1505.281005859375
2024-08-27T01:40:00Z,Tampa Bay Rays,1487.6048583984375
2024-08-27T22:40:00Z,Detroit Tigers,1529.345947265625
2024-08-27T22:40:00Z,Los Angeles Angels,1462.2176513671875
2024-08-27T22:40:00Z,Cleveland Guardians,1460.39013671875
2024-08-27T22:40:00Z,Kansas City Royals,1520.0704345703125
2024-08-27T22:40:00Z,Cincinnati Reds,1474.6859130859375
2024-08-27T22:40:00Z,Oakland Athletics,1523.083251953125
2024-08-27T22:40:00Z,Pittsburgh Pirates,1472.8333740234375
2024-08-27T22:40:00Z,Chicago Cubs,1525.41455078125
2024-08-27T22:40:00Z,Philadelphia Phillies,1536.918701171875
2024-08-27T22:40:00Z,Houston Astros,1486.909423828125
2024-08-27T22:45:00Z,Washington Nationals,1531.584716796875
2024-08-27T22:45:00Z,New York Yankees,1516.8414306640625
2024-08-27T23:10:00Z,Boston Red Sox,1507.088623046875
2024-08-27T23:10:00Z,Toronto Blue Jays,1505.0089111328125
2024-08-27T23:40:00Z,Minnesota Twins,1472.5123291015625
2024-08-27T23:40:00Z,Atlanta Braves,1528.037841796875
2024-08-27T23:45:00Z,St. Louis Cardinals,1487.942138671875
2024-08-27T23:45:00Z,San Diego Padres,1533.65087890625
2024-08-28T00:10:00Z,Chicago White Sox,1442.6724853515625
2024-08-28T00:10:00Z,Texas Rangers,1483.16259765625
2024-08-28T00:10:00Z,Milwaukee Brewers,1479.7374267578125
2024-08-28T00:10:00Z,San Francisco Giants,1497.970947265625
2024-08-28T00:40:00Z,Colorado Rockies,1483.35693359375
2024-08-28T00:40:00Z,Miami Marlins,1511.8704833984375
2024-08-28T01:40:00Z,Arizona Diamondbacks,1530.5552978515625
2024-08-28T01:40:00Z,New York Mets,1512.3133544921875
2024-08-28T01:40:00Z,Seattle Mariners,1480.2122802734375
2024-08-28T01:40:00Z,Tampa Bay Rays,1512.673583984375
2024-08-28T02:10:00Z,Los Angeles Dodgers,1494.352783203125
2024-08-28T02:10:00Z,Baltimore Orioles,1496.5853271484375
2024-08-28T16:35:00Z,Pittsburgh Pirates,1468.8472900390625
2024-08-28T16:35:00Z,Chicago Cubs,1529.400634765625
2024-08-28T17:10:00Z,Cleveland Guardians,1489.412109375
2024-08-28T17:10:00Z,Kansas City Royals,1491.0484619140625
2024-08-28T20:05:00Z,Philadelphia Phillies,1506.7974853515625
2024-08-28T20:05:00Z,Houston Astros,1517.0306396484375
2024-08-28T20:10:00Z,Seattle Mariners,1503.752197265625
2024-08-28T20:10:00Z,Tampa Bay Rays,1489.1336669921875
2024-08-28T21:10:00Z,Chicago White Sox,1436.30712890625
2024-08-28T21:10:00Z,Texas Rangers,1489.5279541015625
2024-08-28T22:40:00Z,Detroit Tigers,1530.228271484375
2024-08-28T22:40:00Z,Los Angeles Angels,1461.3353271484375
2024-08-28T22:40:00Z,Cincinnati Reds,1469.9774169921875
2024-08-28T22:40:00Z,Oakland Athletics,1527.791748046875
2024-08-28T22:45:00Z,Washington Nationals,1539.27734375
2024-08-28T22:45:00Z,New York Yankees,1509.1488037109375
2024-08-28T23:10:00Z,Boston Red Sox,1518.6678466796875
2024-08-28T23:10:00Z,Toronto Blue Jays,1493.4296875
2024-08-28T23:40:00Z,Minnesota Twins,1468.975830078125
2024-08-28T23:40:00Z,Atlanta Braves,1531.5743408203125
2024-08-28T23:45:00Z,St. Louis Cardinals,1514.7144775390625
2024-08-28T23:45:00Z,San Diego Padres,1506.8785400390625
2024-08-29T00:10:00Z,Chicago White Sox,1432.4227294921875
2024-08-29T00:10:00Z,Texas Rangers,1493.412353515625
2024-08-29T00:10:00Z,Milwaukee Brewers,1498.6495361328125
2024-08-29T00:10:00Z,San Francisco Giants,1479.058837890625
2024-08-29T00:40:00Z,Colorado Rockies,1505.7181396484375
2024-08-29T00:40:00Z,Miami Marlins,1489.50927734375
2024-08-29T01:40:00Z,Arizona Diamondbacks,1537.3460693359375
2024-08-29T01:40:00Z,New York Mets,1505.5225830078125
2024-08-29T02:10:00Z,Los Angeles Dodgers,1507.4356689453125
2024-08-29T02:10:00Z,Baltimore Orioles,1483.50244140625
2024-08-29T17:10:00Z,Detroit Tigers,1499.04345703125
2024-08-29T17:10:00Z,Los Angeles Angels,1492.5201416015625
2024-08-29T18:10:00Z,Chicago White Sox,1429.6036376953125
2024-08-29T18:10:00Z,Texas Rangers,1496.2314453125
2024-08-29T18:10:00Z,Milwaukee Brewers,1505.114013671875
2024-08-29T18:10:00Z,San Francisco Giants,1472.5943603515625
2024-08-29T18:15:00Z,St. Louis Cardinals,1524.4146728515625
2024-08-29T18:15:00Z,San Diego Padres,1497.1783447265625
2024-08-29T19:10:00Z,Colorado Rockies,1481.0233154296875
2024-08-29T19:10:00Z,Miami Marlins,1514.2041015625
2024-08-29T19:40:00Z,Arizona Diamondbacks,1509.3770751953125
2024-08-29T19:40:00Z,New York Mets,1533.4915771484375
2024-08-29T21:10:00Z,Cincinnati Reds,1498.7591552734375
2024-08-29T21:10:00Z,Oakland Athletics,1499.010009765625
2024-08-29T22:40:00Z,Philadelphia Phillies,1527.961669921875
2024-08-29T22:40:00Z,Atlanta Braves,1510.41015625
2024-08-29T23:10:00Z,Boston Red Sox,1491.8936767578125
2024-08-29T23:10:00Z,Toronto Blue Jays,1520.203857421875
2024-08-30T00:10:00Z,Houston Astros,1522.1083984375
2024-08-30T00:10:00Z,Kansas City Royals,1485.970703125
2024-08-30T02:10:00Z,Los Angeles Dodgers,1512.9295654296875
2024-08-30T02:10:00Z,Baltimore Orioles,1478.008544921875
2024-08-30T16:40:00Z,Cincinnati Reds,1481.3316650390625
2024-08-30T16:40:00Z,Milwaukee Brewers,1522.54150390625
2024-08-30T22:40:00Z,Cincinnati Reds,1475.1336669921875
2024-08-30T22:40:00Z,Milwaukee Brewers,1528.739501953125
2024-08-30T22:40:00Z,Detroit Tigers,1476.9586181640625
2024-08-30T22:40:00Z,Boston Red Sox,1513.978515625
2024-08-30T22:40:00Z,Philadelphia Phillies,1502.924072265625
2024-08-30T22:40:00Z,Atlanta Braves,1535.44775390625
2024-08-30T22:45:00Z,Washington Nationals,1516.354248046875
2024-08-30T22:45:00Z,Chicago Cubs,1552.32373046875
2024-08-30T22:50:00Z,Tampa Bay Rays,1472.3255615234375
2024-08-30T22:50:00Z,San Diego Padres,1513.9864501953125
2024-08-30T23:05:00Z,New York Yankees,1526.9921875
2024-08-30T23:05:00Z,St. Louis Cardinals,1506.5712890625
2024-08-30T23:10:00Z,Cleveland Guardians,1495.648193359375
2024-08-30T23:10:00Z,Pittsburgh Pirates,1462.6112060546875
2024-08-31T00:05:00Z,Texas Rangers,1477.50927734375
2024-08-31T00:05:00Z,Oakland Athletics,1517.732177734375
2024-08-31T00:10:00Z,Houston Astros,1525.48974609375
2024-08-31T00:10:00Z,Kansas City Royals,1482.58935546875
2024-08-31T00:10:00Z,Minnesota Twins,1496.76708984375
2024-08-31T00:10:00Z,Toronto Blue Jays,1492.41259765625
2024-08-31T00:10:00Z,Chicago White Sox,1429.1805419921875
2024-08-31T00:10:00Z,New York Mets,1533.9146728515625
2024-08-31T00:40:00Z,Colorado Rockies,1460.2862548828125
2024-08-31T00:40:00Z,Baltimore Orioles,1498.74560546875
2024-08-31T01:38:00Z,Los Angeles Angels,1476.8856201171875
2024-08-31T01:38:00Z,Seattle Mariners,1519.38671875
2024-08-31T01:40:00Z,Arizona Diamondbacks,1490.9326171875
2024-08-31T01:40:00Z,Los Angeles Dodgers,1531.3740234375
2024-08-31T02:15:00Z,San Francisco Giants,1498.48779296875
2024-08-31T02:15:00Z,Miami Marlins,1488.3106689453125
2024-08-31T17:05:00Z,New York Yankees,1501.26171875
2024-08-31T17:05:00Z,St. Louis Cardinals,1532.3017578125
2024-08-31T20:05:00Z,Washington Nationals,1508.8607177734375
2024-08-31T20:05:00Z,Chicago Cubs,1559.8172607421875
2024-08-31T20:10:00Z,Tampa Bay Rays,1498.230712890625
2024-08-31T20:10:00Z,San Diego Padres,1488.081298828125
2024-08-31T22:10:00Z,Detroit Tigers,1501.739013671875
2024-08-31T22:10:00Z,Boston Red Sox,1489.1981201171875
2024-08-31T22:10:00Z,Cleveland Guardians,1467.486328125
2024-08-31T22:10:00Z,Pittsburgh Pirates,1490.7730712890625
2024-08-31T23:05:00Z,Texas Rangers,1503.0809326171875
2024-08-31T23:05:00Z,Oakland Athletics,1492.1605224609375
2024-08-31T23:10:00Z,Houston Astros,1528.038330078125
2024-08-31T23:10:00Z,Kansas City Royals,1480.040771484375
2024-08-31T23:10:00Z,Minnesota Twins,1475.583984375
2024-08-31T23:10:00Z,Toronto Blue Jays,1513.595703125
2024-08-31T23:10:00Z,Chicago White Sox,1428.7734375
2024-08-31T23:10:00Z,New York Mets,1534.32177734375
2024-08-31T23:15:00Z,Philadelphia Phillies,1526.4818115234375
2024-08-31T23:15:00Z,Atlanta Braves,1511.8900146484375
2024-08-31T23:15:00Z,Cincinnati Reds,1471.309326171875
2024-08-31T23:15:00Z,Milwaukee Brewers,1532.5638427734375
2024-09-01T00:10:00Z,Colorado Rockies,1485.4305419921875
2024-09-01T00:10:00Z,Baltimore Orioles,1473.601318359375
2024-09-01T00:10:00Z,Arizona Diamondbacks,1484.5557861328125
2024-09-01T00:10:00Z,Los Angeles Dodgers,1537.7508544921875
2024-09-01T01:05:00Z,San Francisco Giants,1475.4749755859375
2024-09-01T01:05:00Z,Miami Marlins,1511.323486328125
2024-09-01T01:38:00Z,Los Angeles Angels,1502.9793701171875
2024-09-01T01:38:00Z,Seattle Mariners,1493.29296875
2024-09-01T16:10:00Z,Cincinnati Reds,1500.521484375
2024-09-01T16:10:00Z,Milwaukee Brewers,1503.3516845703125
2024-09-01T17:35:00Z,Washington Nationals,1504.6060791015625
2024-09-01T17:35:00Z,Chicago Cubs,1564.0718994140625
2024-09-01T17:35:00Z,New York Yankees,1492.3880615234375
2024-09-01T17:35:00Z,St. Louis Cardinals,1541.1754150390625
2024-09-01T17:40:00Z,Detroit Tigers,1510.039794921875
2024-09-01T17:40:00Z,Boston Red Sox,1480.8973388671875
2024-09-01T17:40:00Z,Cleveland Guardians,1488.1533203125
2024-09-01T17:40:00Z,Pittsburgh Pirates,1470.1060791015625
2024-09-01T17:40:00Z,Tampa Bay Rays,1475.2261962890625
2024-09-01T17:40:00Z,San Diego Padres,1511.0858154296875
2024-09-01T18:10:00Z,Houston Astros,1530.087890625
2024-09-01T18:10:00Z,Kansas City Royals,1477.9912109375
2024-09-01T18:10:00Z,Minnesota Twins,1500.6165771484375
2024-09-01T18:10:00Z,Toronto Blue Jays,1488.5631103515625
2024-09-01T18:10:00Z,Chicago White Sox,1428.381103515625
2024-09-01T18:10:00Z,New York Mets,1534.714111328125
2024-09-01T18:35:00Z,Texas Rangers,1511.8486328125
2024-09-01T18:35:00Z,Oakland Athletics,1483.392822265625
2024-09-01T19:10:00Z,Colorado Rockies,1461.934326171875
2024-09-01T19:10:00Z,Baltimore Orioles,1497.0975341796875
2024-09-01T20:05:00Z,San Francisco Giants,1467.9493408203125
2024-09-01T20:05:00Z,Miami Marlins,1518.84912109375
2024-09-01T20:07:00Z,Los Angeles Angels,1512.1134033203125
2024-09-01T20:07:00Z,Seattle Mariners,1484.158935546875
2024-09-01T20:10:00Z,Arizona Diamondbacks,1512.667236328125
2024-09-01T20:10:00Z,Los Angeles Dodgers,1509.639404296875
2024-09-01T23:10:00Z,Philadelphia Phillies,1534.2152099609375
2024-09-01T23:10:00Z,Atlanta Braves,1504.1566162109375
2024-09-02T18:10:00Z,Milwaukee Brewers,1528.3370361328125
2024-09-02T18:10:00Z,St. Louis Cardinals,1516.1900634765625
2024-09-02T19:05:00Z,Baltimore Orioles,1497.9193115234375
2024-09-02T19:05:00Z,Chicago White Sox,1427.559326171875
2024-09-02T20:10:00Z,Cincinnati Reds,1523.2060546875
2024-09-02T20:10:00Z,Houston Astros,1507.4033203125
2024-09-02T20:10:00Z,Kansas City Royals,1461.9625244140625
2024-09-02T20:10:00Z,Cleveland Guardians,1504.1820068359375
2024-09-02T20:10:00Z,Arizona Diamondbacks,1491.92578125
2024-09-02T20:10:00Z,Los Angeles Dodgers,1530.380859375
2024-09-02T22:40:00Z,San Diego Padres,1523.01904296875
2024-09-02T22:40:00Z,Detroit Tigers,1498.1065673828125
2024-09-02T22:50:00Z,Tampa Bay Rays,1464.5919189453125
2024-09-02T22:50:00Z,Minnesota Twins,1511.2508544921875
2024-09-02T23:07:00Z,Oakland Athletics,1495.956787109375
2024-09-02T23:07:00Z,Seattle Mariners,1471.594970703125
2024-09-02T23:10:00Z,New York Mets,1536.3057861328125
2024-09-02T23:10:00Z,Boston Red Sox,1479.3056640625
2024-09-02T23:40:00Z,Chicago Cubs,1532.3333740234375
2024-09-02T23:40:00Z,Pittsburgh Pirates,1501.8446044921875
2024-09-03T00:05:00Z,Texas Rangers,1486.343994140625
2024-09-03T00:05:00Z,New York Yankees,1517.8927001953125
2024-09-03T22:35:00Z,Baltimore Orioles,1498.6826171875
2024-09-03T22:35:00Z,Chicago White Sox,1426.7960205078125
2024-09-03T22:40:00Z,Miami Marlins,1494.6771240234375
2024-09-03T22:40:00Z,Washington Nationals,1528.778076171875
2024-09-03T22:50:00Z,Tampa Bay Rays,1491.552734375
2024-09-03T22:50:00Z,Minnesota Twins,1484.2900390625
2024-09-03T23:07:00Z,Toronto Blue Jays,1483.323974609375
2024-09-03T23:07:00Z,Philadelphia Phillies,1539.454345703125
2024-09-03T23:10:00Z,New York Mets,1537.6898193359375
2024-09-03T23:10:00Z,Boston Red Sox,1477.921630859375
2024-09-03T23:20:00Z,Atlanta Braves,1506.7794189453125
2024-09-03T23:20:00Z,Colorado Rockies,1459.3115234375
2024-09-03T23:40:00Z,Kansas City Royals,1455.9935302734375
2024-09-03T23:40:00Z,Cleveland Guardians,1510.1510009765625
2024-09-03T23:40:00Z,Chicago Cubs,1504.5859375
2024-09-03T23:40:00Z,Pittsburgh Pirates,1529.592041015625
2024-09-03T23:40:00Z,Milwaukee Brewers,1504.749755859375
2024-09-03T23:40:00Z,St. Louis Cardinals,1539.77734375
2024-09-04T00:05:00Z,Texas Rangers,1509.6197509765625
2024-09-04T00:05:00Z,New York Yankees,1494.616943359375
2024-09-04T01:38:00Z,Los Angeles Angels,1499.03759765625
2024-09-04T01:38:00Z,Los Angeles Dodgers,1543.4566650390625
2024-09-04T01:40:00Z,Oakland Athletics,1501.3614501953125
2024-09-04T01:40:00Z,Seattle Mariners,1466.1903076171875
2024-09-04T01:45:00Z,San Francisco Giants,1456.8477783203125
2024-09-04T01:45:00Z,Arizona Diamondbacks,1503.02734375
2024-09-04T19:07:00Z,Toronto Blue Jays,1479.8741455078125
2024-09-04T19:07:00Z,Philadelphia Phillies,1542.9041748046875
2024-09-04T22:35:00Z,Baltimore Orioles,1467.395263671875
2024-09-04T22:35:00Z,Chicago White Sox,1458.0833740234375
2024-09-04T22:40:00Z,Cincinnati Reds,1530.6171875
2024-09-04T22:40:00Z,Houston Astros,1499.9921875
2024-09-04T22:40:00Z,Miami Marlins,1518.678466796875
2024-09-04T22:40:00Z,Washington Nationals,1504.7767333984375
2024-09-04T22:50:00Z,Tampa Bay Rays,1501.432373046875
2024-09-04T22:50:00Z,Minnesota Twins,1474.410400390625
2024-09-04T23:10:00Z,New York Mets,1538.91455078125
2024-09-04T23:10:00Z,Boston Red Sox,1476.6968994140625
2024-09-04T23:20:00Z,Atlanta Braves,1508.876220703125
2024-09-04T23:20:00Z,Colorado Rockies,1457.2147216796875
2024-09-04T23:40:00Z,Kansas City Royals,1484.25390625
2024-09-04T23:40:00Z,Cleveland Guardians,1481.890625
2024-09-04T23:40:00Z,Chicago Cubs,1525.8255615234375
2024-09-04T23:40:00Z,Pittsburgh Pirates,1508.3524169921875
2024-09-04T23:40:00Z,Milwaukee Brewers,1497.00439453125
2024-09-04T23:40:00Z,St. Louis Cardinals,1547.522705078125
2024-09-05T00:05:00Z,Texas Rangers,1517.24267578125
2024-09-05T00:05:00Z,New York Yankees,1486.9940185546875
2024-09-05T01:38:00Z,Los Angeles Angels,1525.544921875
2024-09-05T01:38:00Z,Los Angeles Dodgers,1516.9493408203125
2024-09-05T01:40:00Z,San Diego Padres,1528.310791015625
2024-09-05T01:40:00Z,Detroit Tigers,1492.8148193359375
2024-09-05T01:40:00Z,Oakland Athletics,1472.8798828125
2024-09-05T01:40:00Z,Seattle Mariners,1494.671875
2024-09-05T01:45:00Z,San Francisco Giants,1451.7142333984375
2024-09-05T01:45:00Z,Arizona Diamondbacks,1508.160888671875
2024-09-05T17:10:00Z,Cincinnati Reds,1534.8466796875
2024-09-05T17:10:00Z,Houston Astros,1495.7626953125
2024-09-05T17:10:00Z,Tampa Bay Rays,1474.308837890625
2024-09-05T17:10:00Z,Minnesota Twins,1501.533935546875
2024-09-05T19:37:00Z,Oakland Athletics,1461.0382080078125
2024-09-05T19:37:00Z,Seattle Mariners,1506.5135498046875
2024-09-05T19:45:00Z,San Francisco Giants,1480.3089599609375
2024-09-05T19:45:00Z,Arizona Diamondbacks,1479.566162109375
2024-09-05T22:40:00Z,Pittsburgh Pirates,1519.4276123046875
2024-09-05T22:40:00Z,Washington Nationals,1493.7015380859375
2024-09-05T22:40:00Z,Miami Marlins,1507.659912109375
2024-09-05T22:40:00Z,Philadelphia Phillies,1553.9227294921875
2024-09-05T23:20:00Z,Atlanta Braves,1478.6248779296875
2024-09-05T23:20:00Z,Colorado Rockies,1487.466064453125
2024-09-06T00:05:00Z,Texas Rangers,1532.529296875
2024-09-06T00:05:00Z,Los Angeles Angels,1510.25830078125
2024-09-06T00:40:00Z,San Diego Padres,1499.7825927734375
2024-09-06T00:40:00Z,Detroit Tigers,1521.343017578125
2024-09-06T18:20:00Z,Chicago Cubs,1496.8497314453125
2024-09-06T18:20:00Z,New York Yankees,1515.9698486328125
2024-09-06T22:10:00Z,Milwaukee Brewers,1474.1829833984375
2024-09-06T22:10:00Z,Colorado Rockies,1510.2874755859375
2024-09-06T23:05:00Z,Baltimore Orioles,1482.172119140625
2024-09-06T23:05:00Z,Tampa Bay Rays,1459.531982421875
2024-09-06T23:10:00Z,New York Mets,1549.826171875
2024-09-06T23:10:00Z,Cincinnati Reds,1523.93505859375
2024-09-06T23:10:00Z,Boston Red Sox,1483.3966064453125
2024-09-06T23:10:00Z,Chicago White Sox,1451.3836669921875
2024-09-06T23:10:00Z,Miami Marlins,1502.5428466796875
2024-09-06T23:10:00Z,Philadelphia Phillies,1559.039794921875
2024-09-06T23:20:00Z,Atlanta Braves,1491.359130859375
2024-09-06T23:20:00Z,Toronto Blue Jays,1467.139892578125
2024-09-07T00:05:00Z,Texas Rangers,1506.38037109375
2024-09-07T00:05:00Z,Los Angeles Angels,1536.4072265625
2024-09-07T00:10:00Z,Houston Astros,1503.071044921875
2024-09-07T00:10:00Z,Arizona Diamondbacks,1472.2578125
2024-09-07T00:10:00Z,Kansas City Royals,1502.8250732421875
2024-09-07T00:10:00Z,Minnesota Twins,1482.9627685546875
2024-09-07T00:15:00Z,St. Louis Cardinals,1518.283203125
2024-09-07T00:15:00Z,Seattle Mariners,1535.7530517578125
2024-09-07T01:40:00Z,Oakland Athletics,1490.136962890625
2024-09-07T01:40:00Z,Detroit Tigers,1492.2442626953125
2024-09-07T01:40:00Z,San Diego Padres,1506.27490234375
2024-09-07T01:40:00Z,San Francisco Giants,1473.816650390625
2024-09-07T02:10:00Z,Los Angeles Dodgers,1488.4840087890625
2024-09-07T02:10:00Z,Cleveland Guardians,1510.35595703125
2024-09-07T17:35:00Z,Pittsburgh Pirates,1492.555908203125
2024-09-07T17:35:00Z,Washington Nationals,1520.5732421875
2024-09-07T18:20:00Z,Chicago Cubs,1484.076416015625
2024-09-07T18:20:00Z,New York Yankees,1528.7431640625
2024-09-07T20:05:00Z,Baltimore Orioles,1455.9423828125
2024-09-07T20:05:00Z,Tampa Bay Rays,1485.76171875
2024-09-07T20:07:00Z,Oakland Athletics,1471.17529296875
2024-09-07T20:07:00Z,Detroit Tigers,1511.2059326171875
2024-09-07T20:10:00Z,Houston Astros,1507.268798828125
2024-09-07T20:10:00Z,Arizona Diamondbacks,1468.06005859375
2024-09-07T20:10:00Z,New York Mets,1554.921875
2024-09-07T20:10:00Z,Cincinnati Reds,1518.83935546875
2024-09-07T20:10:00Z,Miami Marlins,1531.1446533203125
2024-09-07T20:10:00Z,Philadelphia Phillies,1530.43798828125
2024-09-07T22:40:00Z,Pittsburgh Pirates,1482.762451171875
2024-09-07T22:40:00Z,Washington Nationals,1530.36669921875
2024-09-07T23:05:00Z,Texas Rangers,1529.204345703125
2024-09-07T23:05:00Z,Los Angeles Angels,1513.583251953125
2024-09-07T23:10:00Z,Milwaukee Brewers,1498.7249755859375
2024-09-07T23:10:00Z,Colorado Rockies,1485.7454833984375
2024-09-07T23:15:00Z,St. Louis Cardinals,1536.9224853515625
2024-09-07T23:15:00Z,Seattle Mariners,1517.11376953125
2024-09-07T23:15:00Z,Kansas City Royals,1509.2252197265625
2024-09-07T23:15:00Z,Minnesota Twins,1476.5626220703125
2024-09-07T23:15:00Z,Boston Red Sox,1487.39697265625
2024-09-07T23:15:00Z,Chicago White Sox,1447.38330078125
2024-09-07T23:20:00Z,Atlanta Braves,1464.7933349609375
2024-09-07T23:20:00Z,Toronto Blue Jays,1493.7056884765625
2024-09-08T00:40:00Z,San Diego Padres,1478.2039794921875
2024-09-08T00:40:00Z,San Francisco Giants,1501.8875732421875
2024-09-08T01:10:00Z,Los Angeles Dodgers,1508.6697998046875
2024-09-08T01:10:00Z,Cleveland Guardians,1490.170166015625
2024-09-08T16:05:00Z,Baltimore Orioles,1446.7037353515625
2024-09-08T16:05:00Z,Tampa Bay Rays,1495.0003662109375
2024-09-08T17:35:00Z,Pittsburgh Pirates,1509.9053955078125
2024-09-08T17:35:00Z,Washington Nationals,1503.2237548828125
2024-09-08T17:35:00Z,Atlanta Braves,1487.2777099609375
2024-09-08T17:35:00Z,Toronto Blue Jays,1471.2213134765625
2024-09-08T17:35:00Z,Boston Red Sox,1458.2752685546875
2024-09-08T17:35:00Z,Chicago White Sox,1476.5050048828125
2024-09-08T17:40:00Z,New York Mets,1526.3109130859375
2024-09-08T17:40:00Z,Cincinnati Reds,1547.4503173828125
2024-09-08T17:40:00Z,Miami Marlins,1543.195068359375
2024-09-08T17:40:00Z,Philadelphia Phillies,1518.3875732421875
2024-09-08T18:10:00Z,Kansas City Royals,1513.1219482421875
2024-09-08T18:10:00Z,Minnesota Twins,1472.6658935546875
2024-09-08T18:10:00Z,Milwaukee Brewers,1474.902099609375
2024-09-08T18:10:00Z,Colorado Rockies,1509.568359375
2024-09-08T18:15:00Z,St. Louis Cardinals,1511.3353271484375
2024-09-08T18:15:00Z,Seattle Mariners,1542.700927734375
2024-09-08T18:20:00Z,Chicago Cubs,1510.635498046875
2024-09-08T18:20:00Z,New York Yankees,1502.18408203125
2024-09-08T18:35:00Z,Texas Rangers,1536.6632080078125
2024-09-08T18:35:00Z,Los Angeles Angels,1506.1243896484375
2024-09-08T20:07:00Z,Oakland Athletics,1464.7012939453125
2024-09-08T20:07:00Z,Detroit Tigers,1517.679931640625
2024-09-08T20:10:00Z,Los Angeles Dodgers,1515.3973388671875
2024-09-08T20:10:00Z,Cleveland Guardians,1483.442626953125
2024-09-08T20:10:00Z,San Diego Padres,1467.00439453125
2024-09-08T20:10:00Z,San Francisco Giants,1513.087158203125
2024-09-08T23:10:00Z,Houston Astros,1478.2457275390625
2024-09-08T23:10:00Z,Arizona Diamondbacks,1497.0831298828125
2024-09-09T22:40:00Z,Philadelphia Phillies,1523.996826171875
2024-09-09T22:40:00Z,Tampa Bay Rays,1489.39111328125
2024-09-09T22:40:00Z,Atlanta Braves,1484.3603515625
2024-09-09T22:40:00Z,Cincinnati Reds,1550.36767578125
2024-09-09T22:40:00Z,Pittsburgh Pirates,1533.6805419921875
2024-09-09T22:40:00Z,Miami Marlins,1519.419921875
2024-09-09T23:05:00Z,New York Yankees,1518.441162109375
2024-09-09T23:05:00Z,Kansas City Royals,1496.8648681640625
2024-09-09T23:07:00Z,Toronto Blue Jays,1467.62109375
2024-09-09T23:07:00Z,New York Mets,1529.9111328125
2024-09-09T23:10:00Z,Boston Red Sox,1466.8533935546875
2024-09-09T23:10:00Z,Baltimore Orioles,1438.1256103515625
2024-09-09T23:40:00Z,Minnesota Twins,1464.4884033203125
2024-09-09T23:40:00Z,Los Angeles Angels,1514.3018798828125
2024-09-09T23:40:00Z,Chicago White Sox,1459.2906494140625
2024-09-09T23:40:00Z,Cleveland Guardians,1500.656982421875
2024-09-10T02:10:00Z,Los Angeles Dodgers,1494.080322265625
2024-09-10T02:10:00Z,Chicago Cubs,1531.9525146484375
2024-09-10T22:40:00Z,Detroit Tigers,1527.2945556640625
2024-09-10T22:40:00Z,Colorado Rockies,1499.9537353515625
2024-09-10T22:40:00Z,Philadelphia Phillies,1527.5975341796875
2024-09-10T22:40:00Z,Tampa Bay Rays,1485.7904052734375
2024-09-10T22:40:00Z,Pittsburgh Pirates,1541.5037841796875
2024-09-10T22:40:00Z,Miami Marlins,1511.5966796875
2024-09-10T22:45:00Z,Washington Nationals,1477.8626708984375
2024-09-10T22:45:00Z,Atlanta Braves,1509.721435546875
2024-09-10T23:05:00Z,New York Yankees,1492.44677734375
2024-09-10T23:05:00Z,Kansas City Royals,1522.8592529296875
2024-09-10T23:07:00Z,Toronto Blue Jays,1496.9522705078125
2024-09-10T23:07:00Z,New York Mets,1500.5799560546875
2024-09-10T23:10:00Z,Boston Red Sox,1439.4139404296875
2024-09-10T23:10:00Z,Baltimore Orioles,1465.5650634765625
2024-09-10T23:40:00Z,Minnesota Twins,1492.035888671875
2024-09-10T23:40:00Z,Los Angeles Angels,1486.75439453125
2024-09-10T23:40:00Z,Chicago White Sox,1453.1285400390625
2024-09-10T23:40:00Z,Cleveland Guardians,1506.819091796875
2024-09-10T23:45:00Z,St. Louis Cardinals,1504.6207275390625
2024-09-10T23:45:00Z,Cincinnati Reds,1557.082275390625
2024-09-11T00:10:00Z,Houston Astros,1454.2655029296875
2024-09-11T00:10:00Z,Oakland Athletics,1488.6815185546875
2024-09-11T01:40:00Z,Seattle Mariners,1511.301025390625
2024-09-11T01:40:00Z,San Diego Padres,1498.404296875
2024-09-11T01:40:00Z,Arizona Diamondbacks,1522.5013427734375
2024-09-11T01:40:00Z,Texas Rangers,1511.2449951171875
2024-09-11T01:45:00Z,San Francisco Giants,1484.19384765625
2024-09-11T01:45:00Z,Milwaukee Brewers,1503.79541015625
2024-09-11T02:10:00Z,Los Angeles Dodgers,1487.077880859375
2024-09-11T02:10:00Z,Chicago Cubs,1538.9549560546875
2024-09-11T16:35:00Z,Pittsburgh Pirates,1545.8560791015625
2024-09-11T16:35:00Z,Miami Marlins,1507.244384765625
2024-09-11T18:10:00Z,Chicago White Sox,1449.3172607421875
2024-09-11T18:10:00Z,Cleveland Guardians,1510.63037109375
2024-09-11T19:07:00Z,Toronto Blue Jays,1478.534912109375
2024-09-11T19:07:00Z,New York Mets,1518.997314453125
2024-09-11T19:40:00Z,Arizona Diamondbacks,1531.1708984375
2024-09-11T19:40:00Z,Texas Rangers,1502.575439453125
2024-09-11T22:40:00Z,Detroit Tigers,1532.110595703125
2024-09-11T22:40:00Z,Colorado Rockies,1495.1376953125
2024-09-11T22:40:00Z,Philadelphia Phillies,1530.2667236328125
2024-09-11T22:40:00Z,Tampa Bay Rays,1483.1212158203125
2024-09-11T22:45:00Z,Washington Nationals,1501.228759765625
2024-09-11T22:45:00Z,Atlanta Braves,1486.3553466796875
2024-09-11T23:05:00Z,New York Yankees,1515.3865966796875
2024-09-11T23:05:00Z,Kansas City Royals,1499.91943359375
2024-09-11T23:10:00Z,Boston Red Sox,1461.02685546875
2024-09-11T23:10:00Z,Baltimore Orioles,1443.9521484375
2024-09-11T23:10:00Z,Minnesota Twins,1502.5491943359375
2024-09-11T23:10:00Z,Los Angeles Angels,1476.2410888671875
2024-09-11T23:45:00Z,St. Louis Cardinals,1532.6153564453125
2024-09-11T23:45:00Z,Cincinnati Reds,1529.087646484375
2024-09-12T00:10:00Z,Houston Astros,1446.3536376953125
2024-09-12T00:10:00Z,Oakland Athletics,1496.5933837890625
2024-09-12T01:40:00Z,Seattle Mariners,1519.50146484375
2024-09-12T01:40:00Z,San Diego Padres,1490.203857421875
2024-09-12T01:45:00Z,San Francisco Giants,1503.59033203125
2024-09-12T01:45:00Z,Milwaukee Brewers,1484.39892578125
2024-09-12T02:10:00Z,Los Angeles Dodgers,1514.977294921875
2024-09-12T02:10:00Z,Chicago Cubs,1511.0556640625
2024-09-12T17:10:00Z,Detroit Tigers,1503.37744140625
2024-09-12T17:10:00Z,Colorado Rockies,1523.870849609375
2024-09-12T17:15:00Z,St. Louis Cardinals,1543.70654296875
2024-09-12T17:15:00Z,Cincinnati Reds,1517.9964599609375
2024-09-12T18:10:00Z,Houston Astros,1473.975830078125
2024-09-12T18:10:00Z,Oakland Athletics,1468.97119140625
2024-09-12T22:45:00Z,Washington Nationals,1483.6773681640625
2024-09-12T22:45:00Z,Miami Marlins,1524.7957763671875
2024-09-12T23:15:00Z,Cleveland Guardians,1483.414794921875
2024-09-12T23:15:00Z,Tampa Bay Rays,1510.3367919921875
2024-09-12T23:15:00Z,New York Yankees,1516.94091796875
2024-09-12T23:15:00Z,Boston Red Sox,1459.4725341796875
2024-09-13T01:40:00Z,Seattle Mariners,1494.6220703125
2024-09-13T01:40:00Z,Texas Rangers,1527.454833984375
2024-09-13T01:45:00Z,San Francisco Giants,1478.150146484375
2024-09-13T01:45:00Z,Milwaukee Brewers,1509.839111328125
2024-09-13T22:40:00Z,Detroit Tigers,1504.620849609375
2024-09-13T22:40:00Z,Baltimore Orioles,1442.708740234375
2024-09-13T22:40:00Z,Pittsburgh Pirates,1516.0953369140625
2024-09-13T22:40:00Z,Kansas City Royals,1529.68017578125
2024-09-13T22:40:00Z,Philadelphia Phillies,1506.9324951171875
2024-09-13T22:40:00Z,New York Mets,1542.33154296875
2024-09-13T22:45:00Z,Washington Nationals,1509.458251953125
2024-09-13T22:45:00Z,Miami Marlins,1499.014892578125
2024-09-13T23:05:00Z,New York Yankees,1518.296630859375
2024-09-13T23:05:00Z,Boston Red Sox,1458.1168212890625
2024-09-13T23:07:00Z,Toronto Blue Jays,1508.1732177734375
2024-09-13T23:07:00Z,St. Louis Cardinals,1514.0682373046875
2024-09-13T23:10:00Z,Cleveland Guardians,1473.2752685546875
2024-09-13T23:10:00Z,Tampa Bay Rays,1520.476318359375
2024-09-13T23:20:00Z,Atlanta Braves,1508.7501220703125
2024-09-13T23:20:00Z,Los Angeles Dodgers,1492.58251953125
2024-09-13T23:40:00Z,Chicago White Sox,1436.732177734375
2024-09-13T23:40:00Z,Oakland Athletics,1481.5562744140625
2024-09-14T00:10:00Z,Minnesota Twins,1488.45849609375
2024-09-14T00:10:00Z,Cincinnati Reds,1532.087158203125
2024-09-14T00:40:00Z,Colorado Rockies,1532.0941162109375
2024-09-14T00:40:00Z,Chicago Cubs,1502.8323974609375
2024-09-14T01:38:00Z,Los Angeles Angels,1455.7572021484375
2024-09-14T01:38:00Z,Houston Astros,1494.459716796875
2024-09-14T01:40:00Z,Arizona Diamondbacks,1505.2315673828125
2024-09-14T01:40:00Z,Milwaukee Brewers,1535.7784423828125
2024-09-14T02:10:00Z,Seattle Mariners,1518.2679443359375
2024-09-14T02:10:00Z,Texas Rangers,1503.8089599609375
2024-09-14T02:15:00Z,San Francisco Giants,1462.8179931640625
2024-09-14T02:15:00Z,San Diego Padres,1505.5360107421875
2024-09-14T17:05:00Z,Pittsburgh Pirates,1501.3251953125
2024-09-14T17:05:00Z,Kansas City Royals,1544.4503173828125
2024-09-14T17:05:00Z,New York Yankees,1487.499267578125
2024-09-14T17:05:00Z,Boston Red Sox,1488.9141845703125
2024-09-14T19:07:00Z,Toronto Blue Jays,1522.5777587890625
2024-09-14T19:07:00Z,St. Louis Cardinals,1499.6636962890625
2024-09-14T20:05:00Z,Philadelphia Phillies,1531.287109375
2024-09-14T20:05:00Z,New York Mets,1517.9769287109375
2024-09-14T20:05:00Z,Washington Nationals,1518.366455078125
2024-09-14T20:05:00Z,Miami Marlins,1490.106689453125
2024-09-14T22:10:00Z,Detroit Tigers,1473.7344970703125
2024-09-14T22:10:00Z,Baltimore Orioles,1473.5950927734375
2024-09-14T22:10:00Z,Cleveland Guardians,1500.3411865234375
2024-09-14T22:10:00Z,Tampa Bay Rays,1493.410400390625
2024-09-14T23:10:00Z,Minnesota Twins,1482.7982177734375
2024-09-14T23:10:00Z,Cincinnati Reds,1537.7474365234375
2024-09-14T23:10:00Z,Chicago White Sox,1463.3238525390625
2024-09-14T23:10:00Z,Oakland Athletics,1454.964599609375
2024-09-14T23:20:00Z,Atlanta Braves,1516.0660400390625
2024-09-14T23:20:00Z,Los Angeles Dodgers,1485.2666015625
2024-09-15T00:10:00Z,Colorado Rockies,1536.559326171875
2024-09-15T00:10:00Z,Chicago Cubs,1498.3671875
2024-09-15T00:10:00Z,Arizona Diamondbacks,1496.21142578125
2024-09-15T00:10:00Z,Milwaukee Brewers,1544.798583984375
2024-09-15T01:05:00Z,San Francisco Giants,1456.959716796875
2024-09-15T01:05:00Z,San Diego Padres,1511.394287109375
2024-09-15T01:38:00Z,Los Angeles Angels,1448.961669921875
2024-09-15T01:38:00Z,Houston Astros,1501.2552490234375
2024-09-15T01:40:00Z,Seattle Mariners,1526.037353515625
2024-09-15T01:40:00Z,Texas Rangers,1496.03955078125
2024-09-15T16:10:00Z,Detroit Tigers,1485.9818115234375
2024-09-15T16:10:00Z,Baltimore Orioles,1461.3477783203125
2024-09-15T17:05:00Z,Minnesota Twins,1511.1773681640625
2024-09-15T17:05:00Z,Cincinnati Reds,1509.3682861328125
2024-09-15T17:35:00Z,Pittsburgh Pirates,1527.5560302734375
2024-09-15T17:35:00Z,Kansas City Royals,1518.219482421875
2024-09-15T17:35:00Z,Philadelphia Phillies,1539.3719482421875
2024-09-15T17:35:00Z,New York Mets,1509.89208984375
2024-09-15T17:35:00Z,Washington Nationals,1523.011962890625
2024-09-15T17:35:00Z,Miami Marlins,1485.461181640625
2024-09-15T17:35:00Z,New York Yankees,1500.2919921875
2024-09-15T17:35:00Z,Boston Red Sox,1476.1214599609375
2024-09-15T17:37:00Z,Toronto Blue Jays,1528.28857421875
2024-09-15T17:37:00Z,St. Louis Cardinals,1493.952880859375
2024-09-15T17:40:00Z,Cleveland Guardians,1510.325439453125
2024-09-15T17:40:00Z,Tampa Bay Rays,1483.4261474609375
2024-09-15T18:10:00Z,Chicago White Sox,1472.8619384765625
2024-09-15T18:10:00Z,Oakland Athletics,1445.426513671875
2024-09-15T19:10:00Z,Colorado Rockies,1507.6650390625
2024-09-15T19:10:00Z,Chicago Cubs,1527.261474609375
2024-09-15T20:05:00Z,San Francisco Giants,1453.2620849609375
2024-09-15T20:05:00Z,San Diego Padres,1515.0919189453125
2024-09-15T20:07:00Z,Los Angeles Angels,1444.9290771484375
2024-09-15T20:07:00Z,Houston Astros,1505.287841796875
2024-09-15T20:10:00Z,Seattle Mariners,1530.3739013671875
2024-09-15T20:10:00Z,Texas Rangers,1491.7030029296875
2024-09-15T20:10:00Z,Arizona Diamondbacks,1523.5379638671875
2024-09-15T20:10:00Z,Milwaukee Brewers,1517.4720458984375
2024-09-15T23:10:00Z,Atlanta Braves,1488.26611328125
2024-09-15T23:10:00Z,Los Angeles Dodgers,1513.0665283203125
2024-09-16T22:40:00Z,Cleveland Guardians,1522.919677734375
2024-09-16T22:40:00Z,Minnesota Twins,1498.5831298828125
2024-09-16T23:10:00Z,New York Mets,1526.9515380859375
2024-09-16T23:10:00Z,Washington Nationals,1505.9525146484375
2024-09-16T23:20:00Z,Atlanta Braves,1477.43798828125
2024-09-16T23:20:00Z,Los Angeles Dodgers,1523.8946533203125
2024-09-16T23:40:00Z,Kansas City Royals,1490.1837158203125
2024-09-16T23:40:00Z,Detroit Tigers,1514.017578125
2024-09-16T23:40:00Z,Chicago Cubs,1527.7158203125
2024-09-16T23:40:00Z,Oakland Athletics,1444.97216796875
2024-09-16T23:40:00Z,Milwaukee Brewers,1537.6673583984375
2024-09-16T23:40:00Z,Philadelphia Phillies,1519.1766357421875
2024-09-16T23:45:00Z,St. Louis Cardinals,1517.81591796875
2024-09-16T23:45:00Z,Pittsburgh Pirates,1503.6929931640625
2024-09-17T00:40:00Z,Colorado Rockies,1525.728759765625
2024-09-17T00:40:00Z,Arizona Diamondbacks,1505.4742431640625
2024-09-17T01:38:00Z,Los Angeles Angels,1435.1092529296875
2024-09-17T01:38:00Z,Chicago White Sox,1482.6817626953125
2024-09-17T01:40:00Z,San Diego Padres,1524.1905517578125
2024-09-17T01:40:00Z,Houston Astros,1496.189208984375
2024-09-17T22:35:00Z,Baltimore Orioles,1438.970458984375
2024-09-17T22:35:00Z,San Francisco Giants,1475.639404296875
2024-09-17T22:40:00Z,Cleveland Guardians,1496.32958984375
2024-09-17T22:40:00Z,Minnesota Twins,1525.1732177734375
2024-09-17T22:40:00Z,Cincinnati Reds,1513.3819580078125
2024-09-17T22:40:00Z,Atlanta Braves,1473.42431640625
2024-09-17T22:40:00Z,Miami Marlins,1510.5989990234375
2024-09-17T22:40:00Z,Los Angeles Dodgers,1498.7568359375
2024-09-17T22:50:00Z,Tampa Bay Rays,1493.2926025390625
2024-09-17T22:50:00Z,Boston Red Sox,1466.2550048828125
2024-09-17T23:10:00Z,New York Mets,1533.087890625
2024-09-17T23:10:00Z,Washington Nationals,1499.816162109375
2024-09-17T23:40:00Z,Kansas City Royals,1479.0345458984375
2024-09-17T23:40:00Z,Detroit Tigers,1525.166748046875
2024-09-17T23:40:00Z,Chicago Cubs,1496.15185546875
2024-09-17T23:40:00Z,Oakland Athletics,1476.5361328125
2024-09-17T23:40:00Z,Milwaukee Brewers,1512.3970947265625
2024-09-17T23:40:00Z,Philadelphia Phillies,1544.4468994140625
2024-09-17T23:45:00Z,St. Louis Cardinals,1525.6766357421875
2024-09-17T23:45:00Z,Pittsburgh Pirates,1495.832275390625
2024-09-18T00:05:00Z,Texas Rangers,1516.3709716796875
2024-09-18T00:05:00Z,Toronto Blue Jays,1503.62060546875
2024-09-18T00:40:00Z,Colorado Rockies,1532.0369873046875
2024-09-18T00:40:00Z,Arizona Diamondbacks,1499.166015625
2024-09-18T01:38:00Z,Los Angeles Angels,1462.2462158203125
2024-09-18T01:38:00Z,Chicago White Sox,1455.5447998046875
2024-09-18T01:40:00Z,San Diego Padres,1496.883544921875
2024-09-18T01:40:00Z,Houston Astros,1523.4962158203125
2024-09-18T01:40:00Z,Seattle Mariners,1502.696044921875
2024-09-18T01:40:00Z,New York Yankees,1527.9698486328125
2024-09-18T18:20:00Z,Chicago Cubs,1470.6103515625
2024-09-18T18:20:00Z,Oakland Athletics,1502.07763671875
2024-09-18T19:10:00Z,Colorado Rockies,1503.9010009765625
2024-09-18T19:10:00Z,Arizona Diamondbacks,1527.302001953125
2024-09-18T20:07:00Z,Los Angeles Angels,1472.30322265625
2024-09-18T20:07:00Z,Chicago White Sox,1445.48779296875
2024-09-18T22:35:00Z,Baltimore Orioles,1431.66015625
2024-09-18T22:35:00Z,San Francisco Giants,1482.94970703125
2024-09-18T22:40:00Z,San Diego Padres,1518.64501953125
2024-09-18T22:40:00Z,Houston Astros,1501.7347412109375
2024-09-18T22:40:00Z,Cleveland Guardians,1518.7928466796875
2024-09-18T22:40:00Z,Minnesota Twins,1502.7099609375
2024-09-18T22:40:00Z,Cincinnati Reds,1484.26708984375
2024-09-18T22:40:00Z,Atlanta Braves,1502.5391845703125
2024-09-18T22:40:00Z,Miami Marlins,1487.09912109375
2024-09-18T22:40:00Z,Los Angeles Dodgers,1522.2567138671875
2024-09-18T22:50:00Z,Tampa Bay Rays,1466.1661376953125
2024-09-18T22:50:00Z,Boston Red Sox,1493.3814697265625
2024-09-18T23:10:00Z,New York Mets,1536.8896484375
2024-09-18T23:10:00Z,Washington Nationals,1496.014404296875
2024-09-18T23:40:00Z,Kansas City Royals,1473.8916015625
2024-09-18T23:40:00Z,Detroit Tigers,1530.3096923828125
2024-09-18T23:40:00Z,Milwaukee Brewers,1535.8184814453125
2024-09-18T23:40:00Z,Philadelphia Phillies,1521.0255126953125
2024-09-18T23:45:00Z,St. Louis Cardinals,1530.039794921875
2024-09-18T23:45:00Z,Pittsburgh Pirates,1491.4691162109375
2024-09-19T00:05:00Z,Texas Rangers,1524.612548828125
2024-09-19T00:05:00Z,Toronto Blue Jays,1495.3790283203125
2024-09-19T01:40:00Z,Seattle Mariners,1492.0235595703125
2024-09-19T01:40:00Z,New York Yankees,1538.642333984375
2024-09-19T17:05:00Z,Baltimore Orioles,1459.4617919921875
2024-09-19T17:05:00Z,San Francisco Giants,1455.1480712890625
2024-09-19T17:10:00Z,Cleveland Guardians,1526.1307373046875
2024-09-19T17:10:00Z,Minnesota Twins,1495.3720703125
2024-09-19T17:10:00Z,Cincinnati Reds,1471.1929931640625
2024-09-19T17:10:00Z,Atlanta Braves,1515.61328125
2024-09-19T18:35:00Z,Texas Rangers,1497.082763671875
2024-09-19T18:35:00Z,Toronto Blue Jays,1522.9088134765625
2024-09-19T20:10:00Z,Seattle Mariners,1518.9765625
2024-09-19T20:10:00Z,New York Yankees,1511.6893310546875
2024-09-19T20:40:00Z,Miami Marlins,1479.3887939453125
2024-09-19T20:40:00Z,Los Angeles Dodgers,1529.967041015625
2024-09-19T22:50:00Z,Tampa Bay Rays,1488.119873046875
2024-09-19T22:50:00Z,Boston Red Sox,1471.427734375
2024-09-19T23:15:00Z,St. Louis Cardinals,1501.0970458984375
2024-09-19T23:15:00Z,Pittsburgh Pirates,1520.411865234375
2024-09-19T23:15:00Z,New York Mets,1544.28466796875
2024-09-19T23:15:00Z,Philadelphia Phillies,1513.6304931640625
2024-09-19T23:15:00Z,Milwaukee Brewers,1513.3082275390625
2024-09-19T23:15:00Z,Arizona Diamondbacks,1549.812255859375
2024-09-19T23:40:00Z,Chicago Cubs,1491.98046875
2024-09-19T23:40:00Z,Washington Nationals,1474.644287109375
2024-09-20T00:10:00Z,Houston Astros,1506.1700439453125
2024-09-20T00:10:00Z,Los Angeles Angels,1467.867919921875
2024-09-20T18:20:00Z,Chicago Cubs,1498.9970703125
2024-09-20T18:20:00Z,Washington Nationals,1467.627685546875
2024-09-20T22:40:00Z,Cincinnati Reds,1498.6343994140625
2024-09-20T22:40:00Z,Pittsburgh Pirates,1492.970458984375
2024-09-20T22:50:00Z,Tampa Bay Rays,1512.309814453125
2024-09-20T22:50:00Z,Toronto Blue Jays,1498.7188720703125
2024-09-20T23:05:00Z,Baltimore Orioles,1489.6119384765625
2024-09-20T23:05:00Z,Detroit Tigers,1500.1595458984375
2024-09-20T23:10:00Z,Boston Red Sox,1460.3154296875
2024-09-20T23:10:00Z,Minnesota Twins,1506.484375
2024-09-20T23:10:00Z,New York Mets,1516.5091552734375
2024-09-20T23:10:00Z,Philadelphia Phillies,1541.406005859375
2024-09-20T23:10:00Z,Miami Marlins,1503.96240234375
2024-09-20T23:10:00Z,Atlanta Braves,1491.0396728515625
2024-09-21T00:05:00Z,Texas Rangers,1485.2760009765625
2024-09-21T00:05:00Z,Seattle Mariners,1530.7833251953125
2024-09-21T00:10:00Z,Houston Astros,1509.2615966796875
2024-09-21T00:10:00Z,Los Angeles Angels,1464.7763671875
2024-09-21T00:10:00Z,Kansas City Royals,1448.5596923828125
2024-09-21T00:10:00Z,San Francisco Giants,1480.47998046875
2024-09-21T00:10:00Z,Milwaukee Brewers,1505.9549560546875
2024-09-21T00:10:00Z,Arizona Diamondbacks,1557.16552734375
2024-09-21T00:15:00Z,St. Louis Cardinals,1490.3458251953125
2024-09-21T00:15:00Z,Cleveland Guardians,1536.8819580078125
2024-09-21T01:40:00Z,San Diego Padres,1519.3179931640625
2024-09-21T01:40:00Z,Chicago White Sox,1444.8148193359375
2024-09-21T01:40:00Z,Oakland Athletics,1485.84619140625
2024-09-21T01:40:00Z,New York Yankees,1527.9207763671875
2024-09-21T02:10:00Z,Los Angeles Dodgers,1535.0283203125
2024-09-21T02:10:00Z,Colorado Rockies,1498.8397216796875
2024-09-21T17:10:00Z,Cincinnati Reds,1509.0238037109375
2024-09-21T17:10:00Z,Pittsburgh Pirates,1482.5810546875
2024-09-21T18:20:00Z,Chicago Cubs,1471.102294921875
2024-09-21T18:20:00Z,Washington Nationals,1495.5224609375
2024-09-21T20:05:00Z,Baltimore Orioles,1473.7252197265625
2024-09-21T20:05:00Z,Detroit Tigers,1516.0462646484375
2024-09-21T20:10:00Z,Tampa Bay Rays,1520.3167724609375
2024-09-21T20:10:00Z,Toronto Blue Jays,1490.7119140625
2024-09-21T20:10:00Z,New York Mets,1537.712890625
2024-09-21T20:10:00Z,Philadelphia Phillies,1520.2022705078125
2024-09-21T20:10:00Z,Miami Marlins,1480.155517578125
2024-09-21T20:10:00Z,Atlanta Braves,1514.8465576171875
2024-09-21T21:10:00Z,Kansas City Royals,1439.943603515625
2024-09-21T21:10:00Z,San Francisco Giants,1489.0960693359375
2024-09-21T23:05:00Z,Texas Rangers,1480.007568359375
2024-09-21T23:05:00Z,Seattle Mariners,1536.0517578125
2024-09-21T23:10:00Z,Houston Astros,1511.6441650390625
2024-09-21T23:10:00Z,Los Angeles Angels,1462.393798828125
2024-09-21T23:10:00Z,Milwaukee Brewers,1501.7432861328125
2024-09-21T23:10:00Z,Arizona Diamondbacks,1561.377197265625
2024-09-21T23:15:00Z,St. Louis Cardinals,1517.2825927734375
2024-09-21T23:15:00Z,Cleveland Guardians,1509.9451904296875
2024-09-22T00:40:00Z,San Diego Padres,1519.9512939453125
2024-09-22T00:40:00Z,Chicago White Sox,1444.1815185546875
2024-09-22T01:07:00Z,Oakland Athletics,1479.8447265625
2024-09-22T01:07:00Z,New York Yankees,1533.9222412109375
2024-09-22T01:10:00Z,Los Angeles Dodgers,1506.402587890625
2024-09-22T01:10:00Z,Colorado Rockies,1527.4654541015625
2024-09-22T16:35:00Z,Boston Red Sox,1487.1798095703125
2024-09-22T16:35:00Z,Minnesota Twins,1479.6199951171875
2024-09-22T17:10:00Z,Cincinnati Reds,1482.0115966796875
2024-09-22T17:10:00Z,Pittsburgh Pirates,1509.59326171875
2024-09-22T17:35:00Z,Baltimore Orioles,1467.7789306640625
2024-09-22T17:35:00Z,Detroit Tigers,1521.9925537109375
2024-09-22T17:40:00Z,Tampa Bay Rays,1524.7216796875
2024-09-22T17:40:00Z,Toronto Blue Jays,1486.3070068359375
2024-09-22T17:40:00Z,Miami Marlins,1472.31884765625
2024-09-22T17:40:00Z,Atlanta Braves,1522.6832275390625
2024-09-22T18:10:00Z,Houston Astros,1481.5858154296875
2024-09-22T18:10:00Z,Los Angeles Angels,1492.4521484375
2024-09-22T18:10:00Z,Kansas City Royals,1435.373046875
2024-09-22T18:10:00Z,San Francisco Giants,1493.6666259765625
2024-09-22T18:10:00Z,Milwaukee Brewers,1530.759521484375
2024-09-22T18:10:00Z,Arizona Diamondbacks,1532.3609619140625
2024-09-22T18:15:00Z,St. Louis Cardinals,1527.138671875
2024-09-22T18:15:00Z,Cleveland Guardians,1500.089111328125
2024-09-22T18:20:00Z,Chicago Cubs,1492.1484375
2024-09-22T18:20:00Z,Washington Nationals,1474.476318359375
2024-09-22T18:35:00Z,Texas Rangers,1508.5455322265625
2024-09-22T18:35:00Z,Seattle Mariners,1507.5137939453125
2024-09-22T20:07:00Z,Oakland Athletics,1476.0928955078125
2024-09-22T20:07:00Z,New York Yankees,1537.674072265625
2024-09-22T20:10:00Z,Los Angeles Dodgers,1526.309326171875
2024-09-22T20:10:00Z,Colorado Rockies,1507.5587158203125
2024-09-22T20:10:00Z,San Diego Padres,1520.54931640625
2024-09-22T20:10:00Z,Chicago White Sox,1443.58349609375
2024-09-22T21:35:00Z,Boston Red Sox,1496.9661865234375
2024-09-22T21:35:00Z,Minnesota Twins,1469.8336181640625
2024-09-22T23:15:00Z,New York Mets,1544.685546875
2024-09-22T23:15:00Z,Philadelphia Phillies,1513.2296142578125
2024-09-23T22:40:00Z,Philadelphia Phillies,1519.34716796875
2024-09-23T22:40:00Z,Chicago Cubs,1486.0308837890625
2024-09-23T23:07:00Z,Toronto Blue Jays,1470.46142578125
2024-09-23T23:07:00Z,Boston Red Sox,1512.811767578125
2024-09-24T00:10:00Z,Houston Astros,1471.1265869140625
2024-09-24T00:10:00Z,Seattle Mariners,1517.9730224609375
2024-09-24T01:40:00Z,Arizona Diamondbacks,1503.4024658203125
2024-09-24T01:40:00Z,San Francisco Giants,1522.6251220703125
2024-09-24T17:10:00Z,Detroit Tigers,1535.252685546875
2024-09-24T17:10:00Z,Tampa Bay Rays,1511.4615478515625
2024-09-24T22:40:00Z,Cleveland Guardians,1506.9205322265625
2024-09-24T22:40:00Z,Cincinnati Reds,1475.18017578125
2024-09-24T22:40:00Z,Philadelphia Phillies,1491.14208984375
2024-09-24T22:40:00Z,Chicago Cubs,1514.2359619140625
2024-09-24T22:40:00Z,Pittsburgh Pirates,1497.5357666015625
2024-09-24T22:40:00Z,Milwaukee Brewers,1542.8170166015625
2024-09-24T22:45:00Z,Washington Nationals,1445.4664306640625
2024-09-24T22:45:00Z,Kansas City Royals,1464.3829345703125
2024-09-24T23:05:00Z,New York Yankees,1506.4534912109375
2024-09-24T23:05:00Z,Baltimore Orioles,1498.99951171875
2024-09-24T23:07:00Z,Toronto Blue Jays,1464.5216064453125
2024-09-24T23:07:00Z,Boston Red Sox,1518.7515869140625
2024-09-24T23:20:00Z,Atlanta Braves,1542.9136962890625
2024-09-24T23:20:00Z,New York Mets,1524.455078125
2024-09-24T23:40:00Z,Chicago White Sox,1470.9615478515625
2024-09-24T23:40:00Z,Los Angeles Angels,1465.0740966796875
2024-09-24T23:40:00Z,Minnesota Twins,1451.006591796875
2024-09-24T23:40:00Z,Miami Marlins,1491.1458740234375
2024-09-25T00:10:00Z,Houston Astros,1498.1240234375
2024-09-25T00:10:00Z,Seattle Mariners,1490.9755859375
2024-09-25T00:40:00Z,Colorado Rockies,1494.9476318359375
2024-09-25T00:40:00Z,St. Louis Cardinals,1539.749755859375
2024-09-25T01:40:00Z,Arizona Diamondbacks,1490.6654052734375
2024-09-25T01:40:00Z,San Francisco Giants,1535.3621826171875
2024-09-25T01:40:00Z,Oakland Athletics,1499.6302490234375
2024-09-25T01:40:00Z,Texas Rangers,1485.0081787109375
2024-09-25T02:10:00Z,Los Angeles Dodgers,1504.667724609375
2024-09-25T02:10:00Z,San Diego Padres,1542.19091796875
2024-09-25T18:10:00Z,Houston Astros,1476.03955078125
2024-09-25T18:10:00Z,Seattle Mariners,1513.06005859375
2024-09-25T22:05:00Z,Philadelphia Phillies,1511.7440185546875
2024-09-25T22:05:00Z,Chicago Cubs,1493.634033203125
2024-09-25T22:40:00Z,Cleveland Guardians,1510.9649658203125
2024-09-25T22:40:00Z,Cincinnati Reds,1471.1357421875
2024-09-25T22:40:00Z,Detroit Tigers,1540.7764892578125
2024-09-25T22:40:00Z,Tampa Bay Rays,1505.937744140625
2024-09-25T22:40:00Z,Pittsburgh Pirates,1524.221435546875
2024-09-25T22:40:00Z,Milwaukee Brewers,1516.13134765625
2024-09-25T22:45:00Z,Washington Nationals,1432.62109375
2024-09-25T22:45:00Z,Kansas City Royals,1477.228271484375
2024-09-25T23:05:00Z,New York Yankees,1484.2730712890625
2024-09-25T23:05:00Z,Baltimore Orioles,1521.179931640625
2024-09-25T23:07:00Z,Toronto Blue Jays,1492.79296875
2024-09-25T23:07:00Z,Boston Red Sox,1490.480224609375
2024-09-25T23:40:00Z,Chicago White Sox,1481.27880859375
2024-09-25T23:40:00Z,Los Angeles Angels,1454.7568359375
2024-09-25T23:40:00Z,Minnesota Twins,1476.5584716796875
2024-09-25T23:40:00Z,Miami Marlins,1465.593994140625
2024-09-26T00:40:00Z,Colorado Rockies,1489.5347900390625
2024-09-26T00:40:00Z,St. Louis Cardinals,1545.16259765625
2024-09-26T01:40:00Z,Arizona Diamondbacks,1517.230712890625
2024-09-26T01:40:00Z,San Francisco Giants,1508.796875
2024-09-26T01:40:00Z,Oakland Athletics,1475.35546875
2024-09-26T01:40:00Z,Texas Rangers,1509.282958984375
2024-09-26T02:10:00Z,Los Angeles Dodgers,1529.576904296875
2024-09-26T02:10:00Z,San Diego Padres,1517.28173828125
2024-09-26T16:35:00Z,Pittsburgh Pirates,1501.8427734375
2024-09-26T16:35:00Z,Milwaukee Brewers,1538.510009765625
2024-09-26T17:05:00Z,Washington Nationals,1427.167724609375
2024-09-26T17:05:00Z,Kansas City Royals,1482.681640625
2024-09-26T17:10:00Z,Detroit Tigers,1544.3431396484375
2024-09-26T17:10:00Z,Tampa Bay Rays,1502.37109375
2024-09-26T18:10:00Z,Chicago White Sox,1486.251220703125
2024-09-26T18:10:00Z,Los Angeles Angels,1449.784423828125
2024-09-26T19:10:00Z,Colorado Rockies,1518.0130615234375
2024-09-26T19:10:00Z,St. Louis Cardinals,1516.684326171875
2024-09-26T19:37:00Z,Oakland Athletics,1499.308837890625
2024-09-26T19:37:00Z,Texas Rangers,1485.32958984375
2024-09-26T23:05:00Z,New York Yankees,1509.0244140625
2024-09-26T23:05:00Z,Baltimore Orioles,1496.4285888671875
2024-09-26T23:40:00Z,Minnesota Twins,1453.313232421875
2024-09-26T23:40:00Z,Miami Marlins,1488.8392333984375
2024-09-27T02:10:00Z,Los Angeles Dodgers,1537.9473876953125
2024-09-27T02:10:00Z,San Diego Padres,1508.9112548828125
2024-09-27T18:20:00Z,Chicago Cubs,1499.4351806640625
2024-09-27T18:20:00Z,Cincinnati Reds,1465.3345947265625
2024-09-27T22:40:00Z,Detroit Tigers,1545.662109375
2024-09-27T22:40:00Z,Chicago White Sox,1484.9322509765625
2024-09-27T22:45:00Z,Washington Nationals,1458.1573486328125
2024-09-27T22:45:00Z,Philadelphia Phillies,1480.75439453125
2024-09-27T23:05:00Z,New York Yankees,1486.9295654296875
2024-09-27T23:05:00Z,Pittsburgh Pirates,1523.9376220703125
2024-09-27T23:07:00Z,Toronto Blue Jays,1471.7423095703125
2024-09-27T23:07:00Z,Miami Marlins,1509.889892578125
2024-09-27T23:10:00Z,Cleveland Guardians,1482.5189208984375
2024-09-27T23:10:00Z,Houston Astros,1504.485595703125
2024-09-27T23:10:00Z,Boston Red Sox,1475.088134765625
2024-09-27T23:10:00Z,Tampa Bay Rays,1517.76318359375
2024-09-27T23:20:00Z,Atlanta Braves,1544.113525390625
2024-09-27T23:20:00Z,Kansas City Royals,1481.4818115234375
2024-09-28T00:10:00Z,Colorado Rockies,1505.5263671875
2024-09-28T00:10:00Z,Los Angeles Dodgers,1550.43408203125
2024-09-28T00:10:00Z,Minnesota Twins,1447.5419921875
2024-09-28T00:10:00Z,Baltimore Orioles,1502.1998291015625
2024-09-28T00:10:00Z,Milwaukee Brewers,1546.389404296875
2024-09-28T00:10:00Z,New York Mets,1516.57568359375
2024-09-28T01:38:00Z,Los Angeles Angels,1442.1781005859375
2024-09-28T01:38:00Z,Texas Rangers,1492.9359130859375
2024-09-28T01:40:00Z,Arizona Diamondbacks,1494.7811279296875
2024-09-28T01:40:00Z,San Diego Padres,1531.36083984375
2024-09-28T02:10:00Z,Seattle Mariners,1521.0228271484375
2024-09-28T02:10:00Z,Oakland Athletics,1491.3460693359375
2024-09-28T02:15:00Z,San Francisco Giants,1491.9310302734375
2024-09-28T02:15:00Z,St. Louis Cardinals,1533.5501708984375
2024-09-28T17:05:00Z,New York Yankees,1479.7069091796875
2024-09-28T17:05:00Z,Pittsburgh Pirates,1531.1602783203125
2024-09-28T17:10:00Z,Detroit Tigers,1514.835693359375
2024-09-28T17:10:00Z,Chicago White Sox,1515.7586669921875
2024-09-28T18:20:00Z,Chicago Cubs,1503.1109619140625
2024-09-28T18:20:00Z,Cincinnati Reds,1461.6588134765625
2024-09-28T19:07:00Z,Toronto Blue Jays,1464.8089599609375
2024-09-28T19:07:00Z,Miami Marlins,1516.8232421875
2024-09-28T20:05:00Z,San Francisco Giants,1517.82666015625
2024-09-28T20:05:00Z,St. Louis Cardinals,1507.654541015625
2024-09-28T20:05:00Z,Washington Nationals,1478.5908203125
2024-09-28T20:05:00Z,Philadelphia Phillies,1460.3209228515625
2024-09-28T20:10:00Z,Boston Red Sox,1469.2203369140625
2024-09-28T20:10:00Z,Tampa Bay Rays,1523.6309814453125
2024-09-28T22:10:00Z,Cleveland Guardians,1470.7371826171875
2024-09-28T22:10:00Z,Houston Astros,1516.267333984375
2024-09-28T23:15:00Z,Minnesota Twins,1443.8778076171875
2024-09-28T23:15:00Z,Baltimore Orioles,1505.864013671875
2024-09-28T23:15:00Z,Milwaukee Brewers,1550.7579345703125
2024-09-28T23:15:00Z,New York Mets,1512.2071533203125
2024-09-28T23:20:00Z,Atlanta Braves,1545.1920166015625
2024-09-28T23:20:00Z,Kansas City Royals,1480.4033203125
2024-09-29T00:10:00Z,Colorado Rockies,1500.1353759765625
2024-09-29T00:10:00Z,Los Angeles Dodgers,1555.8250732421875
2024-09-29T00:10:00Z,Arizona Diamondbacks,1487.4476318359375
2024-09-29T00:10:00Z,San Diego Padres,1538.6943359375
2024-09-29T01:38:00Z,Los Angeles Angels,1437.8896484375
2024-09-29T01:38:00Z,Texas Rangers,1497.224365234375
2024-09-29T01:40:00Z,Seattle Mariners,1525.4151611328125
2024-09-29T01:40:00Z,Oakland Athletics,1486.9537353515625
2024-09-29T19:05:00Z,San Francisco Giants,1494.8154296875
2024-09-29T19:05:00Z,St. Louis Cardinals,1530.665771484375
2024-09-29T19:05:00Z,Boston Red Sox,1497.51904296875
2024-09-29T19:05:00Z,Tampa Bay Rays,1495.332275390625
2024-09-29T19:05:00Z,Washington Nationals,1453.374755859375
2024-09-29T19:05:00Z,Philadelphia Phillies,1485.5369873046875
2024-09-29T19:05:00Z,New York Yankees,1507.5360107421875
2024-09-29T19:05:00Z,Pittsburgh Pirates,1503.3311767578125
2024-09-29T19:07:00Z,Los Angeles Angels,1434.868408203125
2024-09-29T19:07:00Z,Texas Rangers,1500.24560546875
2024-09-29T19:07:00Z,Toronto Blue Jays,1460.7308349609375
2024-09-29T19:07:00Z,Miami Marlins,1520.9013671875
2024-09-29T19:10:00Z,Colorado Rockies,1496.62255859375
2024-09-29T19:10:00Z,Los Angeles Dodgers,1559.337890625
2024-09-29T19:10:00Z,Arizona Diamondbacks,1515.2420654296875
2024-09-29T19:10:00Z,San Diego Padres,1510.89990234375
2024-09-29T19:10:00Z,Seattle Mariners,1528.486328125
2024-09-29T19:10:00Z,Oakland Athletics,1483.882568359375
2024-09-29T19:10:00Z,Minnesota Twins,1441.174560546875
2024-09-29T19:10:00Z,Baltimore Orioles,1508.5672607421875
2024-09-29T19:10:00Z,Detroit Tigers,1495.454833984375
2024-09-29T19:10:00Z,Chicago White Sox,1535.1395263671875
2024-09-29T19:10:00Z,Milwaukee Brewers,1521.8177490234375
2024-09-29T19:10:00Z,New York Mets,1541.1473388671875
2024-09-29T19:20:00Z,Chicago Cubs,1473.8204345703125
2024-09-29T19:20:00Z,Cincinnati Reds,1490.9493408203125
2024-09-29T19:20:00Z,Atlanta Braves,1514.171630859375
2024-09-29T19:20:00Z,Kansas City Royals,1511.4237060546875
2024-09-30T17:10:00Z,Atlanta Braves,1504.0491943359375
2024-09-30T17:10:00Z,New York Mets,1551.269775390625
2024-09-30T17:15:00Z,Atlanta Braves,1531.118896484375
2024-09-30T17:15:00Z,New York Mets,1524.2000732421875
